order_id,order_date,customer_id,product_id,quantity,discount_pct,unit_price,sales,cost,profit,payment_method,order_status,delivery_days,product_name,category,subcategory,base_price,customer_name,region,city,signup_date,year,month,month_name
ORD000001,2025-05-20,CUST00860,PROD0081,1,0.1,335.54,301.99,217.37,84.62,Debit Card,Cancelled,,Accessories Product 81,Electronics,Accessories,335.69,Customer 860,West,Mumbai,2024-07-27,2025,5,May
ORD000002,2025-08-25,CUST01210,PROD0117,2,0.15,265.88,452.0,361.92,90.08,Credit Card,Delivered,2.0,Furniture Product 117,Home & Kitchen,Furniture,272.76,Customer 1210,East,Kolkata,2024-08-29,2025,8,Aug
ORD000003,2025-03-13,CUST01277,PROD0038,1,0.0,690.85,690.85,528.37,162.48,Net Banking,Delivered,4.0,Laptops Product 38,Electronics,Laptops,723.36,Customer 1277,Central,Kanpur,2024-04-15,2025,3,Mar
ORD000004,2025-06-04,CUST00013,PROD0099,4,0.0,192.37,769.48,556.81,212.67,UPI,Returned,4.0,Fitness Product 99,Sports,Fitness,192.87,Customer 13,East,Bhubaneswar,2023-09-04,2025,6,Jun
ORD000005,2025-07-09,CUST00299,PROD0111,3,0.1,71.89,194.1,113.59,80.51,Net Banking,Returned,5.0,Fiction Product 111,Books,Fiction,64.59,Customer 299,North,Delhi,2024-07-08,2025,7,Jul
ORD000006,2025-09-25,CUST01100,PROD0103,2,0.05,38.14,72.47,47.83,24.64,UPI,Delivered,4.0,Women Product 103,Fashion,Women,39.19,Customer 1100,South,Chennai,2024-07-16,2025,9,Sep
ORD000007,2025-11-17,CUST01075,PROD0094,1,0.25,26.83,20.12,11.95,8.17,Debit Card,Delivered,4.0,Footwear Product 94,Fashion,Footwear,27.18,Customer 1075,South,Bengaluru,2023-05-18,2025,11,Nov
ORD000008,2025-04-17,CUST00787,PROD0006,3,0.1,77.47,209.17,137.5,71.67,Credit Card,Delivered,2.0,Decor Product 6,Home & Kitchen,Decor,78.58,Customer 787,West,Ahmedabad,2024-06-24,2025,4,Apr
ORD000009,2025-08-20,CUST00149,PROD0068,1,0.0,99.63,99.63,59.28,40.35,Debit Card,Delivered,1.0,Kitchen Product 68,Home & Kitchen,Kitchen,98.06,Customer 149,North,Chandigarh,2024-05-29,2025,8,Aug
ORD000010,2025-02-11,CUST00122,PROD0051,4,0.1,199.78,719.21,446.11,273.1,Credit Card,Delivered,7.0,Furniture Product 51,Home & Kitchen,Furniture,183.5,Customer 122,South,Bengaluru,2024-04-15,2025,2,Feb
ORD000011,2025-07-09,CUST01235,PROD0101,2,0.05,323.03,613.76,416.48,197.28,Net Banking,Delivered,3.0,Laptops Product 101,Electronics,Laptops,322.89,Customer 1235,West,Pune,2024-12-28,2025,7,Jul
ORD000012,2025-05-19,CUST01304,PROD0035,4,0.0,34.11,136.44,96.0,40.44,UPI,Delivered,3.0,Footwear Product 35,Fashion,Footwear,31.55,Customer 1304,Central,Indore,2024-03-14,2025,5,May
ORD000013,2025-04-13,CUST00538,PROD0058,1,0.05,182.9,173.76,109.84,63.92,UPI,Delivered,1.0,Footwear Product 58,Fashion,Footwear,193.95,Customer 538,West,Pune,2023-10-31,2025,4,Apr
ORD000014,2025-06-20,CUST01180,PROD0057,4,0.25,33.98,101.94,77.05,24.89,UPI,Delivered,2.0,Fitness Product 57,Sports,Fitness,30.92,Customer 1180,North,Jaipur,2023-10-23,2025,6,Jun
ORD000015,2025-12-17,CUST01262,PROD0073,1,0.05,8.98,8.53,6.16,2.37,Debit Card,Delivered,7.0,Business Product 73,Books,Business,9.38,Customer 1262,Central,Kanpur,2024-02-24,2025,12,Dec
ORD000016,2025-09-30,CUST00376,PROD0006,3,0.05,72.91,207.79,155.02,52.77,Credit Card,Delivered,4.0,Decor Product 6,Home & Kitchen,Decor,78.58,Customer 376,Central,Nagpur,2024-12-14,2025,9,Sep
ORD000017,2025-08-09,CUST00082,PROD0013,3,0.05,732.13,2086.57,1577.16,509.41,Credit Card,Delivered,3.0,Laptops Product 13,Electronics,Laptops,769.31,Customer 82,North,Chandigarh,2024-10-06,2025,8,Aug
ORD000018,2025-08-01,CUST00492,PROD0059,2,0.0,93.2,186.4,140.63,45.77,Net Banking,Delivered,6.0,Haircare Product 59,Beauty,Haircare,97.27,Customer 492,West,Mumbai,2024-02-23,2025,8,Aug
ORD000019,2025-12-07,CUST00356,PROD0086,4,0.0,369.19,1476.76,1188.34,288.42,Net Banking,Delivered,4.0,Audio Product 86,Electronics,Audio,361.35,Customer 356,Central,Kanpur,2024-03-27,2025,12,Dec
ORD000020,2025-02-25,CUST00925,PROD0092,2,0.15,58.18,98.91,63.0,35.91,UPI,Delivered,5.0,Haircare Product 92,Beauty,Haircare,57.6,Customer 925,Central,Kanpur,2024-04-14,2025,2,Feb
ORD000021,2025-12-08,CUST01297,PROD0030,4,0.25,356.85,1070.55,690.33,380.22,Credit Card,Delivered,3.0,Decor Product 30,Home & Kitchen,Decor,335.65,Customer 1297,Central,Kanpur,2023-12-09,2025,12,Dec
ORD000022,2025-04-12,CUST01068,PROD0116,3,0.0,47.89,143.67,86.58,57.09,UPI,Delivered,3.0,Men Product 116,Fashion,Men,51.48,Customer 1068,Central,Kanpur,2024-03-17,2025,4,Apr
ORD000023,2025-07-11,CUST01005,PROD0100,1,0.1,107.27,96.54,69.72,26.82,Net Banking,Delivered,1.0,Men Product 100,Fashion,Men,105.21,Customer 1005,East,Patna,2025-04-07,2025,7,Jul
ORD000024,2025-11-06,CUST00123,PROD0002,4,0.25,29.48,88.44,59.68,28.76,Net Banking,Returned,5.0,Decor Product 2,Home & Kitchen,Decor,29.88,Customer 123,North,Delhi,2023-06-30,2025,11,Nov
ORD000025,2025-07-19,CUST01373,PROD0058,2,0.0,202.9,405.8,283.69,122.11,Net Banking,Delivered,2.0,Footwear Product 58,Fashion,Footwear,193.95,Customer 1373,East,Kolkata,2023-07-10,2025,7,Jul
ORD000026,2025-08-21,CUST00708,PROD0036,1,0.0,348.81,348.81,216.53,132.28,Debit Card,Delivered,5.0,Furniture Product 36,Home & Kitchen,Furniture,375.57,Customer 708,South,Bengaluru,2025-01-27,2025,8,Aug
ORD000027,2025-08-15,CUST00330,PROD0072,3,0.2,14.84,35.62,26.21,9.41,Credit Card,Delivered,2.0,Technology Product 72,Books,Technology,16.01,Customer 330,North,Chandigarh,2023-11-27,2025,8,Aug
ORD000028,2025-05-19,CUST01433,PROD0045,1,0.15,185.1,157.33,114.63,42.7,Credit Card,Delivered,2.0,Kitchen Product 45,Home & Kitchen,Kitchen,184.1,Customer 1433,West,Pune,2023-09-30,2025,5,May
ORD000029,2025-12-10,CUST00991,PROD0106,1,0.0,165.33,165.33,106.4,58.93,Credit Card,Returned,6.0,Women Product 106,Fashion,Women,152.76,Customer 991,North,Lucknow,2023-06-10,2025,12,Dec
ORD000030,2025-11-01,CUST00323,PROD0114,1,0.05,579.83,550.84,381.02,169.82,UPI,Delivered,3.0,Audio Product 114,Electronics,Audio,550.01,Customer 323,South,Chennai,2024-04-08,2025,11,Nov
ORD000031,2025-05-29,CUST01135,PROD0009,1,0.0,278.52,278.52,221.32,57.2,COD,Delivered,2.0,Furniture Product 9,Home & Kitchen,Furniture,301.64,Customer 1135,Central,Bhopal,2023-09-17,2025,5,May
ORD000032,2025-04-25,CUST00770,PROD0065,2,0.05,170.86,324.63,248.55,76.08,Credit Card,Delivered,6.0,Women Product 65,Fashion,Women,178.78,Customer 770,East,Kolkata,2023-11-01,2025,4,Apr
ORD000033,2025-03-04,CUST01113,PROD0077,4,0.15,133.27,453.12,287.49,165.63,COD,Delivered,3.0,Accessories Product 77,Fashion,Accessories,138.05,Customer 1113,West,Ahmedabad,2025-06-25,2025,3,Mar
ORD000034,2025-04-14,CUST00433,PROD0050,3,0.1,95.44,257.69,203.81,53.88,Net Banking,Delivered,2.0,Smartphones Product 50,Electronics,Smartphones,95.0,Customer 433,North,Delhi,2024-12-19,2025,4,Apr
ORD000035,2025-12-05,CUST00710,PROD0079,1,0.1,249.85,224.86,134.05,90.81,Net Banking,Cancelled,,Appliances Product 79,Home & Kitchen,Appliances,240.86,Customer 710,South,Bengaluru,2024-02-18,2025,12,Dec
ORD000036,2025-12-25,CUST00794,PROD0032,1,0.05,13.61,12.93,8.78,4.15,Credit Card,Delivered,4.0,Skincare Product 32,Beauty,Skincare,14.13,Customer 794,Central,Nagpur,2025-04-01,2025,12,Dec
ORD000037,2025-06-05,CUST00712,PROD0098,1,0.0,122.65,122.65,73.5,49.15,UPI,Delivered,3.0,Fragrance Product 98,Beauty,Fragrance,123.08,Customer 712,South,Hyderabad,2024-09-29,2025,6,Jun
ORD000038,2025-09-30,CUST01123,PROD0043,1,0.0,52.63,52.63,42.2,10.43,UPI,Delivered,6.0,Skincare Product 43,Beauty,Skincare,50.76,Customer 1123,South,Bengaluru,2024-10-06,2025,9,Sep
ORD000039,2025-01-06,CUST00539,PROD0095,2,0.15,37.22,63.27,37.31,25.96,Credit Card,Delivered,3.0,Business Product 95,Books,Business,37.34,Customer 539,South,Hyderabad,2024-05-17,2025,1,Jan
ORD000040,2025-05-27,CUST00601,PROD0078,1,0.1,103.11,92.8,57.19,35.61,UPI,Delivered,2.0,Fitness Product 78,Sports,Fitness,108.69,Customer 601,Central,Nagpur,2023-07-24,2025,5,May
ORD000041,2025-07-03,CUST01170,PROD0054,2,0.0,97.65,195.3,156.16,39.14,UPI,Delivered,2.0,Makeup Product 54,Beauty,Makeup,95.89,Customer 1170,East,Kolkata,2025-03-14,2025,7,Jul
ORD000042,2025-01-28,CUST00257,PROD0047,3,0.05,18.32,52.21,37.58,14.63,Debit Card,Delivered,2.0,Men Product 47,Fashion,Men,18.6,Customer 257,North,Jaipur,2025-04-28,2025,1,Jan
ORD000043,2025-02-07,CUST01213,PROD0014,3,0.15,140.24,357.61,275.66,81.95,Net Banking,Delivered,3.0,Accessories Product 14,Electronics,Accessories,128.33,Customer 1213,North,Jaipur,2024-01-01,2025,2,Feb
ORD000044,2025-04-29,CUST01264,PROD0048,3,0.1,117.81,318.09,185.74,132.35,Net Banking,Cancelled,,Fragrance Product 48,Beauty,Fragrance,109.58,Customer 1264,North,Delhi,2023-01-13,2025,4,Apr
ORD000045,2025-10-20,CUST00871,PROD0055,2,0.05,275.62,523.68,356.41,167.27,UPI,Delivered,3.0,Fitness Product 55,Sports,Fitness,287.69,Customer 871,East,Patna,2024-02-18,2025,10,Oct
ORD000046,2025-09-01,CUST00899,PROD0029,1,0.05,53.55,50.87,41.52,9.35,COD,Delivered,2.0,Women Product 29,Fashion,Women,56.34,Customer 899,West,Pune,2024-12-21,2025,9,Sep
ORD000047,2025-03-09,CUST00809,PROD0047,1,0.0,18.41,18.41,13.24,5.17,Debit Card,Delivered,5.0,Men Product 47,Fashion,Men,18.6,Customer 809,West,Pune,2023-07-18,2025,3,Mar
ORD000048,2025-08-02,CUST00677,PROD0063,4,0.15,274.29,932.59,731.08,201.51,Debit Card,Delivered,3.0,Kitchen Product 63,Home & Kitchen,Kitchen,273.62,Customer 677,North,Jaipur,2023-03-28,2025,8,Aug
ORD000049,2025-08-06,CUST00271,PROD0019,4,0.1,236.59,851.72,690.96,160.76,UPI,Delivered,3.0,Decor Product 19,Home & Kitchen,Decor,213.84,Customer 271,Central,Bhopal,2023-03-19,2025,8,Aug
ORD000050,2025-06-26,CUST00550,PROD0091,1,0.15,37.67,32.02,23.84,8.18,Debit Card,Delivered,1.0,Technology Product 91,Books,Technology,38.43,Customer 550,West,Surat,2024-11-16,2025,6,Jun
ORD000051,2025-10-26,CUST01138,PROD0009,1,0.2,329.85,263.88,173.8,90.08,Debit Card,Delivered,3.0,Furniture Product 9,Home & Kitchen,Furniture,301.64,Customer 1138,South,Kochi,2024-09-07,2025,10,Oct
ORD000052,2025-06-13,CUST01363,PROD0101,4,0.25,329.69,989.07,646.92,342.15,Credit Card,Delivered,2.0,Laptops Product 101,Electronics,Laptops,322.89,Customer 1363,East,Bhubaneswar,2024-08-29,2025,6,Jun
ORD000053,2025-02-27,CUST00568,PROD0037,1,0.0,212.79,212.79,127.06,85.73,UPI,Returned,2.0,Sportswear Product 37,Sports,Sportswear,193.95,Customer 568,Central,Indore,2024-01-04,2025,2,Feb
ORD000054,2025-09-26,CUST00986,PROD0107,1,0.0,212.76,212.76,145.24,67.52,Net Banking,Delivered,3.0,Equipment Product 107,Sports,Equipment,200.64,Customer 986,West,Ahmedabad,2025-04-17,2025,9,Sep
ORD000055,2025-11-04,CUST00359,PROD0092,1,0.1,61.15,55.04,44.02,11.02,COD,Delivered,3.0,Haircare Product 92,Beauty,Haircare,57.6,Customer 359,South,Kochi,2023-03-25,2025,11,Nov
ORD000056,2025-02-27,CUST01358,PROD0052,2,0.0,59.4,118.8,82.53,36.27,Net Banking,Delivered,2.0,Self Help Product 52,Books,Self Help,58.02,Customer 1358,North,Lucknow,2024-01-25,2025,2,Feb
ORD000057,2025-10-15,CUST01193,PROD0057,2,0.15,33.64,57.19,45.67,11.52,UPI,Delivered,4.0,Fitness Product 57,Sports,Fitness,30.92,Customer 1193,South,Bengaluru,2023-06-30,2025,10,Oct
ORD000058,2025-04-15,CUST01363,PROD0088,2,0.2,79.31,126.9,98.49,28.41,Credit Card,Delivered,5.0,Accessories Product 88,Fashion,Accessories,81.69,Customer 1363,East,Bhubaneswar,2024-08-29,2025,4,Apr
ORD000059,2025-08-16,CUST00798,PROD0028,3,0.1,18.11,48.9,39.91,8.99,UPI,Returned,5.0,Equipment Product 28,Sports,Equipment,16.44,Customer 798,West,Ahmedabad,2025-04-03,2025,8,Aug
ORD000060,2025-09-04,CUST01285,PROD0036,2,0.05,393.36,747.38,603.47,143.91,Debit Card,Delivered,2.0,Furniture Product 36,Home & Kitchen,Furniture,375.57,Customer 1285,North,Chandigarh,2023-07-09,2025,9,Sep
ORD000061,2025-07-07,CUST00887,PROD0116,3,0.0,51.88,155.64,116.66,38.98,Net Banking,Delivered,3.0,Men Product 116,Fashion,Men,51.48,Customer 887,South,Kochi,2023-05-16,2025,7,Jul
ORD000062,2025-03-24,CUST01223,PROD0064,1,0.05,554.45,526.73,415.64,111.09,UPI,Delivered,5.0,Decor Product 64,Home & Kitchen,Decor,496.62,Customer 1223,South,Chennai,2023-12-16,2025,3,Mar
ORD000063,2025-07-05,CUST00211,PROD0018,2,0.15,240.72,409.22,310.82,98.4,COD,Cancelled,,Furniture Product 18,Home & Kitchen,Furniture,220.36,Customer 211,West,Mumbai,2025-04-12,2025,7,Jul
ORD000064,2025-09-09,CUST00287,PROD0089,2,0.05,503.0,955.7,715.64,240.06,Debit Card,Delivered,5.0,Kitchen Product 89,Home & Kitchen,Kitchen,468.17,Customer 287,East,Ranchi,2024-03-28,2025,9,Sep
ORD000065,2025-12-21,CUST00743,PROD0035,1,0.0,30.75,30.75,23.12,7.63,UPI,Delivered,1.0,Footwear Product 35,Fashion,Footwear,31.55,Customer 743,West,Ahmedabad,2023-01-19,2025,12,Dec
ORD000066,2025-08-26,CUST01496,PROD0068,1,0.05,109.31,103.84,78.2,25.64,UPI,Delivered,2.0,Kitchen Product 68,Home & Kitchen,Kitchen,98.06,Customer 1496,West,Surat,2023-04-08,2025,8,Aug
ORD000067,2025-12-26,CUST01047,PROD0078,2,0.25,116.15,174.23,116.92,57.31,UPI,Delivered,5.0,Fitness Product 78,Sports,Fitness,108.69,Customer 1047,East,Kolkata,2025-02-19,2025,12,Dec
ORD000068,2025-07-03,CUST01133,PROD0039,2,0.1,176.05,316.89,216.01,100.88,Credit Card,Delivered,5.0,Smartphones Product 39,Electronics,Smartphones,169.11,Customer 1133,South,Bengaluru,2023-03-05,2025,7,Jul
ORD000069,2025-10-11,CUST00296,PROD0090,2,0.2,181.66,290.66,189.1,101.56,UPI,Cancelled,,Outdoor Product 90,Sports,Outdoor,164.49,Customer 296,South,Bengaluru,2024-12-16,2025,10,Oct
ORD000070,2025-07-29,CUST00006,PROD0008,3,0.15,440.5,1123.27,691.47,431.8,Debit Card,Cancelled,,Decor Product 8,Home & Kitchen,Decor,462.5,Customer 6,Central,Kanpur,2024-10-14,2025,7,Jul
ORD000071,2025-10-31,CUST00550,PROD0088,2,0.1,77.43,139.37,96.17,43.2,Debit Card,Delivered,3.0,Accessories Product 88,Fashion,Accessories,81.69,Customer 550,West,Surat,2024-11-16,2025,10,Oct
ORD000072,2025-10-23,CUST00681,PROD0080,3,0.0,40.58,121.74,96.9,24.84,Credit Card,Delivered,6.0,Skincare Product 80,Beauty,Skincare,39.29,Customer 681,South,Hyderabad,2024-02-18,2025,10,Oct
ORD000073,2025-04-07,CUST00795,PROD0084,2,0.05,22.03,41.86,30.82,11.04,UPI,Delivered,3.0,Fiction Product 84,Books,Fiction,23.65,Customer 795,Central,Bhopal,2024-10-29,2025,4,Apr
ORD000074,2025-07-27,CUST00203,PROD0015,4,0.1,123.67,445.21,264.22,180.99,Credit Card,Delivered,4.0,Kitchen Product 15,Home & Kitchen,Kitchen,117.47,Customer 203,South,Hyderabad,2024-07-13,2025,7,Jul
ORD000075,2025-05-17,CUST00325,PROD0007,1,0.2,14.83,11.86,9.19,2.67,UPI,Delivered,4.0,Haircare Product 7,Beauty,Haircare,15.32,Customer 325,Central,Nagpur,2023-05-04,2025,5,May
ORD000076,2025-07-03,CUST00825,PROD0017,1,0.05,14.3,13.58,10.93,2.65,COD,Delivered,2.0,Equipment Product 17,Sports,Equipment,15.15,Customer 825,East,Patna,2024-07-13,2025,7,Jul
ORD000077,2025-03-17,CUST00244,PROD0086,3,0.0,362.04,1086.12,846.15,239.97,Credit Card,Delivered,1.0,Audio Product 86,Electronics,Audio,361.35,Customer 244,South,Chennai,2023-11-04,2025,3,Mar
ORD000078,2025-10-14,CUST00327,PROD0086,1,0.1,366.12,329.51,248.65,80.86,UPI,Delivered,3.0,Audio Product 86,Electronics,Audio,361.35,Customer 327,North,Chandigarh,2023-01-12,2025,10,Oct
ORD000079,2025-05-22,CUST00987,PROD0118,1,0.0,124.91,124.91,76.95,47.96,Debit Card,Delivered,2.0,Kitchen Product 118,Home & Kitchen,Kitchen,130.92,Customer 987,Central,Bhopal,2023-12-06,2025,5,May
ORD000080,2025-08-25,CUST01071,PROD0064,1,0.1,461.02,414.92,275.41,139.51,Debit Card,Delivered,4.0,Decor Product 64,Home & Kitchen,Decor,496.62,Customer 1071,Central,Nagpur,2023-07-27,2025,8,Aug
ORD000081,2025-01-25,CUST00761,PROD0012,1,0.05,304.85,289.61,207.26,82.35,UPI,Delivered,3.0,Audio Product 12,Electronics,Audio,304.0,Customer 761,Central,Nagpur,2023-10-22,2025,1,Jan
ORD000082,2025-10-17,CUST01037,PROD0082,4,0.0,677.65,2710.6,1622.15,1088.45,Credit Card,Delivered,2.0,Laptops Product 82,Electronics,Laptops,632.19,Customer 1037,South,Kochi,2024-07-26,2025,10,Oct
ORD000083,2025-03-08,CUST00907,PROD0056,1,0.05,91.86,87.27,52.84,34.43,Debit Card,Delivered,4.0,Women Product 56,Fashion,Women,83.9,Customer 907,East,Ranchi,2024-08-05,2025,3,Mar
ORD000084,2025-09-07,CUST01404,PROD0046,3,0.1,112.39,303.45,244.04,59.41,UPI,Delivered,1.0,Accessories Product 46,Electronics,Accessories,119.63,Customer 1404,South,Hyderabad,2025-04-06,2025,9,Sep
ORD000085,2025-04-28,CUST00365,PROD0047,1,0.1,19.06,17.15,12.84,4.31,UPI,Delivered,2.0,Men Product 47,Fashion,Men,18.6,Customer 365,South,Hyderabad,2023-08-03,2025,4,Apr
ORD000086,2025-03-14,CUST01366,PROD0079,1,0.0,234.28,234.28,151.35,82.93,Debit Card,Delivered,4.0,Appliances Product 79,Home & Kitchen,Appliances,240.86,Customer 1366,North,Delhi,2024-07-04,2025,3,Mar
ORD000087,2025-10-09,CUST01245,PROD0101,2,0.2,321.25,514.0,338.5,175.5,Debit Card,Delivered,4.0,Laptops Product 101,Electronics,Laptops,322.89,Customer 1245,East,Ranchi,2024-08-06,2025,10,Oct
ORD000088,2025-12-26,CUST00073,PROD0016,1,0.0,225.61,225.61,151.67,73.94,Net Banking,Delivered,3.0,Women Product 16,Fashion,Women,203.86,Customer 73,Central,Nagpur,2025-06-01,2025,12,Dec
ORD000089,2025-01-10,CUST01070,PROD0069,4,0.0,143.23,572.92,342.62,230.3,Credit Card,Delivered,2.0,Women Product 69,Fashion,Women,144.62,Customer 1070,West,Mumbai,2024-05-29,2025,1,Jan
ORD000090,2025-07-30,CUST00274,PROD0002,4,0.1,29.67,106.81,80.9,25.91,Credit Card,Delivered,4.0,Decor Product 2,Home & Kitchen,Decor,29.88,Customer 274,East,Patna,2023-09-27,2025,7,Jul
ORD000091,2025-11-19,CUST00208,PROD0116,1,0.0,49.52,49.52,30.82,18.7,Credit Card,Delivered,2.0,Men Product 116,Fashion,Men,51.48,Customer 208,North,Lucknow,2025-05-18,2025,11,Nov
ORD000092,2025-06-01,CUST00124,PROD0092,2,0.1,64.05,115.29,89.15,26.14,Debit Card,Delivered,8.0,Haircare Product 92,Beauty,Haircare,57.6,Customer 124,East,Ranchi,2023-09-05,2025,6,Jun
ORD000093,2025-01-05,CUST01034,PROD0105,1,0.25,174.99,131.24,102.76,28.48,Debit Card,Delivered,6.0,Fragrance Product 105,Beauty,Fragrance,173.04,Customer 1034,West,Ahmedabad,2025-03-09,2025,1,Jan
ORD000094,2025-07-14,CUST01353,PROD0054,1,0.1,99.16,89.24,65.43,23.81,UPI,Delivered,2.0,Makeup Product 54,Beauty,Makeup,95.89,Customer 1353,West,Pune,2024-05-02,2025,7,Jul
ORD000095,2025-10-10,CUST01211,PROD0027,1,0.1,435.62,392.06,299.83,92.23,UPI,Delivered,5.0,Decor Product 27,Home & Kitchen,Decor,431.04,Customer 1211,West,Pune,2025-06-03,2025,10,Oct
ORD000096,2025-04-23,CUST00543,PROD0031,3,0.1,246.18,664.69,412.93,251.76,Debit Card,Delivered,3.0,Furniture Product 31,Home & Kitchen,Furniture,253.64,Customer 543,West,Pune,2024-09-30,2025,4,Apr
ORD000097,2025-09-28,CUST00060,PROD0041,3,0.0,422.9,1268.7,911.21,357.49,Credit Card,Delivered,3.0,Accessories Product 41,Electronics,Accessories,390.82,Customer 60,West,Pune,2023-10-05,2025,9,Sep
ORD000098,2025-06-12,CUST00899,PROD0036,1,0.05,347.66,330.28,245.21,85.07,UPI,Delivered,2.0,Furniture Product 36,Home & Kitchen,Furniture,375.57,Customer 899,West,Pune,2024-12-21,2025,6,Jun
ORD000099,2025-04-15,CUST00886,PROD0047,2,0.05,19.68,37.39,27.62,9.77,UPI,Delivered,2.0,Men Product 47,Fashion,Men,18.6,Customer 886,North,Jaipur,2024-02-13,2025,4,Apr
ORD000100,2025-06-30,CUST00782,PROD0043,4,0.25,52.73,158.19,96.2,61.99,Net Banking,Delivered,6.0,Skincare Product 43,Beauty,Skincare,50.76,Customer 782,North,Chandigarh,2024-06-20,2025,6,Jun
ORD000101,2025-02-13,CUST00442,PROD0065,3,0.0,169.64,508.92,337.24,171.68,COD,Delivered,4.0,Women Product 65,Fashion,Women,178.78,Customer 442,East,Bhubaneswar,2024-03-18,2025,2,Feb
ORD000102,2025-10-09,CUST01241,PROD0050,3,0.1,90.55,244.48,160.87,83.61,UPI,Delivered,3.0,Smartphones Product 50,Electronics,Smartphones,95.0,Customer 1241,Central,Nagpur,2025-06-17,2025,10,Oct
ORD000103,2025-06-24,CUST00911,PROD0093,2,0.2,392.76,628.42,450.83,177.59,Credit Card,Delivered,1.0,Appliances Product 93,Home & Kitchen,Appliances,373.4,Customer 911,North,Lucknow,2023-08-08,2025,6,Jun
ORD000104,2025-06-11,CUST01026,PROD0001,2,0.15,387.32,658.44,502.82,155.62,UPI,Cancelled,,Kitchen Product 1,Home & Kitchen,Kitchen,394.25,Customer 1026,Central,Nagpur,2025-06-11,2025,6,Jun
ORD000105,2025-12-17,CUST00832,PROD0072,3,0.25,15.58,35.06,25.14,9.92,UPI,Delivered,3.0,Technology Product 72,Books,Technology,16.01,Customer 832,South,Hyderabad,2025-01-20,2025,12,Dec
ORD000106,2025-12-06,CUST01008,PROD0057,1,0.1,28.81,25.93,19.74,6.19,Credit Card,Delivered,3.0,Fitness Product 57,Sports,Fitness,30.92,Customer 1008,South,Hyderabad,2024-11-20,2025,12,Dec
ORD000107,2025-05-20,CUST01380,PROD0016,2,0.05,218.8,415.72,250.99,164.73,UPI,Delivered,3.0,Women Product 16,Fashion,Women,203.86,Customer 1380,Central,Kanpur,2024-02-16,2025,5,May
ORD000108,2025-05-12,CUST00626,PROD0028,1,0.15,18.03,15.33,12.12,3.21,Debit Card,Delivered,6.0,Equipment Product 28,Sports,Equipment,16.44,Customer 626,East,Ranchi,2024-03-30,2025,5,May
ORD000109,2025-03-28,CUST01189,PROD0086,3,0.05,391.69,1116.32,791.23,325.09,Credit Card,Delivered,3.0,Audio Product 86,Electronics,Audio,361.35,Customer 1189,North,Jaipur,2024-06-02,2025,3,Mar
ORD000110,2025-06-25,CUST00998,PROD0082,2,0.0,640.54,1281.08,754.56,526.52,Net Banking,Returned,2.0,Laptops Product 82,Electronics,Laptops,632.19,Customer 998,West,Mumbai,2023-03-11,2025,6,Jun
ORD000111,2025-07-02,CUST00734,PROD0022,2,0.15,201.81,343.08,251.95,91.13,Debit Card,Delivered,3.0,Kitchen Product 22,Home & Kitchen,Kitchen,196.54,Customer 734,Central,Bhopal,2024-02-16,2025,7,Jul
ORD000112,2025-05-09,CUST00091,PROD0041,2,0.1,378.49,681.28,479.73,201.55,UPI,Delivered,5.0,Accessories Product 41,Electronics,Accessories,390.82,Customer 91,East,Kolkata,2024-09-19,2025,5,May
ORD000113,2025-09-03,CUST00167,PROD0076,2,0.2,102.31,163.7,103.6,60.1,UPI,Delivered,3.0,Women Product 76,Fashion,Women,107.18,Customer 167,East,Ranchi,2024-06-20,2025,9,Sep
ORD000114,2025-03-30,CUST00959,PROD0019,2,0.25,231.93,347.9,265.61,82.29,Net Banking,Delivered,4.0,Decor Product 19,Home & Kitchen,Decor,213.84,Customer 959,South,Chennai,2025-01-05,2025,3,Mar
ORD000115,2025-03-07,CUST00207,PROD0089,2,0.2,505.47,808.75,650.28,158.47,Net Banking,Delivered,3.0,Kitchen Product 89,Home & Kitchen,Kitchen,468.17,Customer 207,Central,Kanpur,2024-09-26,2025,3,Mar
ORD000116,2025-06-07,CUST01306,PROD0050,2,0.0,102.17,204.34,134.34,70.0,Credit Card,Delivered,4.0,Smartphones Product 50,Electronics,Smartphones,95.0,Customer 1306,South,Hyderabad,2023-06-30,2025,6,Jun
ORD000117,2025-05-29,CUST01089,PROD0059,1,0.1,98.5,88.65,61.93,26.72,UPI,Returned,4.0,Haircare Product 59,Beauty,Haircare,97.27,Customer 1089,South,Hyderabad,2023-02-17,2025,5,May
ORD000118,2025-12-06,CUST00516,PROD0069,3,0.15,158.06,403.05,246.17,156.88,Net Banking,Returned,4.0,Women Product 69,Fashion,Women,144.62,Customer 516,West,Ahmedabad,2025-01-26,2025,12,Dec
ORD000119,2025-04-26,CUST01181,PROD0034,1,0.25,116.6,87.45,70.24,17.21,UPI,Delivered,4.0,Accessories Product 34,Fashion,Accessories,105.5,Customer 1181,North,Lucknow,2024-12-21,2025,4,Apr
ORD000120,2025-08-02,CUST00747,PROD0039,1,0.05,166.69,158.36,103.97,54.39,UPI,Delivered,2.0,Smartphones Product 39,Electronics,Smartphones,169.11,Customer 747,Central,Indore,2024-03-24,2025,8,Aug
ORD000121,2025-10-21,CUST00306,PROD0074,1,0.0,207.71,207.71,130.18,77.53,COD,Delivered,6.0,Women Product 74,Fashion,Women,215.26,Customer 306,East,Ranchi,2023-05-31,2025,10,Oct
ORD000122,2025-09-10,CUST00395,PROD0111,1,0.2,65.42,52.34,36.37,15.97,Net Banking,Delivered,4.0,Fiction Product 111,Books,Fiction,64.59,Customer 395,East,Patna,2024-02-29,2025,9,Sep
ORD000123,2025-05-23,CUST01098,PROD0007,4,0.05,14.64,55.63,32.84,22.79,Debit Card,Delivered,3.0,Haircare Product 7,Beauty,Haircare,15.32,Customer 1098,Central,Bhopal,2023-11-11,2025,5,May
ORD000124,2025-09-07,CUST00187,PROD0101,1,0.1,354.15,318.74,204.21,114.53,UPI,Delivered,2.0,Laptops Product 101,Electronics,Laptops,322.89,Customer 187,West,Ahmedabad,2024-07-24,2025,9,Sep
ORD000125,2025-10-29,CUST01361,PROD0111,2,0.05,63.79,121.2,72.26,48.94,Credit Card,Cancelled,,Fiction Product 111,Books,Fiction,64.59,Customer 1361,South,Chennai,2025-05-07,2025,10,Oct
ORD000126,2025-01-25,CUST00623,PROD0052,1,0.05,60.06,57.06,34.84,22.22,Debit Card,Delivered,3.0,Self Help Product 52,Books,Self Help,58.02,Customer 623,North,Chandigarh,2025-05-09,2025,1,Jan
ORD000127,2025-10-04,CUST00730,PROD0060,1,0.15,126.99,107.94,65.51,42.43,Debit Card,Delivered,2.0,Outdoor Product 60,Sports,Outdoor,122.23,Customer 730,North,Lucknow,2023-05-27,2025,10,Oct
ORD000128,2025-03-11,CUST00240,PROD0052,1,0.05,59.35,56.38,44.51,11.87,Credit Card,Delivered,6.0,Self Help Product 52,Books,Self Help,58.02,Customer 240,East,Ranchi,2023-05-21,2025,3,Mar
ORD000129,2025-04-23,CUST00533,PROD0079,1,0.1,229.13,206.22,165.66,40.56,COD,Delivered,2.0,Appliances Product 79,Home & Kitchen,Appliances,240.86,Customer 533,West,Pune,2023-06-10,2025,4,Apr
ORD000130,2025-12-29,CUST00141,PROD0106,1,0.0,170.82,170.82,118.53,52.29,UPI,Delivered,4.0,Women Product 106,Fashion,Women,152.76,Customer 141,South,Chennai,2025-04-04,2025,12,Dec
ORD000131,2025-04-22,CUST01289,PROD0024,1,0.05,269.15,255.69,186.99,68.7,UPI,Delivered,4.0,Equipment Product 24,Sports,Equipment,281.97,Customer 1289,North,Chandigarh,2023-09-23,2025,4,Apr
ORD000132,2025-12-30,CUST00139,PROD0026,1,0.05,241.73,229.64,171.54,58.1,UPI,Delivered,8.0,Men Product 26,Fashion,Men,225.85,Customer 139,Central,Nagpur,2023-11-22,2025,12,Dec
ORD000133,2025-10-30,CUST00459,PROD0090,2,0.15,177.37,301.53,203.21,98.32,Debit Card,Delivered,2.0,Outdoor Product 90,Sports,Outdoor,164.49,Customer 459,West,Mumbai,2023-09-05,2025,10,Oct
ORD000134,2025-04-01,CUST00070,PROD0110,1,0.05,384.71,365.47,244.44,121.03,Debit Card,Cancelled,,Kitchen Product 110,Home & Kitchen,Kitchen,405.37,Customer 70,North,Delhi,2023-04-09,2025,4,Apr
ORD000135,2025-01-18,CUST00385,PROD0090,2,0.1,182.03,327.65,243.16,84.49,Debit Card,Delivered,3.0,Outdoor Product 90,Sports,Outdoor,164.49,Customer 385,North,Chandigarh,2023-11-18,2025,1,Jan
ORD000136,2025-05-29,CUST00630,PROD0010,1,0.1,904.26,813.83,545.6,268.23,UPI,Cancelled,,Smartphones Product 10,Electronics,Smartphones,888.66,Customer 630,West,Surat,2024-08-17,2025,5,May
ORD000137,2025-08-15,CUST00198,PROD0017,1,0.1,15.84,14.26,10.26,4.0,Net Banking,Delivered,7.0,Equipment Product 17,Sports,Equipment,15.15,Customer 198,South,Hyderabad,2023-01-10,2025,8,Aug
ORD000138,2025-08-02,CUST00205,PROD0117,3,0.1,285.97,772.12,543.3,228.82,UPI,Delivered,5.0,Furniture Product 117,Home & Kitchen,Furniture,272.76,Customer 205,East,Patna,2023-04-21,2025,8,Aug
ORD000139,2025-12-26,CUST00568,PROD0078,1,0.05,110.97,105.42,74.41,31.01,UPI,Delivered,5.0,Fitness Product 78,Sports,Fitness,108.69,Customer 568,Central,Indore,2024-01-04,2025,12,Dec
ORD000140,2025-05-31,CUST00982,PROD0002,1,0.05,28.34,26.92,20.97,5.95,Credit Card,Delivered,6.0,Decor Product 2,Home & Kitchen,Decor,29.88,Customer 982,West,Pune,2024-01-23,2025,5,May
ORD000141,2025-07-11,CUST00805,PROD0112,1,0.1,236.63,212.97,159.51,53.46,UPI,Delivered,4.0,Kitchen Product 112,Home & Kitchen,Kitchen,221.08,Customer 805,Central,Kanpur,2024-05-13,2025,7,Jul
ORD000142,2025-02-09,CUST00859,PROD0077,1,0.0,143.07,143.07,115.97,27.1,Credit Card,Cancelled,,Accessories Product 77,Fashion,Accessories,138.05,Customer 859,West,Mumbai,2023-02-28,2025,2,Feb
ORD000143,2025-08-30,CUST00882,PROD0027,1,0.2,406.79,325.43,250.53,74.9,Credit Card,Delivered,3.0,Decor Product 27,Home & Kitchen,Decor,431.04,Customer 882,North,Lucknow,2023-11-13,2025,8,Aug
ORD000144,2025-05-18,CUST00974,PROD0073,3,0.15,9.94,25.35,15.59,9.76,UPI,Delivered,4.0,Business Product 73,Books,Business,9.38,Customer 974,East,Patna,2024-09-13,2025,5,May
ORD000145,2025-12-11,CUST00640,PROD0071,4,0.05,34.69,131.82,99.82,32.0,UPI,Returned,4.0,Footwear Product 71,Fashion,Footwear,32.71,Customer 640,North,Chandigarh,2024-06-18,2025,12,Dec
ORD000146,2025-06-29,CUST01455,PROD0048,2,0.1,112.83,203.09,150.24,52.85,Credit Card,Delivered,4.0,Fragrance Product 48,Beauty,Fragrance,109.58,Customer 1455,West,Pune,2025-01-27,2025,6,Jun
ORD000147,2025-07-19,CUST00325,PROD0074,4,0.2,201.94,646.21,475.0,171.21,UPI,Delivered,4.0,Women Product 74,Fashion,Women,215.26,Customer 325,Central,Nagpur,2023-05-04,2025,7,Jul
ORD000148,2025-07-22,CUST00442,PROD0120,1,0.05,13.17,12.51,8.7,3.81,Credit Card,Delivered,4.0,Self Help Product 120,Books,Self Help,13.3,Customer 442,East,Bhubaneswar,2024-03-18,2025,7,Jul
ORD000149,2025-03-02,CUST00804,PROD0118,1,0.15,121.78,103.51,61.59,41.92,Debit Card,Delivered,7.0,Kitchen Product 118,Home & Kitchen,Kitchen,130.92,Customer 804,Central,Nagpur,2024-02-29,2025,3,Mar
ORD000150,2025-07-11,CUST00288,PROD0009,1,0.0,306.32,306.32,247.62,58.7,UPI,Delivered,5.0,Furniture Product 9,Home & Kitchen,Furniture,301.64,Customer 288,North,Chandigarh,2023-10-10,2025,7,Jul
ORD000151,2025-01-05,CUST00226,PROD0086,1,0.1,397.95,358.16,280.96,77.2,Credit Card,Delivered,2.0,Audio Product 86,Electronics,Audio,361.35,Customer 226,Central,Kanpur,2023-07-17,2025,1,Jan
ORD000152,2025-08-25,CUST01088,PROD0023,2,0.2,71.58,114.53,79.81,34.72,Debit Card,Returned,3.0,Equipment Product 23,Sports,Equipment,77.77,Customer 1088,Central,Kanpur,2023-10-03,2025,8,Aug
ORD000153,2025-06-30,CUST00967,PROD0071,2,0.1,31.84,57.31,35.42,21.89,Net Banking,Delivered,4.0,Footwear Product 71,Fashion,Footwear,32.71,Customer 967,North,Jaipur,2024-11-08,2025,6,Jun
ORD000154,2025-11-07,CUST00938,PROD0112,1,0.1,238.76,214.88,167.15,47.73,Net Banking,Delivered,2.0,Kitchen Product 112,Home & Kitchen,Kitchen,221.08,Customer 938,Central,Nagpur,2023-02-09,2025,11,Nov
ORD000155,2025-02-06,CUST00560,PROD0073,2,0.2,8.65,13.84,9.46,4.38,UPI,Delivered,6.0,Business Product 73,Books,Business,9.38,Customer 560,North,Chandigarh,2024-05-04,2025,2,Feb
ORD000156,2025-02-25,CUST00714,PROD0027,2,0.15,397.43,675.63,455.12,220.51,UPI,Delivered,1.0,Decor Product 27,Home & Kitchen,Decor,431.04,Customer 714,South,Kochi,2024-02-20,2025,2,Feb
ORD000157,2025-08-25,CUST00498,PROD0088,1,0.1,85.13,76.62,56.68,19.94,Credit Card,Delivered,4.0,Accessories Product 88,Fashion,Accessories,81.69,Customer 498,South,Kochi,2024-01-02,2025,8,Aug
ORD000158,2025-12-24,CUST00849,PROD0093,1,0.1,402.47,362.22,276.04,86.18,Debit Card,Delivered,7.0,Appliances Product 93,Home & Kitchen,Appliances,373.4,Customer 849,North,Lucknow,2024-09-26,2025,12,Dec
ORD000159,2025-12-15,CUST00926,PROD0081,3,0.1,360.97,974.62,579.98,394.64,UPI,Delivered,4.0,Accessories Product 81,Electronics,Accessories,335.69,Customer 926,South,Hyderabad,2024-07-27,2025,12,Dec
ORD000160,2025-07-16,CUST00060,PROD0084,2,0.15,25.45,43.26,33.06,10.2,Credit Card,Delivered,4.0,Fiction Product 84,Books,Fiction,23.65,Customer 60,West,Pune,2023-10-05,2025,7,Jul
ORD000161,2025-03-14,CUST01421,PROD0071,1,0.25,32.45,24.34,18.4,5.94,Debit Card,Delivered,8.0,Footwear Product 71,Fashion,Footwear,32.71,Customer 1421,North,Chandigarh,2024-01-23,2025,3,Mar
ORD000162,2025-02-28,CUST00257,PROD0043,1,0.15,55.66,47.31,34.13,13.18,Debit Card,Delivered,5.0,Skincare Product 43,Beauty,Skincare,50.76,Customer 257,North,Jaipur,2025-04-28,2025,2,Feb
ORD000163,2025-08-28,CUST00577,PROD0104,1,0.15,63.54,54.01,35.71,18.3,Debit Card,Delivered,7.0,Footwear Product 104,Fashion,Footwear,68.87,Customer 577,West,Pune,2025-05-02,2025,8,Aug
ORD000164,2025-01-02,CUST00239,PROD0007,3,0.0,15.05,45.15,27.97,17.18,UPI,Delivered,4.0,Haircare Product 7,Beauty,Haircare,15.32,Customer 239,Central,Kanpur,2023-03-14,2025,1,Jan
ORD000165,2025-12-26,CUST00038,PROD0092,1,0.15,56.88,48.35,29.23,19.12,UPI,Delivered,4.0,Haircare Product 92,Beauty,Haircare,57.6,Customer 38,Central,Kanpur,2025-05-10,2025,12,Dec
ORD000166,2025-07-07,CUST00025,PROD0083,1,0.15,39.34,33.44,19.4,14.04,Credit Card,Delivered,5.0,Business Product 83,Books,Business,41.27,Customer 25,East,Kolkata,2024-09-20,2025,7,Jul
ORD000167,2025-11-03,CUST00410,PROD0063,2,0.15,270.13,459.22,289.1,170.12,UPI,Delivered,2.0,Kitchen Product 63,Home & Kitchen,Kitchen,273.62,Customer 410,West,Pune,2023-06-15,2025,11,Nov
ORD000168,2025-01-30,CUST00461,PROD0084,1,0.0,24.53,24.53,16.65,7.88,COD,Delivered,5.0,Fiction Product 84,Books,Fiction,23.65,Customer 461,West,Mumbai,2025-05-17,2025,1,Jan
ORD000169,2025-09-24,CUST00988,PROD0044,1,0.2,23.92,19.14,12.22,6.92,UPI,Delivered,7.0,Business Product 44,Books,Business,23.36,Customer 988,West,Mumbai,2025-05-18,2025,9,Sep
ORD000170,2025-04-18,CUST01441,PROD0039,2,0.0,166.38,332.76,217.68,115.08,UPI,Delivered,4.0,Smartphones Product 39,Electronics,Smartphones,169.11,Customer 1441,South,Chennai,2025-02-14,2025,4,Apr
ORD000171,2025-11-28,CUST00357,PROD0040,1,0.05,289.59,275.11,185.34,89.77,UPI,Delivered,1.0,Appliances Product 40,Home & Kitchen,Appliances,270.68,Customer 357,Central,Indore,2023-10-16,2025,11,Nov
ORD000172,2025-03-31,CUST00383,PROD0007,1,0.1,16.28,14.65,9.58,5.07,Credit Card,Delivered,1.0,Haircare Product 7,Beauty,Haircare,15.32,Customer 383,North,Chandigarh,2023-07-21,2025,3,Mar
ORD000173,2025-07-24,CUST01182,PROD0070,1,0.1,102.02,91.82,69.22,22.6,Credit Card,Delivered,2.0,Footwear Product 70,Fashion,Footwear,104.51,Customer 1182,North,Chandigarh,2024-10-01,2025,7,Jul
ORD000174,2025-08-08,CUST00569,PROD0025,2,0.05,275.6,523.64,365.51,158.13,Debit Card,Delivered,3.0,Kitchen Product 25,Home & Kitchen,Kitchen,279.9,Customer 569,North,Lucknow,2025-03-06,2025,8,Aug
ORD000175,2025-04-04,CUST01457,PROD0105,1,0.15,169.15,143.78,84.06,59.72,Net Banking,Delivered,3.0,Fragrance Product 105,Beauty,Fragrance,173.04,Customer 1457,North,Chandigarh,2024-05-25,2025,4,Apr
ORD000176,2025-04-13,CUST01072,PROD0059,3,0.05,92.0,262.2,166.34,95.86,Credit Card,Delivered,7.0,Haircare Product 59,Beauty,Haircare,97.27,Customer 1072,West,Mumbai,2024-12-09,2025,4,Apr
ORD000177,2025-08-11,CUST01352,PROD0013,3,0.0,823.59,2470.77,1853.86,616.91,UPI,Delivered,7.0,Laptops Product 13,Electronics,Laptops,769.31,Customer 1352,East,Ranchi,2025-04-09,2025,8,Aug
ORD000178,2025-07-05,CUST00433,PROD0103,1,0.0,36.42,36.42,23.75,12.67,Debit Card,Delivered,3.0,Women Product 103,Fashion,Women,39.19,Customer 433,North,Delhi,2024-12-19,2025,7,Jul
ORD000179,2025-07-03,CUST01455,PROD0104,2,0.2,65.43,104.69,83.84,20.85,Net Banking,Delivered,5.0,Footwear Product 104,Fashion,Footwear,68.87,Customer 1455,West,Pune,2025-01-27,2025,7,Jul
ORD000180,2025-06-11,CUST00056,PROD0086,1,0.0,340.05,340.05,255.39,84.66,UPI,Delivered,4.0,Audio Product 86,Electronics,Audio,361.35,Customer 56,North,Lucknow,2025-06-19,2025,6,Jun
ORD000181,2025-09-04,CUST00577,PROD0113,1,0.0,521.52,521.52,338.77,182.75,UPI,Delivered,2.0,Smartphones Product 113,Electronics,Smartphones,480.63,Customer 577,West,Pune,2025-05-02,2025,9,Sep
ORD000182,2025-01-31,CUST00268,PROD0081,2,0.1,311.79,561.22,395.06,166.16,Debit Card,Delivered,6.0,Accessories Product 81,Electronics,Accessories,335.69,Customer 268,West,Surat,2025-06-02,2025,1,Jan
ORD000183,2025-02-21,CUST00069,PROD0112,2,0.05,232.78,442.28,327.35,114.93,UPI,Delivered,2.0,Kitchen Product 112,Home & Kitchen,Kitchen,221.08,Customer 69,Central,Nagpur,2024-10-22,2025,2,Feb
ORD000184,2025-12-11,CUST00902,PROD0086,1,0.15,335.66,285.31,178.72,106.59,Credit Card,Delivered,6.0,Audio Product 86,Electronics,Audio,361.35,Customer 902,Central,Indore,2023-07-30,2025,12,Dec
ORD000185,2025-03-17,CUST01473,PROD0098,4,0.2,132.59,424.29,271.16,153.13,Net Banking,Delivered,4.0,Fragrance Product 98,Beauty,Fragrance,123.08,Customer 1473,Central,Bhopal,2025-04-28,2025,3,Mar
ORD000186,2025-10-05,CUST00793,PROD0062,4,0.15,184.74,628.12,440.76,187.36,UPI,Delivered,4.0,Accessories Product 62,Fashion,Accessories,167.56,Customer 793,East,Patna,2023-01-25,2025,10,Oct
ORD000187,2025-02-09,CUST00257,PROD0008,1,0.05,470.53,447.0,358.48,88.52,Debit Card,Delivered,5.0,Decor Product 8,Home & Kitchen,Decor,462.5,Customer 257,North,Jaipur,2025-04-28,2025,2,Feb
ORD000188,2025-04-11,CUST00672,PROD0113,3,0.1,519.52,1402.7,929.38,473.32,UPI,Delivered,3.0,Smartphones Product 113,Electronics,Smartphones,480.63,Customer 672,East,Patna,2024-10-23,2025,4,Apr
ORD000189,2025-04-21,CUST00490,PROD0045,2,0.1,195.38,351.68,237.92,113.76,UPI,Delivered,5.0,Kitchen Product 45,Home & Kitchen,Kitchen,184.1,Customer 490,North,Chandigarh,2023-02-23,2025,4,Apr
ORD000190,2025-11-17,CUST00746,PROD0018,2,0.05,237.8,451.82,282.73,169.09,Debit Card,Delivered,4.0,Furniture Product 18,Home & Kitchen,Furniture,220.36,Customer 746,South,Kochi,2023-06-24,2025,11,Nov
ORD000191,2025-09-06,CUST00049,PROD0088,4,0.0,87.68,350.72,253.35,97.37,UPI,Delivered,8.0,Accessories Product 88,Fashion,Accessories,81.69,Customer 49,East,Ranchi,2024-09-19,2025,9,Sep
ORD000192,2025-07-10,CUST00316,PROD0060,1,0.1,117.47,105.72,80.1,25.62,Debit Card,Delivered,4.0,Outdoor Product 60,Sports,Outdoor,122.23,Customer 316,North,Delhi,2024-03-26,2025,7,Jul
ORD000193,2025-07-01,CUST00413,PROD0118,1,0.0,133.53,133.53,91.57,41.96,UPI,Delivered,3.0,Kitchen Product 118,Home & Kitchen,Kitchen,130.92,Customer 413,Central,Indore,2024-03-14,2025,7,Jul
ORD000194,2025-12-01,CUST00434,PROD0060,1,0.25,135.93,101.95,77.49,24.46,UPI,Delivered,5.0,Outdoor Product 60,Sports,Outdoor,122.23,Customer 434,Central,Bhopal,2023-10-10,2025,12,Dec
ORD000195,2025-07-28,CUST01026,PROD0106,1,0.15,151.03,128.38,83.78,44.6,UPI,Delivered,3.0,Women Product 106,Fashion,Women,152.76,Customer 1026,Central,Nagpur,2025-06-11,2025,7,Jul
ORD000196,2025-01-22,CUST01169,PROD0002,1,0.0,33.29,33.29,24.96,8.33,Net Banking,Delivered,5.0,Decor Product 2,Home & Kitchen,Decor,29.88,Customer 1169,West,Surat,2025-04-13,2025,1,Jan
ORD000197,2025-06-15,CUST01390,PROD0066,2,0.05,38.1,72.39,46.47,25.92,UPI,Delivered,5.0,Self Help Product 66,Books,Self Help,36.75,Customer 1390,East,Bhubaneswar,2023-09-04,2025,6,Jun
ORD000198,2025-04-09,CUST00420,PROD0091,2,0.25,38.9,58.35,44.78,13.57,UPI,Cancelled,,Technology Product 91,Books,Technology,38.43,Customer 420,West,Mumbai,2024-07-06,2025,4,Apr
ORD000199,2025-07-27,CUST00844,PROD0014,2,0.05,134.95,256.4,199.83,56.57,Credit Card,Delivered,6.0,Accessories Product 14,Electronics,Accessories,128.33,Customer 844,North,Lucknow,2023-11-29,2025,7,Jul
ORD000200,2025-01-08,CUST01468,PROD0048,1,0.15,118.69,100.89,77.83,23.06,Debit Card,Delivered,3.0,Fragrance Product 48,Beauty,Fragrance,109.58,Customer 1468,North,Lucknow,2023-06-20,2025,1,Jan
ORD000201,2025-07-09,CUST00916,PROD0103,1,0.05,39.14,37.18,23.49,13.69,UPI,Delivered,1.0,Women Product 103,Fashion,Women,39.19,Customer 916,South,Bengaluru,2024-12-27,2025,7,Jul
ORD000202,2025-06-24,CUST00434,PROD0117,2,0.2,252.74,404.38,301.92,102.46,Net Banking,Delivered,4.0,Furniture Product 117,Home & Kitchen,Furniture,272.76,Customer 434,Central,Bhopal,2023-10-10,2025,6,Jun
ORD000203,2025-09-30,CUST00643,PROD0117,2,0.15,289.61,492.34,349.19,143.15,COD,Delivered,5.0,Furniture Product 117,Home & Kitchen,Furniture,272.76,Customer 643,West,Ahmedabad,2023-03-02,2025,9,Sep
ORD000204,2025-01-17,CUST00057,PROD0056,2,0.0,93.23,186.46,152.27,34.19,Credit Card,Delivered,1.0,Women Product 56,Fashion,Women,83.9,Customer 57,Central,Kanpur,2025-06-08,2025,1,Jan
ORD000205,2025-03-31,CUST00964,PROD0012,2,0.05,317.68,603.59,402.46,201.13,Credit Card,Delivered,5.0,Audio Product 12,Electronics,Audio,304.0,Customer 964,South,Chennai,2024-05-19,2025,3,Mar
ORD000206,2025-05-21,CUST00977,PROD0096,3,0.1,201.3,543.51,415.84,127.67,Net Banking,Delivered,4.0,Footwear Product 96,Fashion,Footwear,210.2,Customer 977,North,Jaipur,2025-06-21,2025,5,May
ORD000207,2025-05-25,CUST01202,PROD0092,1,0.2,55.85,44.68,29.88,14.8,Credit Card,Returned,2.0,Haircare Product 92,Beauty,Haircare,57.6,Customer 1202,West,Pune,2023-08-22,2025,5,May
ORD000208,2025-06-15,CUST01317,PROD0055,2,0.0,317.02,634.04,428.13,205.91,Net Banking,Delivered,4.0,Fitness Product 55,Sports,Fitness,287.69,Customer 1317,South,Kochi,2023-04-16,2025,6,Jun
ORD000209,2025-12-03,CUST00046,PROD0028,4,0.1,15.17,54.61,33.13,21.48,UPI,Delivered,2.0,Equipment Product 28,Sports,Equipment,16.44,Customer 46,Central,Nagpur,2023-06-03,2025,12,Dec
ORD000210,2025-03-19,CUST01194,PROD0110,2,0.05,417.43,793.12,505.63,287.49,Credit Card,Delivered,3.0,Kitchen Product 110,Home & Kitchen,Kitchen,405.37,Customer 1194,South,Kochi,2023-08-03,2025,3,Mar
ORD000211,2025-09-19,CUST01295,PROD0089,1,0.2,445.57,356.46,220.82,135.64,COD,Delivered,5.0,Kitchen Product 89,Home & Kitchen,Kitchen,468.17,Customer 1295,South,Kochi,2025-04-07,2025,9,Sep
ORD000212,2025-06-12,CUST00417,PROD0004,2,0.15,10.62,18.05,11.16,6.89,UPI,Delivered,2.0,Technology Product 4,Books,Technology,10.88,Customer 417,East,Kolkata,2024-05-09,2025,6,Jun
ORD000213,2025-01-14,CUST00848,PROD0090,1,0.05,161.43,153.36,89.28,64.08,UPI,Delivered,3.0,Outdoor Product 90,Sports,Outdoor,164.49,Customer 848,South,Kochi,2023-08-09,2025,1,Jan
ORD000214,2025-08-27,CUST00139,PROD0036,4,0.0,362.0,1448.0,1115.69,332.31,Debit Card,Delivered,4.0,Furniture Product 36,Home & Kitchen,Furniture,375.57,Customer 139,Central,Nagpur,2023-11-22,2025,8,Aug
ORD000215,2025-03-13,CUST00247,PROD0050,1,0.0,102.45,102.45,70.93,31.52,COD,Delivered,7.0,Smartphones Product 50,Electronics,Smartphones,95.0,Customer 247,West,Ahmedabad,2023-12-03,2025,3,Mar
ORD000216,2025-05-23,CUST01172,PROD0003,1,0.1,556.43,500.79,387.11,113.68,UPI,Delivered,5.0,Accessories Product 3,Electronics,Accessories,564.08,Customer 1172,West,Mumbai,2024-06-21,2025,5,May
ORD000217,2025-11-06,CUST00230,PROD0001,1,0.05,389.95,370.45,269.32,101.13,COD,Delivered,2.0,Kitchen Product 1,Home & Kitchen,Kitchen,394.25,Customer 230,North,Lucknow,2023-06-16,2025,11,Nov
ORD000218,2025-10-10,CUST00792,PROD0017,1,0.05,15.31,14.54,11.33,3.21,Debit Card,Delivered,7.0,Equipment Product 17,Sports,Equipment,15.15,Customer 792,East,Kolkata,2023-05-24,2025,10,Oct
ORD000219,2025-09-26,CUST00637,PROD0071,4,0.25,36.0,108.0,75.7,32.3,COD,Delivered,3.0,Footwear Product 71,Fashion,Footwear,32.71,Customer 637,Central,Indore,2023-10-10,2025,9,Sep
ORD000220,2025-08-29,CUST00374,PROD0062,1,0.1,177.22,159.5,96.11,63.39,Debit Card,Delivered,3.0,Accessories Product 62,Fashion,Accessories,167.56,Customer 374,West,Ahmedabad,2023-12-04,2025,8,Aug
ORD000221,2025-09-02,CUST01104,PROD0048,1,0.15,102.17,86.84,63.22,23.62,Debit Card,Delivered,2.0,Fragrance Product 48,Beauty,Fragrance,109.58,Customer 1104,North,Lucknow,2025-06-18,2025,9,Sep
ORD000222,2025-06-12,CUST00738,PROD0062,4,0.0,155.47,621.88,461.85,160.03,Net Banking,Delivered,6.0,Accessories Product 62,Fashion,Accessories,167.56,Customer 738,North,Lucknow,2024-05-23,2025,6,Jun
ORD000223,2025-03-01,CUST01089,PROD0069,1,0.0,149.43,149.43,109.14,40.29,UPI,Delivered,4.0,Women Product 69,Fashion,Women,144.62,Customer 1089,South,Hyderabad,2023-02-17,2025,3,Mar
ORD000224,2025-01-06,CUST00088,PROD0019,3,0.05,234.67,668.81,516.54,152.27,COD,Delivered,8.0,Decor Product 19,Home & Kitchen,Decor,213.84,Customer 88,Central,Nagpur,2023-03-25,2025,1,Jan
ORD000225,2025-07-16,CUST01112,PROD0103,2,0.1,38.59,69.46,52.48,16.98,UPI,Delivered,2.0,Women Product 103,Fashion,Women,39.19,Customer 1112,South,Bengaluru,2023-10-15,2025,7,Jul
ORD000226,2025-02-27,CUST00713,PROD0110,1,0.1,393.03,353.73,241.89,111.84,UPI,Delivered,4.0,Kitchen Product 110,Home & Kitchen,Kitchen,405.37,Customer 713,North,Jaipur,2023-08-23,2025,2,Feb
ORD000227,2025-11-01,CUST01228,PROD0034,2,0.2,112.85,180.56,140.22,40.34,Debit Card,Delivered,2.0,Accessories Product 34,Fashion,Accessories,105.5,Customer 1228,Central,Nagpur,2023-12-30,2025,11,Nov
ORD000228,2025-08-05,CUST01406,PROD0099,1,0.05,200.67,190.64,142.22,48.42,UPI,Delivered,4.0,Fitness Product 99,Sports,Fitness,192.87,Customer 1406,East,Kolkata,2023-12-15,2025,8,Aug
ORD000229,2025-01-26,CUST00601,PROD0049,1,0.05,422.89,401.75,244.62,157.13,Debit Card,Delivered,6.0,Decor Product 49,Home & Kitchen,Decor,409.38,Customer 601,Central,Nagpur,2023-07-24,2025,1,Jan
ORD000230,2025-10-30,CUST01500,PROD0080,1,0.2,37.32,29.86,21.19,8.67,Net Banking,Delivered,2.0,Skincare Product 80,Beauty,Skincare,39.29,Customer 1500,South,Bengaluru,2025-02-21,2025,10,Oct
ORD000231,2025-01-05,CUST00539,PROD0104,1,0.05,65.78,62.49,47.17,15.32,UPI,Delivered,3.0,Footwear Product 104,Fashion,Footwear,68.87,Customer 539,South,Hyderabad,2024-05-17,2025,1,Jan
ORD000232,2025-01-20,CUST00214,PROD0114,1,0.05,537.01,510.16,363.64,146.52,UPI,Delivered,4.0,Audio Product 114,Electronics,Audio,550.01,Customer 214,North,Jaipur,2024-07-16,2025,1,Jan
ORD000233,2025-07-17,CUST00074,PROD0047,3,0.0,17.88,53.64,43.33,10.31,Credit Card,Delivered,1.0,Men Product 47,Fashion,Men,18.6,Customer 74,North,Lucknow,2024-02-07,2025,7,Jul
ORD000234,2025-02-28,CUST00061,PROD0103,1,0.15,43.67,37.12,22.43,14.69,Net Banking,Delivered,3.0,Women Product 103,Fashion,Women,39.19,Customer 61,Central,Indore,2023-12-20,2025,2,Feb
ORD000235,2025-08-30,CUST00698,PROD0091,2,0.15,35.5,60.35,45.47,14.88,Net Banking,Delivered,3.0,Technology Product 91,Books,Technology,38.43,Customer 698,South,Chennai,2023-09-04,2025,8,Aug
ORD000236,2025-05-26,CUST01243,PROD0105,1,0.0,180.86,180.86,140.69,40.17,UPI,Delivered,5.0,Fragrance Product 105,Beauty,Fragrance,173.04,Customer 1243,East,Kolkata,2024-09-29,2025,5,May
ORD000237,2025-09-30,CUST00012,PROD0102,1,0.05,53.47,50.8,38.03,12.77,COD,Delivered,1.0,Makeup Product 102,Beauty,Makeup,52.24,Customer 12,West,Mumbai,2025-01-29,2025,9,Sep
ORD000238,2025-09-06,CUST00814,PROD0114,2,0.15,541.57,920.67,619.19,301.48,UPI,Returned,6.0,Audio Product 114,Electronics,Audio,550.01,Customer 814,West,Surat,2024-03-04,2025,9,Sep
ORD000239,2025-01-14,CUST01439,PROD0050,2,0.2,104.26,166.82,112.19,54.63,UPI,Delivered,4.0,Smartphones Product 50,Electronics,Smartphones,95.0,Customer 1439,Central,Bhopal,2024-11-16,2025,1,Jan
ORD000240,2025-01-13,CUST00032,PROD0089,2,0.05,493.47,937.59,675.79,261.8,UPI,Delivered,3.0,Kitchen Product 89,Home & Kitchen,Kitchen,468.17,Customer 32,North,Chandigarh,2025-05-07,2025,1,Jan
ORD000241,2025-02-13,CUST01184,PROD0026,1,0.2,252.88,202.3,136.61,65.69,UPI,Delivered,2.0,Men Product 26,Fashion,Men,225.85,Customer 1184,South,Kochi,2024-09-19,2025,2,Feb
ORD000242,2025-01-19,CUST01001,PROD0056,1,0.05,80.02,76.02,60.21,15.81,Debit Card,Delivered,7.0,Women Product 56,Fashion,Women,83.9,Customer 1001,East,Patna,2024-08-30,2025,1,Jan
ORD000243,2025-03-04,CUST00237,PROD0078,2,0.0,101.9,203.8,123.58,80.22,Credit Card,Delivered,4.0,Fitness Product 78,Sports,Fitness,108.69,Customer 237,Central,Bhopal,2024-11-11,2025,3,Mar
ORD000244,2025-08-27,CUST01205,PROD0014,1,0.0,121.64,121.64,89.21,32.43,Net Banking,Delivered,3.0,Accessories Product 14,Electronics,Accessories,128.33,Customer 1205,South,Hyderabad,2023-08-11,2025,8,Aug
ORD000245,2025-12-03,CUST00558,PROD0078,1,0.05,105.85,100.56,61.56,39.0,Debit Card,Delivered,1.0,Fitness Product 78,Sports,Fitness,108.69,Customer 558,East,Bhubaneswar,2024-11-21,2025,12,Dec
ORD000246,2025-04-10,CUST01365,PROD0025,4,0.05,280.84,1067.19,757.32,309.87,UPI,Delivered,2.0,Kitchen Product 25,Home & Kitchen,Kitchen,279.9,Customer 1365,East,Bhubaneswar,2023-05-12,2025,4,Apr
ORD000247,2025-06-12,CUST01482,PROD0100,4,0.2,114.94,367.81,276.5,91.31,Credit Card,Delivered,4.0,Men Product 100,Fashion,Men,105.21,Customer 1482,West,Mumbai,2024-07-18,2025,6,Jun
ORD000248,2025-05-02,CUST01104,PROD0004,4,0.0,10.63,42.52,26.35,16.17,UPI,Delivered,4.0,Technology Product 4,Books,Technology,10.88,Customer 1104,North,Lucknow,2025-06-18,2025,5,May
ORD000249,2025-02-13,CUST00647,PROD0111,3,0.05,71.25,203.06,152.09,50.97,Credit Card,Delivered,5.0,Fiction Product 111,Books,Fiction,64.59,Customer 647,North,Lucknow,2025-05-05,2025,2,Feb
ORD000250,2025-12-26,CUST00987,PROD0079,1,0.0,243.89,243.89,149.65,94.24,Credit Card,Delivered,5.0,Appliances Product 79,Home & Kitchen,Appliances,240.86,Customer 987,Central,Bhopal,2023-12-06,2025,12,Dec
ORD000251,2025-11-13,CUST00820,PROD0032,2,0.15,14.83,25.21,18.38,6.83,UPI,Delivered,3.0,Skincare Product 32,Beauty,Skincare,14.13,Customer 820,North,Lucknow,2023-02-26,2025,11,Nov
ORD000252,2025-05-25,CUST00473,PROD0082,2,0.2,615.05,984.08,690.17,293.91,UPI,Delivered,2.0,Laptops Product 82,Electronics,Laptops,632.19,Customer 473,Central,Indore,2023-06-13,2025,5,May
ORD000253,2025-11-23,CUST00112,PROD0078,2,0.0,103.39,206.78,134.73,72.05,Net Banking,Delivered,5.0,Fitness Product 78,Sports,Fitness,108.69,Customer 112,South,Bengaluru,2023-10-10,2025,11,Nov
ORD000254,2025-12-29,CUST01316,PROD0065,1,0.05,195.57,185.79,112.73,73.06,Credit Card,Delivered,4.0,Women Product 65,Fashion,Women,178.78,Customer 1316,Central,Nagpur,2024-02-03,2025,12,Dec
ORD000255,2025-02-19,CUST00383,PROD0106,1,0.0,143.88,143.88,108.86,35.02,COD,Delivered,7.0,Women Product 106,Fashion,Women,152.76,Customer 383,North,Chandigarh,2023-07-21,2025,2,Feb
ORD000256,2025-03-06,CUST00017,PROD0061,1,0.1,93.83,84.45,56.72,27.73,Credit Card,Delivered,5.0,Outdoor Product 61,Sports,Outdoor,87.3,Customer 17,West,Ahmedabad,2023-05-09,2025,3,Mar
ORD000257,2025-12-21,CUST00493,PROD0020,1,0.0,98.92,98.92,59.43,39.49,COD,Delivered,3.0,Skincare Product 20,Beauty,Skincare,95.46,Customer 493,North,Jaipur,2025-01-25,2025,12,Dec
ORD000258,2025-10-15,CUST01355,PROD0074,1,0.1,235.11,211.6,161.97,49.63,UPI,Delivered,3.0,Women Product 74,Fashion,Women,215.26,Customer 1355,North,Jaipur,2025-05-26,2025,10,Oct
ORD000259,2025-06-13,CUST00926,PROD0010,4,0.15,945.15,3213.51,2043.45,1170.06,Debit Card,Delivered,2.0,Smartphones Product 10,Electronics,Smartphones,888.66,Customer 926,South,Hyderabad,2024-07-27,2025,6,Jun
ORD000260,2025-05-21,CUST01430,PROD0088,1,0.1,79.76,71.78,54.32,17.46,UPI,Delivered,4.0,Accessories Product 88,Fashion,Accessories,81.69,Customer 1430,Central,Indore,2024-04-25,2025,5,May
ORD000261,2025-11-10,CUST00117,PROD0034,1,0.0,109.18,109.18,78.13,31.05,UPI,Delivered,4.0,Accessories Product 34,Fashion,Accessories,105.5,Customer 117,North,Jaipur,2024-06-19,2025,11,Nov
ORD000262,2025-05-08,CUST00880,PROD0061,2,0.05,80.54,153.03,95.9,57.13,Net Banking,Delivered,4.0,Outdoor Product 61,Sports,Outdoor,87.3,Customer 880,East,Kolkata,2023-05-04,2025,5,May
ORD000263,2025-08-27,CUST00115,PROD0092,4,0.1,58.47,210.49,125.94,84.55,Debit Card,Delivered,3.0,Haircare Product 92,Beauty,Haircare,57.6,Customer 115,North,Jaipur,2023-06-13,2025,8,Aug
ORD000264,2025-11-20,CUST00814,PROD0027,4,0.1,403.97,1454.29,1050.55,403.74,Net Banking,Cancelled,,Decor Product 27,Home & Kitchen,Decor,431.04,Customer 814,West,Surat,2024-03-04,2025,11,Nov
ORD000265,2025-10-23,CUST00644,PROD0040,4,0.0,272.25,1089.0,638.21,450.79,UPI,Delivered,2.0,Appliances Product 40,Home & Kitchen,Appliances,270.68,Customer 644,East,Patna,2023-11-15,2025,10,Oct
ORD000266,2025-07-06,CUST01360,PROD0065,2,0.15,168.4,286.28,170.54,115.74,Debit Card,Delivered,2.0,Women Product 65,Fashion,Women,178.78,Customer 1360,Central,Kanpur,2023-07-07,2025,7,Jul
ORD000267,2025-07-27,CUST00336,PROD0033,2,0.1,46.97,84.55,63.29,21.26,UPI,Delivered,3.0,Business Product 33,Books,Business,42.27,Customer 336,Central,Kanpur,2023-04-07,2025,7,Jul
ORD000268,2025-08-08,CUST00922,PROD0068,2,0.0,100.47,200.94,142.53,58.41,UPI,Delivered,4.0,Kitchen Product 68,Home & Kitchen,Kitchen,98.06,Customer 922,South,Bengaluru,2024-05-04,2025,8,Aug
ORD000269,2025-07-09,CUST00147,PROD0071,4,0.0,36.07,144.28,94.98,49.3,Net Banking,Delivered,4.0,Footwear Product 71,Fashion,Footwear,32.71,Customer 147,North,Chandigarh,2023-11-13,2025,7,Jul
ORD000270,2025-12-12,CUST00122,PROD0009,1,0.25,278.86,209.14,148.37,60.77,Credit Card,Delivered,3.0,Furniture Product 9,Home & Kitchen,Furniture,301.64,Customer 122,South,Bengaluru,2024-04-15,2025,12,Dec
ORD000271,2025-10-11,CUST00081,PROD0016,1,0.05,213.55,202.87,146.47,56.4,COD,Delivered,4.0,Women Product 16,Fashion,Women,203.86,Customer 81,East,Patna,2024-07-05,2025,10,Oct
ORD000272,2025-12-18,CUST00685,PROD0005,2,0.2,232.02,371.23,265.68,105.55,Credit Card,Delivered,1.0,Men Product 5,Fashion,Men,236.42,Customer 685,East,Patna,2024-04-01,2025,12,Dec
ORD000273,2025-08-25,CUST00662,PROD0098,1,0.05,123.86,117.67,86.39,31.28,COD,Delivered,3.0,Fragrance Product 98,Beauty,Fragrance,123.08,Customer 662,Central,Kanpur,2025-04-27,2025,8,Aug
ORD000274,2025-07-13,CUST00375,PROD0023,1,0.05,85.13,80.87,65.15,15.72,Credit Card,Delivered,4.0,Equipment Product 23,Sports,Equipment,77.77,Customer 375,Central,Bhopal,2025-04-10,2025,7,Jul
ORD000275,2025-10-14,CUST00063,PROD0043,4,0.15,56.65,192.61,129.69,62.92,Credit Card,Delivered,2.0,Skincare Product 43,Beauty,Skincare,50.76,Customer 63,Central,Bhopal,2025-01-02,2025,10,Oct
ORD000276,2025-09-16,CUST00504,PROD0114,1,0.0,533.12,533.12,347.74,185.38,UPI,Delivered,2.0,Audio Product 114,Electronics,Audio,550.01,Customer 504,North,Delhi,2023-09-05,2025,9,Sep
ORD000277,2025-09-03,CUST00668,PROD0089,4,0.05,519.51,1974.14,1163.21,810.93,Net Banking,Delivered,2.0,Kitchen Product 89,Home & Kitchen,Kitchen,468.17,Customer 668,West,Mumbai,2023-01-06,2025,9,Sep
ORD000278,2025-05-16,CUST00449,PROD0057,3,0.05,32.71,93.22,57.36,35.86,Net Banking,Delivered,3.0,Fitness Product 57,Sports,Fitness,30.92,Customer 449,West,Pune,2023-03-06,2025,5,May
ORD000279,2025-10-07,CUST01452,PROD0051,2,0.2,203.74,325.98,197.38,128.6,Credit Card,Delivered,5.0,Furniture Product 51,Home & Kitchen,Furniture,183.5,Customer 1452,North,Delhi,2023-09-29,2025,10,Oct
ORD000280,2025-09-28,CUST00868,PROD0013,1,0.1,794.29,714.86,472.17,242.69,Debit Card,Cancelled,,Laptops Product 13,Electronics,Laptops,769.31,Customer 868,South,Hyderabad,2024-09-10,2025,9,Sep
ORD000281,2025-06-20,CUST01451,PROD0024,1,0.05,313.59,297.91,216.4,81.51,Credit Card,Delivered,6.0,Equipment Product 24,Sports,Equipment,281.97,Customer 1451,North,Lucknow,2024-12-01,2025,6,Jun
ORD000282,2025-06-08,CUST01445,PROD0011,2,0.05,181.84,345.5,204.23,141.27,Debit Card,Delivered,1.0,Skincare Product 11,Beauty,Skincare,165.54,Customer 1445,East,Kolkata,2024-11-29,2025,6,Jun
ORD000283,2025-07-20,CUST01346,PROD0052,2,0.1,54.87,98.77,74.54,24.23,COD,Delivered,8.0,Self Help Product 52,Books,Self Help,58.02,Customer 1346,West,Surat,2024-03-14,2025,7,Jul
ORD000284,2025-02-14,CUST00680,PROD0115,1,0.0,355.28,355.28,239.95,115.33,UPI,Delivered,3.0,Smartphones Product 115,Electronics,Smartphones,361.73,Customer 680,West,Pune,2024-04-15,2025,2,Feb
ORD000285,2025-09-21,CUST01190,PROD0017,3,0.0,14.67,44.01,35.7,8.31,Debit Card,Delivered,6.0,Equipment Product 17,Sports,Equipment,15.15,Customer 1190,North,Jaipur,2023-02-14,2025,9,Sep
ORD000286,2025-03-12,CUST00461,PROD0037,2,0.05,200.63,381.2,273.1,108.1,UPI,Delivered,6.0,Sportswear Product 37,Sports,Sportswear,193.95,Customer 461,West,Mumbai,2025-05-17,2025,3,Mar
ORD000287,2025-12-30,CUST00459,PROD0013,2,0.1,831.29,1496.32,1144.87,351.45,Credit Card,Delivered,4.0,Laptops Product 13,Electronics,Laptops,769.31,Customer 459,West,Mumbai,2023-09-05,2025,12,Dec
ORD000288,2025-04-13,CUST01213,PROD0062,1,0.05,179.6,170.62,134.22,36.4,Net Banking,Delivered,1.0,Accessories Product 62,Fashion,Accessories,167.56,Customer 1213,North,Jaipur,2024-01-01,2025,4,Apr
ORD000289,2025-05-05,CUST00464,PROD0091,1,0.1,40.94,36.85,29.23,7.62,UPI,Delivered,4.0,Technology Product 91,Books,Technology,38.43,Customer 464,West,Ahmedabad,2023-01-25,2025,5,May
ORD000290,2025-11-09,CUST00912,PROD0084,2,0.1,23.53,42.35,29.83,12.52,UPI,Delivered,3.0,Fiction Product 84,Books,Fiction,23.65,Customer 912,West,Mumbai,2025-06-20,2025,11,Nov
ORD000291,2025-10-13,CUST00379,PROD0097,3,0.25,56.24,126.54,85.44,41.1,Net Banking,Delivered,2.0,Self Help Product 97,Books,Self Help,59.33,Customer 379,West,Ahmedabad,2024-01-27,2025,10,Oct
ORD000292,2025-08-18,CUST01026,PROD0106,2,0.15,146.97,249.85,178.52,71.33,Credit Card,Delivered,2.0,Women Product 106,Fashion,Women,152.76,Customer 1026,Central,Nagpur,2025-06-11,2025,8,Aug
ORD000293,2025-05-26,CUST00364,PROD0096,1,0.05,224.56,213.33,144.32,69.01,Credit Card,Delivered,4.0,Footwear Product 96,Fashion,Footwear,210.2,Customer 364,North,Lucknow,2024-06-09,2025,5,May
ORD000294,2025-07-16,CUST00072,PROD0008,1,0.15,439.15,373.28,238.07,135.21,UPI,Delivered,2.0,Decor Product 8,Home & Kitchen,Decor,462.5,Customer 72,South,Kochi,2023-10-09,2025,7,Jul
ORD000295,2025-08-09,CUST01451,PROD0056,2,0.2,80.93,129.49,85.17,44.32,UPI,Delivered,5.0,Women Product 56,Fashion,Women,83.9,Customer 1451,North,Lucknow,2024-12-01,2025,8,Aug
ORD000296,2025-03-01,CUST00638,PROD0093,1,0.1,375.23,337.71,214.74,122.97,UPI,Delivered,2.0,Appliances Product 93,Home & Kitchen,Appliances,373.4,Customer 638,South,Bengaluru,2023-11-08,2025,3,Mar
ORD000297,2025-04-08,CUST01194,PROD0104,1,0.05,64.35,61.13,39.41,21.72,Debit Card,Delivered,4.0,Footwear Product 104,Fashion,Footwear,68.87,Customer 1194,South,Kochi,2023-08-03,2025,4,Apr
ORD000298,2025-06-20,CUST01229,PROD0083,2,0.0,39.72,79.44,47.86,31.58,Credit Card,Delivered,2.0,Business Product 83,Books,Business,41.27,Customer 1229,Central,Kanpur,2024-07-23,2025,6,Jun
ORD000299,2025-06-22,CUST00337,PROD0070,1,0.2,99.28,79.42,54.19,25.23,Credit Card,Delivered,5.0,Footwear Product 70,Fashion,Footwear,104.51,Customer 337,North,Chandigarh,2024-05-31,2025,6,Jun
ORD000300,2025-05-31,CUST01496,PROD0044,1,0.0,25.94,25.94,16.51,9.43,UPI,Delivered,4.0,Business Product 44,Books,Business,23.36,Customer 1496,West,Surat,2023-04-08,2025,5,May
ORD000301,2025-12-16,CUST00195,PROD0060,1,0.0,117.13,117.13,80.54,36.59,UPI,Delivered,2.0,Outdoor Product 60,Sports,Outdoor,122.23,Customer 195,West,Ahmedabad,2024-06-04,2025,12,Dec
ORD000302,2025-05-02,CUST01012,PROD0103,2,0.1,42.81,77.06,59.35,17.71,UPI,Delivered,4.0,Women Product 103,Fashion,Women,39.19,Customer 1012,North,Jaipur,2023-02-25,2025,5,May
ORD000303,2025-04-18,CUST00653,PROD0112,4,0.15,208.47,708.8,487.37,221.43,Debit Card,Delivered,2.0,Kitchen Product 112,Home & Kitchen,Kitchen,221.08,Customer 653,Central,Nagpur,2024-07-20,2025,4,Apr
ORD000304,2025-01-04,CUST01299,PROD0041,2,0.05,427.53,812.31,657.25,155.06,UPI,Delivered,5.0,Accessories Product 41,Electronics,Accessories,390.82,Customer 1299,West,Mumbai,2023-03-06,2025,1,Jan
ORD000305,2025-04-03,CUST00007,PROD0021,2,0.15,13.53,23.0,14.16,8.84,COD,Cancelled,,Technology Product 21,Books,Technology,13.01,Customer 7,West,Surat,2023-06-22,2025,4,Apr
ORD000306,2025-01-06,CUST00905,PROD0086,2,0.15,393.85,669.54,524.96,144.58,UPI,Delivered,2.0,Audio Product 86,Electronics,Audio,361.35,Customer 905,North,Jaipur,2024-06-24,2025,1,Jan
ORD000307,2025-10-15,CUST00979,PROD0042,1,0.1,294.44,265.0,169.49,95.51,UPI,Delivered,4.0,Accessories Product 42,Electronics,Accessories,269.27,Customer 979,East,Patna,2024-08-08,2025,10,Oct
ORD000308,2025-04-16,CUST00566,PROD0074,1,0.1,223.71,201.34,161.91,39.43,Credit Card,Delivered,2.0,Women Product 74,Fashion,Women,215.26,Customer 566,East,Bhubaneswar,2025-05-06,2025,4,Apr
ORD000309,2025-05-26,CUST00616,PROD0074,2,0.1,237.55,427.59,271.31,156.28,UPI,Delivered,4.0,Women Product 74,Fashion,Women,215.26,Customer 616,Central,Bhopal,2023-05-01,2025,5,May
ORD000310,2025-09-28,CUST00573,PROD0116,1,0.2,53.39,42.71,32.43,10.28,Net Banking,Delivered,4.0,Men Product 116,Fashion,Men,51.48,Customer 573,South,Hyderabad,2024-10-10,2025,9,Sep
ORD000311,2025-04-06,CUST00599,PROD0029,1,0.15,59.86,50.88,30.27,20.61,Net Banking,Delivered,5.0,Women Product 29,Fashion,Women,56.34,Customer 599,West,Pune,2024-11-28,2025,4,Apr
ORD000312,2025-08-17,CUST00770,PROD0080,1,0.2,39.42,31.54,23.06,8.48,UPI,Delivered,6.0,Skincare Product 80,Beauty,Skincare,39.29,Customer 770,East,Kolkata,2023-11-01,2025,8,Aug
ORD000313,2025-07-21,CUST01202,PROD0065,2,0.0,197.16,394.32,249.4,144.92,Debit Card,Delivered,4.0,Women Product 65,Fashion,Women,178.78,Customer 1202,West,Pune,2023-08-22,2025,7,Jul
ORD000314,2025-07-31,CUST00242,PROD0017,1,0.05,16.44,15.62,11.57,4.05,Debit Card,Cancelled,,Equipment Product 17,Sports,Equipment,15.15,Customer 242,East,Patna,2023-09-19,2025,7,Jul
ORD000315,2025-01-06,CUST01227,PROD0030,2,0.0,319.99,639.98,468.85,171.13,COD,Delivered,5.0,Decor Product 30,Home & Kitchen,Decor,335.65,Customer 1227,South,Kochi,2023-03-12,2025,1,Jan
ORD000316,2025-04-22,CUST01486,PROD0026,2,0.1,233.82,420.88,337.41,83.47,UPI,Delivered,6.0,Men Product 26,Fashion,Men,225.85,Customer 1486,East,Bhubaneswar,2024-02-21,2025,4,Apr
ORD000317,2025-11-19,CUST01104,PROD0053,1,0.2,25.05,20.04,14.64,5.4,UPI,Delivered,5.0,Self Help Product 53,Books,Self Help,22.79,Customer 1104,North,Lucknow,2025-06-18,2025,11,Nov
ORD000318,2025-04-16,CUST01441,PROD0110,1,0.05,437.24,415.38,281.62,133.76,Credit Card,Delivered,7.0,Kitchen Product 110,Home & Kitchen,Kitchen,405.37,Customer 1441,South,Chennai,2025-02-14,2025,4,Apr
ORD000319,2025-05-19,CUST00766,PROD0019,4,0.0,237.9,951.6,596.14,355.46,Credit Card,Delivered,7.0,Decor Product 19,Home & Kitchen,Decor,213.84,Customer 766,East,Ranchi,2023-03-12,2025,5,May
ORD000320,2025-10-26,CUST00384,PROD0053,3,0.0,22.02,66.06,48.74,17.32,Net Banking,Delivered,2.0,Self Help Product 53,Books,Self Help,22.79,Customer 384,West,Surat,2023-01-17,2025,10,Oct
ORD000321,2025-04-06,CUST00391,PROD0085,1,0.05,156.41,148.59,90.33,58.26,COD,Returned,2.0,Makeup Product 85,Beauty,Makeup,157.43,Customer 391,South,Kochi,2024-11-11,2025,4,Apr
ORD000322,2025-12-03,CUST00896,PROD0017,1,0.0,15.47,15.47,12.05,3.42,UPI,Delivered,3.0,Equipment Product 17,Sports,Equipment,15.15,Customer 896,East,Ranchi,2024-04-24,2025,12,Dec
ORD000323,2025-10-24,CUST00688,PROD0046,3,0.05,115.63,329.55,210.7,118.85,Net Banking,Delivered,8.0,Accessories Product 46,Electronics,Accessories,119.63,Customer 688,North,Lucknow,2024-11-07,2025,10,Oct
ORD000324,2025-08-02,CUST01150,PROD0104,1,0.15,68.79,58.47,41.27,17.2,COD,Delivered,2.0,Footwear Product 104,Fashion,Footwear,68.87,Customer 1150,East,Ranchi,2024-01-10,2025,8,Aug
ORD000325,2025-10-18,CUST00047,PROD0085,4,0.05,161.76,614.69,444.44,170.25,COD,Delivered,4.0,Makeup Product 85,Beauty,Makeup,157.43,Customer 47,South,Chennai,2025-05-26,2025,10,Oct
ORD000326,2025-01-22,CUST01500,PROD0053,2,0.1,21.84,39.31,26.22,13.09,Debit Card,Delivered,5.0,Self Help Product 53,Books,Self Help,22.79,Customer 1500,South,Bengaluru,2025-02-21,2025,1,Jan
ORD000327,2025-07-12,CUST00619,PROD0105,2,0.1,168.08,302.54,223.68,78.86,Debit Card,Delivered,8.0,Fragrance Product 105,Beauty,Fragrance,173.04,Customer 619,South,Chennai,2023-02-07,2025,7,Jul
ORD000328,2025-05-30,CUST00464,PROD0104,2,0.15,65.08,110.64,70.82,39.82,UPI,Delivered,4.0,Footwear Product 104,Fashion,Footwear,68.87,Customer 464,West,Ahmedabad,2023-01-25,2025,5,May
ORD000329,2025-09-04,CUST00123,PROD0064,3,0.0,527.75,1583.25,931.44,651.81,COD,Delivered,3.0,Decor Product 64,Home & Kitchen,Decor,496.62,Customer 123,North,Delhi,2023-06-30,2025,9,Sep
ORD000330,2025-09-24,CUST01498,PROD0045,3,0.2,182.68,438.43,355.23,83.2,UPI,Delivered,2.0,Kitchen Product 45,Home & Kitchen,Kitchen,184.1,Customer 1498,Central,Indore,2023-09-22,2025,9,Sep
ORD000331,2025-09-08,CUST00134,PROD0049,1,0.1,394.66,355.19,233.29,121.9,UPI,Delivered,8.0,Decor Product 49,Home & Kitchen,Decor,409.38,Customer 134,Central,Indore,2025-04-04,2025,9,Sep
ORD000332,2025-01-03,CUST00841,PROD0019,2,0.05,218.43,415.02,311.78,103.24,Credit Card,Delivered,6.0,Decor Product 19,Home & Kitchen,Decor,213.84,Customer 841,Central,Indore,2024-11-15,2025,1,Jan
ORD000333,2025-11-12,CUST00849,PROD0071,1,0.0,30.54,30.54,21.43,9.11,Debit Card,Delivered,5.0,Footwear Product 71,Fashion,Footwear,32.71,Customer 849,North,Lucknow,2024-09-26,2025,11,Nov
ORD000334,2025-03-17,CUST00607,PROD0081,1,0.0,370.83,370.83,274.62,96.21,Credit Card,Delivered,7.0,Accessories Product 81,Electronics,Accessories,335.69,Customer 607,West,Surat,2025-05-24,2025,3,Mar
ORD000335,2025-03-28,CUST00023,PROD0065,3,0.15,175.01,446.28,270.72,175.56,Debit Card,Delivered,1.0,Women Product 65,Fashion,Women,178.78,Customer 23,Central,Indore,2025-04-14,2025,3,Mar
ORD000336,2025-09-27,CUST00566,PROD0037,3,0.1,212.82,574.61,404.83,169.78,Credit Card,Delivered,4.0,Sportswear Product 37,Sports,Sportswear,193.95,Customer 566,East,Bhubaneswar,2025-05-06,2025,9,Sep
ORD000337,2025-08-13,CUST00766,PROD0070,3,0.05,106.55,303.67,204.71,98.96,UPI,Delivered,3.0,Footwear Product 70,Fashion,Footwear,104.51,Customer 766,East,Ranchi,2023-03-12,2025,8,Aug
ORD000338,2025-01-18,CUST00965,PROD0026,1,0.05,246.18,233.87,161.01,72.86,UPI,Delivered,5.0,Men Product 26,Fashion,Men,225.85,Customer 965,Central,Nagpur,2023-08-27,2025,1,Jan
ORD000339,2025-04-23,CUST00235,PROD0002,2,0.2,28.97,46.35,37.63,8.72,Credit Card,Delivered,2.0,Decor Product 2,Home & Kitchen,Decor,29.88,Customer 235,East,Bhubaneswar,2024-02-22,2025,4,Apr
ORD000340,2025-09-08,CUST00996,PROD0059,1,0.2,92.9,74.32,45.54,28.78,UPI,Delivered,2.0,Haircare Product 59,Beauty,Haircare,97.27,Customer 996,South,Bengaluru,2024-07-28,2025,9,Sep
ORD000341,2025-08-21,CUST01083,PROD0096,1,0.1,229.09,206.18,156.93,49.25,Credit Card,Delivered,5.0,Footwear Product 96,Fashion,Footwear,210.2,Customer 1083,Central,Nagpur,2024-11-13,2025,8,Aug
ORD000342,2025-11-25,CUST01188,PROD0112,1,0.1,212.81,191.53,126.27,65.26,UPI,Delivered,5.0,Kitchen Product 112,Home & Kitchen,Kitchen,221.08,Customer 1188,West,Surat,2025-01-16,2025,11,Nov
ORD000343,2025-10-06,CUST00826,PROD0118,2,0.15,139.98,237.97,154.61,83.36,Net Banking,Delivered,8.0,Kitchen Product 118,Home & Kitchen,Kitchen,130.92,Customer 826,West,Mumbai,2023-07-13,2025,10,Oct
ORD000344,2025-07-21,CUST00216,PROD0005,1,0.15,233.8,198.73,128.18,70.55,Credit Card,Delivered,4.0,Men Product 5,Fashion,Men,236.42,Customer 216,North,Chandigarh,2023-03-22,2025,7,Jul
ORD000345,2025-03-24,CUST01207,PROD0037,1,0.05,207.46,197.09,130.81,66.28,Debit Card,Delivered,3.0,Sportswear Product 37,Sports,Sportswear,193.95,Customer 1207,South,Chennai,2025-04-04,2025,3,Mar
ORD000346,2025-05-05,CUST00657,PROD0031,3,0.0,279.39,838.17,557.98,280.19,UPI,Delivered,4.0,Furniture Product 31,Home & Kitchen,Furniture,253.64,Customer 657,North,Chandigarh,2024-09-13,2025,5,May
ORD000347,2025-06-24,CUST00935,PROD0076,3,0.15,119.65,305.11,196.79,108.32,UPI,Delivered,7.0,Women Product 76,Fashion,Women,107.18,Customer 935,West,Pune,2024-09-07,2025,6,Jun
ORD000348,2025-03-10,CUST01114,PROD0099,4,0.0,191.32,765.28,566.46,198.82,Debit Card,Delivered,4.0,Fitness Product 99,Sports,Fitness,192.87,Customer 1114,South,Bengaluru,2023-07-08,2025,3,Mar
ORD000349,2025-02-16,CUST00311,PROD0094,2,0.0,27.0,54.0,31.94,22.06,Debit Card,Delivered,6.0,Footwear Product 94,Fashion,Footwear,27.18,Customer 311,West,Pune,2023-11-09,2025,2,Feb
ORD000350,2025-09-13,CUST00557,PROD0048,1,0.15,122.32,103.97,68.59,35.38,UPI,Delivered,1.0,Fragrance Product 48,Beauty,Fragrance,109.58,Customer 557,South,Bengaluru,2025-02-14,2025,9,Sep
ORD000351,2025-08-03,CUST00972,PROD0006,3,0.1,85.83,231.74,149.99,81.75,UPI,Delivered,3.0,Decor Product 6,Home & Kitchen,Decor,78.58,Customer 972,Central,Kanpur,2023-06-05,2025,8,Aug
ORD000352,2025-01-30,CUST00257,PROD0015,4,0.2,109.13,349.22,265.53,83.69,COD,Delivered,6.0,Kitchen Product 15,Home & Kitchen,Kitchen,117.47,Customer 257,North,Jaipur,2025-04-28,2025,1,Jan
ORD000353,2025-10-08,CUST00533,PROD0015,1,0.1,121.55,109.4,67.3,42.1,UPI,Delivered,1.0,Kitchen Product 15,Home & Kitchen,Kitchen,117.47,Customer 533,West,Pune,2023-06-10,2025,10,Oct
ORD000354,2025-08-25,CUST00052,PROD0061,1,0.2,83.48,66.78,53.81,12.97,UPI,Delivered,4.0,Outdoor Product 61,Sports,Outdoor,87.3,Customer 52,South,Kochi,2023-11-11,2025,8,Aug
ORD000355,2025-09-05,CUST01362,PROD0016,2,0.05,228.08,433.35,269.08,164.27,UPI,Delivered,3.0,Women Product 16,Fashion,Women,203.86,Customer 1362,South,Chennai,2023-09-27,2025,9,Sep
ORD000356,2025-01-25,CUST01195,PROD0020,2,0.15,90.48,153.82,102.88,50.94,Debit Card,Delivered,4.0,Skincare Product 20,Beauty,Skincare,95.46,Customer 1195,Central,Indore,2023-03-29,2025,1,Jan
ORD000357,2025-03-15,CUST01091,PROD0077,4,0.05,142.45,541.31,339.9,201.41,Debit Card,Delivered,2.0,Accessories Product 77,Fashion,Accessories,138.05,Customer 1091,Central,Bhopal,2025-05-04,2025,3,Mar
ORD000358,2025-07-25,CUST00300,PROD0044,2,0.0,24.6,49.2,31.92,17.28,Credit Card,Delivered,4.0,Business Product 44,Books,Business,23.36,Customer 300,North,Lucknow,2024-04-02,2025,7,Jul
ORD000359,2025-11-10,CUST00672,PROD0042,2,0.05,298.19,566.56,432.08,134.48,UPI,Delivered,8.0,Accessories Product 42,Electronics,Accessories,269.27,Customer 672,East,Patna,2024-10-23,2025,11,Nov
ORD000360,2025-04-04,CUST00778,PROD0046,4,0.15,130.33,443.12,307.67,135.45,Credit Card,Delivered,3.0,Accessories Product 46,Electronics,Accessories,119.63,Customer 778,West,Surat,2025-01-22,2025,4,Apr
ORD000361,2025-05-07,CUST00832,PROD0095,1,0.0,36.19,36.19,22.4,13.79,UPI,Delivered,3.0,Business Product 95,Books,Business,37.34,Customer 832,South,Hyderabad,2025-01-20,2025,5,May
ORD000362,2025-01-25,CUST00232,PROD0034,2,0.1,109.14,196.45,116.14,80.31,UPI,Delivered,1.0,Accessories Product 34,Fashion,Accessories,105.5,Customer 232,North,Lucknow,2024-09-29,2025,1,Jan
ORD000363,2025-11-30,CUST00975,PROD0064,4,0.0,551.6,2206.4,1401.46,804.94,UPI,Delivered,3.0,Decor Product 64,Home & Kitchen,Decor,496.62,Customer 975,North,Lucknow,2025-02-19,2025,11,Nov
ORD000364,2025-12-21,CUST01092,PROD0029,1,0.0,60.12,60.12,48.51,11.61,UPI,Delivered,3.0,Women Product 29,Fashion,Women,56.34,Customer 1092,North,Chandigarh,2024-10-12,2025,12,Dec
ORD000365,2025-04-26,CUST00028,PROD0003,4,0.1,596.61,2147.8,1681.46,466.34,Net Banking,Delivered,4.0,Accessories Product 3,Electronics,Accessories,564.08,Customer 28,West,Surat,2024-09-02,2025,4,Apr
ORD000366,2025-02-17,CUST01075,PROD0009,3,0.25,323.05,726.86,498.37,228.49,Credit Card,Delivered,2.0,Furniture Product 9,Home & Kitchen,Furniture,301.64,Customer 1075,South,Bengaluru,2023-05-18,2025,2,Feb
ORD000367,2025-08-14,CUST01284,PROD0075,4,0.05,218.42,830.0,577.41,252.59,Net Banking,Delivered,3.0,Decor Product 75,Home & Kitchen,Decor,221.86,Customer 1284,West,Ahmedabad,2023-04-06,2025,8,Aug
ORD000368,2025-09-23,CUST00591,PROD0075,1,0.1,236.47,212.82,169.37,43.45,Credit Card,Delivered,4.0,Decor Product 75,Home & Kitchen,Decor,221.86,Customer 591,South,Kochi,2023-12-01,2025,9,Sep
ORD000369,2025-04-09,CUST00785,PROD0025,2,0.25,270.54,405.81,292.96,112.85,COD,Delivered,6.0,Kitchen Product 25,Home & Kitchen,Kitchen,279.9,Customer 785,South,Hyderabad,2024-01-22,2025,4,Apr
ORD000370,2025-01-11,CUST00620,PROD0086,1,0.1,363.38,327.04,258.81,68.23,COD,Delivered,2.0,Audio Product 86,Electronics,Audio,361.35,Customer 620,North,Chandigarh,2023-12-07,2025,1,Jan
ORD000371,2025-03-26,CUST00586,PROD0042,1,0.1,295.65,266.08,185.73,80.35,UPI,Delivered,4.0,Accessories Product 42,Electronics,Accessories,269.27,Customer 586,West,Surat,2024-02-24,2025,3,Mar
ORD000372,2025-08-02,CUST01002,PROD0046,1,0.0,110.51,110.51,69.4,41.11,Credit Card,Delivered,4.0,Accessories Product 46,Electronics,Accessories,119.63,Customer 1002,South,Bengaluru,2024-11-05,2025,8,Aug
ORD000373,2025-06-22,CUST00184,PROD0073,2,0.1,9.41,16.94,12.78,4.16,Debit Card,Delivered,2.0,Business Product 73,Books,Business,9.38,Customer 184,South,Kochi,2024-10-22,2025,6,Jun
ORD000374,2025-07-28,CUST01047,PROD0084,3,0.05,23.02,65.61,46.34,19.27,Debit Card,Delivered,4.0,Fiction Product 84,Books,Fiction,23.65,Customer 1047,East,Kolkata,2025-02-19,2025,7,Jul
ORD000375,2025-03-05,CUST00129,PROD0059,1,0.1,93.35,84.02,62.21,21.81,COD,Delivered,4.0,Haircare Product 59,Beauty,Haircare,97.27,Customer 129,West,Surat,2025-05-12,2025,3,Mar
ORD000376,2025-09-15,CUST00291,PROD0021,4,0.15,14.15,48.11,29.72,18.39,Debit Card,Returned,4.0,Technology Product 21,Books,Technology,13.01,Customer 291,West,Mumbai,2024-06-08,2025,9,Sep
ORD000377,2025-11-28,CUST00501,PROD0074,3,0.1,228.02,615.65,452.76,162.89,Credit Card,Delivered,2.0,Women Product 74,Fashion,Women,215.26,Customer 501,South,Chennai,2024-08-27,2025,11,Nov
ORD000378,2025-05-01,CUST00186,PROD0022,2,0.0,185.24,370.48,248.87,121.61,UPI,Delivered,5.0,Kitchen Product 22,Home & Kitchen,Kitchen,196.54,Customer 186,North,Chandigarh,2023-09-29,2025,5,May
ORD000379,2025-10-25,CUST00479,PROD0029,4,0.2,57.4,183.68,121.17,62.51,Credit Card,Delivered,1.0,Women Product 29,Fashion,Women,56.34,Customer 479,Central,Nagpur,2023-08-25,2025,10,Oct
ORD000380,2025-02-23,CUST00492,PROD0063,1,0.1,277.28,249.55,184.96,64.59,Net Banking,Delivered,2.0,Kitchen Product 63,Home & Kitchen,Kitchen,273.62,Customer 492,West,Mumbai,2024-02-23,2025,2,Feb
ORD000381,2025-11-27,CUST00513,PROD0073,1,0.2,8.9,7.12,5.14,1.98,COD,Delivered,4.0,Business Product 73,Books,Business,9.38,Customer 513,South,Kochi,2024-11-10,2025,11,Nov
ORD000382,2025-09-29,CUST01091,PROD0061,1,0.1,94.28,84.85,62.43,22.42,UPI,Delivered,2.0,Outdoor Product 61,Sports,Outdoor,87.3,Customer 1091,Central,Bhopal,2025-05-04,2025,9,Sep
ORD000383,2025-08-29,CUST00467,PROD0064,2,0.0,493.31,986.62,800.82,185.8,Credit Card,Delivered,2.0,Decor Product 64,Home & Kitchen,Decor,496.62,Customer 467,West,Ahmedabad,2025-05-30,2025,8,Aug
ORD000384,2025-08-31,CUST00285,PROD0069,2,0.1,155.09,279.16,208.89,70.27,Credit Card,Delivered,4.0,Women Product 69,Fashion,Women,144.62,Customer 285,Central,Kanpur,2023-12-05,2025,8,Aug
ORD000385,2025-01-18,CUST00601,PROD0040,1,0.1,259.42,233.48,171.33,62.15,UPI,Delivered,4.0,Appliances Product 40,Home & Kitchen,Appliances,270.68,Customer 601,Central,Nagpur,2023-07-24,2025,1,Jan
ORD000386,2025-07-06,CUST01441,PROD0075,1,0.0,218.09,218.09,158.61,59.48,Net Banking,Delivered,3.0,Decor Product 75,Home & Kitchen,Decor,221.86,Customer 1441,South,Chennai,2025-02-14,2025,7,Jul
ORD000387,2025-12-12,CUST01124,PROD0001,2,0.1,370.21,666.38,450.27,216.11,Credit Card,Delivered,4.0,Kitchen Product 1,Home & Kitchen,Kitchen,394.25,Customer 1124,Central,Bhopal,2023-12-09,2025,12,Dec
ORD000388,2025-05-24,CUST00189,PROD0117,3,0.1,258.77,698.68,545.95,152.73,UPI,Delivered,6.0,Furniture Product 117,Home & Kitchen,Furniture,272.76,Customer 189,North,Jaipur,2023-07-21,2025,5,May
ORD000389,2025-09-19,CUST00989,PROD0106,1,0.1,167.52,150.77,101.23,49.54,Credit Card,Delivered,7.0,Women Product 106,Fashion,Women,152.76,Customer 989,South,Hyderabad,2023-12-06,2025,9,Sep
ORD000390,2025-12-30,CUST00890,PROD0065,2,0.05,168.38,319.92,239.32,80.6,UPI,Cancelled,,Women Product 65,Fashion,Women,178.78,Customer 890,South,Kochi,2023-11-10,2025,12,Dec
ORD000391,2025-08-27,CUST00388,PROD0062,4,0.1,157.36,566.5,368.43,198.07,Credit Card,Delivered,4.0,Accessories Product 62,Fashion,Accessories,167.56,Customer 388,South,Bengaluru,2023-11-21,2025,8,Aug
ORD000392,2025-10-31,CUST00241,PROD0054,2,0.0,106.25,212.5,130.79,81.71,UPI,Delivered,3.0,Makeup Product 54,Beauty,Makeup,95.89,Customer 241,West,Pune,2024-08-04,2025,10,Oct
ORD000393,2025-10-25,CUST00417,PROD0103,1,0.05,41.12,39.06,23.87,15.19,UPI,Delivered,6.0,Women Product 103,Fashion,Women,39.19,Customer 417,East,Kolkata,2024-05-09,2025,10,Oct
ORD000394,2025-03-17,CUST00176,PROD0060,4,0.0,114.92,459.68,336.62,123.06,Credit Card,Delivered,6.0,Outdoor Product 60,Sports,Outdoor,122.23,Customer 176,East,Patna,2025-06-04,2025,3,Mar
ORD000395,2025-07-07,CUST00387,PROD0046,1,0.0,133.31,133.31,87.81,45.5,Debit Card,Cancelled,,Accessories Product 46,Electronics,Accessories,119.63,Customer 387,North,Chandigarh,2024-07-23,2025,7,Jul
ORD000396,2025-11-29,CUST01495,PROD0005,1,0.05,224.46,213.24,137.76,75.48,Debit Card,Delivered,4.0,Men Product 5,Fashion,Men,236.42,Customer 1495,West,Ahmedabad,2025-04-22,2025,11,Nov
ORD000397,2025-09-03,CUST00853,PROD0113,2,0.05,515.85,980.12,707.74,272.38,Debit Card,Delivered,6.0,Smartphones Product 113,Electronics,Smartphones,480.63,Customer 853,South,Hyderabad,2025-04-30,2025,9,Sep
ORD000398,2025-05-10,CUST01257,PROD0022,2,0.05,182.19,346.16,202.91,143.25,COD,Delivered,3.0,Kitchen Product 22,Home & Kitchen,Kitchen,196.54,Customer 1257,Central,Kanpur,2023-03-01,2025,5,May
ORD000399,2025-11-11,CUST00663,PROD0090,1,0.25,171.88,128.91,82.39,46.52,Net Banking,Delivered,4.0,Outdoor Product 90,Sports,Outdoor,164.49,Customer 663,West,Ahmedabad,2023-04-07,2025,11,Nov
ORD000400,2025-10-10,CUST00452,PROD0053,2,0.1,23.46,42.23,27.94,14.29,Credit Card,Delivered,5.0,Self Help Product 53,Books,Self Help,22.79,Customer 452,Central,Bhopal,2023-09-23,2025,10,Oct
ORD000401,2025-03-20,CUST00277,PROD0070,2,0.1,100.5,180.9,135.68,45.22,UPI,Delivered,6.0,Footwear Product 70,Fashion,Footwear,104.51,Customer 277,North,Delhi,2025-01-28,2025,3,Mar
ORD000402,2025-03-13,CUST01253,PROD0032,1,0.2,14.82,11.86,8.43,3.43,UPI,Cancelled,,Skincare Product 32,Beauty,Skincare,14.13,Customer 1253,East,Patna,2025-06-22,2025,3,Mar
ORD000403,2025-09-20,CUST01195,PROD0112,3,0.2,230.68,553.63,434.84,118.79,Credit Card,Delivered,7.0,Kitchen Product 112,Home & Kitchen,Kitchen,221.08,Customer 1195,Central,Indore,2023-03-29,2025,9,Sep
ORD000404,2025-07-10,CUST00213,PROD0011,1,0.2,178.73,142.98,94.41,48.57,Net Banking,Delivered,4.0,Skincare Product 11,Beauty,Skincare,165.54,Customer 213,West,Surat,2024-12-29,2025,7,Jul
ORD000405,2025-03-04,CUST01306,PROD0010,1,0.0,973.24,973.24,633.72,339.52,Debit Card,Delivered,2.0,Smartphones Product 10,Electronics,Smartphones,888.66,Customer 1306,South,Hyderabad,2023-06-30,2025,3,Mar
ORD000406,2025-01-12,CUST00041,PROD0111,3,0.1,66.01,178.23,104.79,73.44,Credit Card,Delivered,4.0,Fiction Product 111,Books,Fiction,64.59,Customer 41,East,Kolkata,2023-03-23,2025,1,Jan
ORD000407,2025-05-21,CUST01146,PROD0039,4,0.15,172.16,585.34,473.2,112.14,Credit Card,Delivered,3.0,Smartphones Product 39,Electronics,Smartphones,169.11,Customer 1146,North,Jaipur,2024-03-09,2025,5,May
ORD000408,2025-09-11,CUST01251,PROD0119,1,0.15,539.45,458.53,321.14,137.39,Credit Card,Cancelled,,Smartphones Product 119,Electronics,Smartphones,516.56,Customer 1251,North,Jaipur,2023-04-20,2025,9,Sep
ORD000409,2025-02-12,CUST00294,PROD0098,1,0.1,131.18,118.06,82.71,35.35,COD,Delivered,5.0,Fragrance Product 98,Beauty,Fragrance,123.08,Customer 294,East,Ranchi,2024-04-27,2025,2,Feb
ORD000410,2025-01-17,CUST00600,PROD0031,3,0.0,251.42,754.26,604.63,149.63,Net Banking,Delivered,7.0,Furniture Product 31,Home & Kitchen,Furniture,253.64,Customer 600,East,Ranchi,2023-07-04,2025,1,Jan
ORD000411,2025-03-04,CUST01291,PROD0012,3,0.25,310.36,698.31,453.61,244.7,Net Banking,Delivered,6.0,Audio Product 12,Electronics,Audio,304.0,Customer 1291,East,Kolkata,2023-05-08,2025,3,Mar
ORD000412,2025-09-10,CUST00541,PROD0115,1,0.1,375.12,337.61,222.72,114.89,Credit Card,Delivered,3.0,Smartphones Product 115,Electronics,Smartphones,361.73,Customer 541,South,Bengaluru,2023-12-04,2025,9,Sep
ORD000413,2025-10-19,CUST00451,PROD0108,1,0.05,417.44,396.57,292.48,104.09,UPI,Delivered,3.0,Kitchen Product 108,Home & Kitchen,Kitchen,373.49,Customer 451,North,Jaipur,2023-06-03,2025,10,Oct
ORD000414,2025-01-08,CUST01473,PROD0080,2,0.05,40.77,77.46,59.52,17.94,UPI,Cancelled,,Skincare Product 80,Beauty,Skincare,39.29,Customer 1473,Central,Bhopal,2025-04-28,2025,1,Jan
ORD000415,2025-11-21,CUST01085,PROD0038,3,0.05,697.92,1989.07,1487.5,501.57,UPI,Delivered,6.0,Laptops Product 38,Electronics,Laptops,723.36,Customer 1085,South,Chennai,2023-03-15,2025,11,Nov
ORD000416,2025-03-31,CUST01171,PROD0067,4,0.0,200.23,800.92,616.14,184.78,UPI,Delivered,7.0,Furniture Product 67,Home & Kitchen,Furniture,192.97,Customer 1171,East,Patna,2024-03-13,2025,3,Mar
ORD000417,2025-07-27,CUST00790,PROD0066,4,0.05,39.83,151.35,108.67,42.68,COD,Delivered,3.0,Self Help Product 66,Books,Self Help,36.75,Customer 790,South,Hyderabad,2025-03-04,2025,7,Jul
ORD000418,2025-10-19,CUST00334,PROD0052,3,0.25,63.33,142.49,112.15,30.34,UPI,Delivered,5.0,Self Help Product 52,Books,Self Help,58.02,Customer 334,Central,Indore,2024-02-05,2025,10,Oct
ORD000419,2025-10-11,CUST00891,PROD0005,1,0.05,255.35,242.58,172.72,69.86,UPI,Delivered,6.0,Men Product 5,Fashion,Men,236.42,Customer 891,East,Ranchi,2025-05-18,2025,10,Oct
ORD000420,2025-04-28,CUST01166,PROD0011,3,0.1,181.7,490.59,311.55,179.04,Credit Card,Delivered,1.0,Skincare Product 11,Beauty,Skincare,165.54,Customer 1166,South,Kochi,2025-04-13,2025,4,Apr
ORD000421,2025-12-15,CUST00044,PROD0025,1,0.15,276.25,234.81,166.72,68.09,Credit Card,Delivered,3.0,Kitchen Product 25,Home & Kitchen,Kitchen,279.9,Customer 44,South,Kochi,2025-02-07,2025,12,Dec
ORD000422,2025-06-24,CUST00144,PROD0035,1,0.1,32.23,29.01,21.79,7.22,COD,Delivered,6.0,Footwear Product 35,Fashion,Footwear,31.55,Customer 144,West,Surat,2024-01-26,2025,6,Jun
ORD000423,2025-03-17,CUST00333,PROD0035,4,0.05,33.95,129.01,95.06,33.95,UPI,Delivered,3.0,Footwear Product 35,Fashion,Footwear,31.55,Customer 333,North,Delhi,2023-05-20,2025,3,Mar
ORD000424,2025-04-11,CUST00998,PROD0022,3,0.1,191.21,516.27,329.55,186.72,COD,Delivered,3.0,Kitchen Product 22,Home & Kitchen,Kitchen,196.54,Customer 998,West,Mumbai,2023-03-11,2025,4,Apr
ORD000425,2025-05-31,CUST01420,PROD0037,2,0.0,192.85,385.7,227.51,158.19,UPI,Delivered,3.0,Sportswear Product 37,Sports,Sportswear,193.95,Customer 1420,East,Patna,2024-02-10,2025,5,May
ORD000426,2025-09-27,CUST00055,PROD0086,1,0.0,392.51,392.51,251.44,141.07,COD,Delivered,3.0,Audio Product 86,Electronics,Audio,361.35,Customer 55,South,Kochi,2023-04-15,2025,9,Sep
ORD000427,2025-03-12,CUST01331,PROD0055,4,0.1,308.98,1112.33,907.85,204.48,Credit Card,Returned,2.0,Fitness Product 55,Sports,Fitness,287.69,Customer 1331,Central,Kanpur,2025-04-24,2025,3,Mar
ORD000428,2025-06-29,CUST00870,PROD0075,1,0.2,247.21,197.77,123.46,74.31,Debit Card,Cancelled,,Decor Product 75,Home & Kitchen,Decor,221.86,Customer 870,North,Delhi,2025-05-08,2025,6,Jun
ORD000429,2025-05-04,CUST01447,PROD0096,2,0.15,235.25,399.92,276.52,123.4,UPI,Delivered,2.0,Footwear Product 96,Fashion,Footwear,210.2,Customer 1447,Central,Kanpur,2023-08-17,2025,5,May
ORD000430,2025-10-20,CUST01441,PROD0099,4,0.0,186.73,746.92,547.64,199.28,Credit Card,Delivered,6.0,Fitness Product 99,Sports,Fitness,192.87,Customer 1441,South,Chennai,2025-02-14,2025,10,Oct
ORD000431,2025-10-12,CUST00797,PROD0095,1,0.05,41.08,39.03,30.88,8.15,Debit Card,Delivered,1.0,Business Product 95,Books,Business,37.34,Customer 797,Central,Bhopal,2024-09-23,2025,10,Oct
ORD000432,2025-07-14,CUST00325,PROD0109,2,0.0,42.9,85.8,65.42,20.38,UPI,Delivered,3.0,Fiction Product 109,Books,Fiction,45.69,Customer 325,Central,Nagpur,2023-05-04,2025,7,Jul
ORD000433,2025-08-16,CUST00080,PROD0117,1,0.1,289.66,260.69,208.07,52.62,UPI,Delivered,3.0,Furniture Product 117,Home & Kitchen,Furniture,272.76,Customer 80,West,Pune,2023-06-03,2025,8,Aug
ORD000434,2025-10-02,CUST01055,PROD0072,1,0.0,15.43,15.43,11.19,4.24,COD,Delivered,5.0,Technology Product 72,Books,Technology,16.01,Customer 1055,North,Delhi,2024-05-15,2025,10,Oct
ORD000435,2025-04-16,CUST00985,PROD0064,2,0.2,486.72,778.75,613.4,165.35,Credit Card,Delivered,2.0,Decor Product 64,Home & Kitchen,Decor,496.62,Customer 985,East,Patna,2025-06-05,2025,4,Apr
ORD000436,2025-01-21,CUST01136,PROD0020,3,0.0,105.89,317.67,204.36,113.31,COD,Delivered,3.0,Skincare Product 20,Beauty,Skincare,95.46,Customer 1136,North,Chandigarh,2023-07-12,2025,1,Jan
ORD000437,2025-03-05,CUST00558,PROD0106,1,0.0,148.58,148.58,101.53,47.05,Debit Card,Delivered,1.0,Women Product 106,Fashion,Women,152.76,Customer 558,East,Bhubaneswar,2024-11-21,2025,3,Mar
ORD000438,2025-06-14,CUST00865,PROD0098,2,0.1,129.8,233.64,182.82,50.82,UPI,Delivered,6.0,Fragrance Product 98,Beauty,Fragrance,123.08,Customer 865,West,Ahmedabad,2025-04-22,2025,6,Jun
ORD000439,2025-01-27,CUST00717,PROD0004,4,0.0,10.4,41.6,27.38,14.22,UPI,Delivered,4.0,Technology Product 4,Books,Technology,10.88,Customer 717,East,Ranchi,2024-10-11,2025,1,Jan
ORD000440,2025-11-07,CUST00472,PROD0018,1,0.15,206.85,175.82,138.74,37.08,COD,Delivered,3.0,Furniture Product 18,Home & Kitchen,Furniture,220.36,Customer 472,West,Ahmedabad,2023-05-17,2025,11,Nov
ORD000441,2025-10-12,CUST00074,PROD0051,1,0.2,181.27,145.02,96.75,48.27,Credit Card,Returned,6.0,Furniture Product 51,Home & Kitchen,Furniture,183.5,Customer 74,North,Lucknow,2024-02-07,2025,10,Oct
ORD000442,2025-05-28,CUST00589,PROD0068,4,0.0,102.46,409.84,273.45,136.39,UPI,Returned,2.0,Kitchen Product 68,Home & Kitchen,Kitchen,98.06,Customer 589,South,Hyderabad,2024-09-10,2025,5,May
ORD000443,2025-10-08,CUST01411,PROD0020,1,0.05,92.56,87.93,57.52,30.41,Debit Card,Delivered,3.0,Skincare Product 20,Beauty,Skincare,95.46,Customer 1411,Central,Bhopal,2023-12-11,2025,10,Oct
ORD000444,2025-11-22,CUST00564,PROD0009,1,0.25,295.62,221.72,157.7,64.02,UPI,Delivered,4.0,Furniture Product 9,Home & Kitchen,Furniture,301.64,Customer 564,South,Bengaluru,2024-01-25,2025,11,Nov
ORD000445,2025-11-15,CUST01457,PROD0080,2,0.15,41.72,70.92,43.33,27.59,Net Banking,Delivered,3.0,Skincare Product 80,Beauty,Skincare,39.29,Customer 1457,North,Chandigarh,2024-05-25,2025,11,Nov
ORD000446,2025-06-13,CUST01436,PROD0026,1,0.25,212.43,159.32,93.81,65.51,UPI,Delivered,4.0,Men Product 26,Fashion,Men,225.85,Customer 1436,South,Hyderabad,2024-12-31,2025,6,Jun
ORD000447,2025-08-12,CUST00467,PROD0102,3,0.0,52.73,158.19,125.82,32.37,UPI,Delivered,3.0,Makeup Product 102,Beauty,Makeup,52.24,Customer 467,West,Ahmedabad,2025-05-30,2025,8,Aug
ORD000448,2025-09-29,CUST00599,PROD0025,2,0.0,310.23,620.46,498.2,122.26,UPI,Delivered,5.0,Kitchen Product 25,Home & Kitchen,Kitchen,279.9,Customer 599,West,Pune,2024-11-28,2025,9,Sep
ORD000449,2025-05-26,CUST00992,PROD0068,1,0.0,98.0,98.0,58.63,39.37,UPI,Delivered,3.0,Kitchen Product 68,Home & Kitchen,Kitchen,98.06,Customer 992,South,Bengaluru,2024-06-23,2025,5,May
ORD000450,2025-12-22,CUST00737,PROD0041,1,0.05,393.49,373.82,266.13,107.69,Credit Card,Delivered,2.0,Accessories Product 41,Electronics,Accessories,390.82,Customer 737,Central,Kanpur,2023-12-29,2025,12,Dec
ORD000451,2025-01-30,CUST00994,PROD0059,3,0.15,103.85,264.82,187.9,76.92,Debit Card,Delivered,5.0,Haircare Product 59,Beauty,Haircare,97.27,Customer 994,Central,Kanpur,2025-02-07,2025,1,Jan
ORD000452,2025-02-14,CUST00248,PROD0045,1,0.0,198.06,198.06,132.58,65.48,Net Banking,Delivered,6.0,Kitchen Product 45,Home & Kitchen,Kitchen,184.1,Customer 248,East,Ranchi,2024-07-28,2025,2,Feb
ORD000453,2025-10-02,CUST01144,PROD0041,2,0.1,419.71,755.48,541.33,214.15,Debit Card,Delivered,3.0,Accessories Product 41,Electronics,Accessories,390.82,Customer 1144,South,Chennai,2024-03-05,2025,10,Oct
ORD000454,2025-02-03,CUST00067,PROD0038,3,0.05,809.85,2308.07,1592.45,715.62,UPI,Delivered,4.0,Laptops Product 38,Electronics,Laptops,723.36,Customer 67,South,Hyderabad,2024-10-12,2025,2,Feb
ORD000455,2025-05-21,CUST00573,PROD0117,4,0.15,254.84,866.46,604.37,262.09,Credit Card,Delivered,4.0,Furniture Product 117,Home & Kitchen,Furniture,272.76,Customer 573,South,Hyderabad,2024-10-10,2025,5,May
ORD000456,2025-11-14,CUST01351,PROD0019,2,0.0,238.74,477.48,363.5,113.98,COD,Delivered,5.0,Decor Product 19,Home & Kitchen,Decor,213.84,Customer 1351,West,Ahmedabad,2023-08-12,2025,11,Nov
ORD000457,2025-08-09,CUST00703,PROD0014,3,0.0,142.45,427.35,301.81,125.54,Credit Card,Delivered,2.0,Accessories Product 14,Electronics,Accessories,128.33,Customer 703,North,Jaipur,2024-10-07,2025,8,Aug
ORD000458,2025-12-22,CUST00470,PROD0021,1,0.1,14.19,12.77,8.4,4.37,UPI,Delivered,4.0,Technology Product 21,Books,Technology,13.01,Customer 470,North,Lucknow,2023-01-07,2025,12,Dec
ORD000459,2025-01-22,CUST00493,PROD0015,2,0.0,118.74,237.48,170.88,66.6,Credit Card,Delivered,5.0,Kitchen Product 15,Home & Kitchen,Kitchen,117.47,Customer 493,North,Jaipur,2025-01-25,2025,1,Jan
ORD000460,2025-06-29,CUST00663,PROD0003,1,0.1,617.21,555.49,407.61,147.88,UPI,Delivered,2.0,Accessories Product 3,Electronics,Accessories,564.08,Customer 663,West,Ahmedabad,2023-04-07,2025,6,Jun
ORD000461,2025-11-25,CUST00286,PROD0037,1,0.05,187.0,177.65,131.28,46.37,UPI,Delivered,3.0,Sportswear Product 37,Sports,Sportswear,193.95,Customer 286,South,Bengaluru,2023-07-12,2025,11,Nov
ORD000462,2025-08-19,CUST00312,PROD0117,2,0.2,294.13,470.61,342.79,127.82,Debit Card,Delivered,3.0,Furniture Product 117,Home & Kitchen,Furniture,272.76,Customer 312,Central,Kanpur,2025-04-19,2025,8,Aug
ORD000463,2025-02-07,CUST00309,PROD0114,2,0.1,526.39,947.5,700.68,246.82,Net Banking,Cancelled,,Audio Product 114,Electronics,Audio,550.01,Customer 309,South,Kochi,2023-01-22,2025,2,Feb
ORD000464,2025-03-11,CUST00775,PROD0046,2,0.1,129.57,233.23,152.63,80.6,Credit Card,Cancelled,,Accessories Product 46,Electronics,Accessories,119.63,Customer 775,Central,Indore,2023-04-13,2025,3,Mar
ORD000465,2025-04-26,CUST01121,PROD0016,4,0.25,212.61,637.83,438.24,199.59,Debit Card,Delivered,2.0,Women Product 16,Fashion,Women,203.86,Customer 1121,West,Surat,2023-03-16,2025,4,Apr
ORD000466,2025-08-27,CUST00965,PROD0014,3,0.25,120.58,271.3,200.89,70.41,UPI,Delivered,2.0,Accessories Product 14,Electronics,Accessories,128.33,Customer 965,Central,Nagpur,2023-08-27,2025,8,Aug
ORD000467,2025-12-01,CUST01137,PROD0009,1,0.1,331.52,298.37,227.07,71.3,Credit Card,Delivered,4.0,Furniture Product 9,Home & Kitchen,Furniture,301.64,Customer 1137,South,Hyderabad,2024-10-16,2025,12,Dec
ORD000468,2025-05-28,CUST00456,PROD0111,4,0.1,66.89,240.8,164.75,76.05,Debit Card,Delivered,5.0,Fiction Product 111,Books,Fiction,64.59,Customer 456,West,Mumbai,2024-10-23,2025,5,May
ORD000469,2025-01-09,CUST01487,PROD0007,1,0.1,16.11,14.5,9.68,4.82,Credit Card,Delivered,2.0,Haircare Product 7,Beauty,Haircare,15.32,Customer 1487,East,Patna,2025-04-04,2025,1,Jan
ORD000470,2025-10-15,CUST00132,PROD0014,1,0.05,125.34,119.07,89.52,29.55,UPI,Delivered,3.0,Accessories Product 14,Electronics,Accessories,128.33,Customer 132,West,Ahmedabad,2025-04-09,2025,10,Oct
ORD000471,2025-02-19,CUST00930,PROD0006,1,0.25,85.99,64.49,40.84,23.65,Debit Card,Delivered,5.0,Decor Product 6,Home & Kitchen,Decor,78.58,Customer 930,South,Chennai,2023-09-26,2025,2,Feb
ORD000472,2025-12-04,CUST00965,PROD0085,1,0.15,162.0,137.7,80.18,57.52,Net Banking,Delivered,1.0,Makeup Product 85,Beauty,Makeup,157.43,Customer 965,Central,Nagpur,2023-08-27,2025,12,Dec
ORD000473,2025-01-05,CUST00929,PROD0015,1,0.05,117.97,112.07,77.67,34.4,Debit Card,Delivered,3.0,Kitchen Product 15,Home & Kitchen,Kitchen,117.47,Customer 929,West,Ahmedabad,2024-03-20,2025,1,Jan
ORD000474,2025-12-09,CUST00121,PROD0052,2,0.0,59.58,119.16,74.07,45.09,UPI,Delivered,4.0,Self Help Product 52,Books,Self Help,58.02,Customer 121,East,Ranchi,2024-03-08,2025,12,Dec
ORD000475,2025-05-06,CUST01221,PROD0072,2,0.0,16.98,33.96,22.78,11.18,UPI,Delivered,5.0,Technology Product 72,Books,Technology,16.01,Customer 1221,Central,Indore,2023-03-05,2025,5,May
ORD000476,2025-03-16,CUST00634,PROD0034,4,0.0,111.73,446.92,290.45,156.47,UPI,Delivered,4.0,Accessories Product 34,Fashion,Accessories,105.5,Customer 634,South,Bengaluru,2023-07-15,2025,3,Mar
ORD000477,2025-06-14,CUST00897,PROD0104,1,0.0,68.29,68.29,52.35,15.94,UPI,Delivered,3.0,Footwear Product 104,Fashion,Footwear,68.87,Customer 897,West,Pune,2023-11-10,2025,6,Jun
ORD000478,2025-10-05,CUST00772,PROD0001,1,0.05,393.09,373.44,246.3,127.14,Net Banking,Cancelled,,Kitchen Product 1,Home & Kitchen,Kitchen,394.25,Customer 772,South,Chennai,2023-01-07,2025,10,Oct
ORD000479,2025-11-20,CUST01063,PROD0096,3,0.0,217.02,651.06,477.72,173.34,Debit Card,Delivered,1.0,Footwear Product 96,Fashion,Footwear,210.2,Customer 1063,West,Surat,2023-12-22,2025,11,Nov
ORD000480,2025-10-27,CUST00566,PROD0113,1,0.1,531.04,477.94,354.51,123.43,Credit Card,Delivered,3.0,Smartphones Product 113,Electronics,Smartphones,480.63,Customer 566,East,Bhubaneswar,2025-05-06,2025,10,Oct
ORD000481,2025-10-17,CUST00512,PROD0115,2,0.0,386.72,773.44,533.32,240.12,Net Banking,Delivered,4.0,Smartphones Product 115,Electronics,Smartphones,361.73,Customer 512,South,Chennai,2024-05-07,2025,10,Oct
ORD000482,2025-03-18,CUST01498,PROD0069,1,0.0,144.34,144.34,86.53,57.81,UPI,Delivered,2.0,Women Product 69,Fashion,Women,144.62,Customer 1498,Central,Indore,2023-09-22,2025,3,Mar
ORD000483,2025-10-25,CUST01185,PROD0094,4,0.1,26.84,96.62,72.28,24.34,Debit Card,Delivered,4.0,Footwear Product 94,Fashion,Footwear,27.18,Customer 1185,East,Ranchi,2024-03-14,2025,10,Oct
ORD000484,2025-05-17,CUST00289,PROD0086,2,0.2,370.29,592.46,354.31,238.15,UPI,Cancelled,,Audio Product 86,Electronics,Audio,361.35,Customer 289,East,Kolkata,2023-12-02,2025,5,May
ORD000485,2025-04-16,CUST00200,PROD0020,1,0.1,104.43,93.99,56.75,37.24,UPI,Delivered,3.0,Skincare Product 20,Beauty,Skincare,95.46,Customer 200,East,Ranchi,2024-05-19,2025,4,Apr
ORD000486,2025-04-05,CUST00528,PROD0080,1,0.05,36.22,34.41,21.58,12.83,UPI,Delivered,3.0,Skincare Product 80,Beauty,Skincare,39.29,Customer 528,West,Pune,2023-10-23,2025,4,Apr
ORD000487,2025-05-15,CUST00917,PROD0007,2,0.1,16.27,29.29,18.96,10.33,COD,Delivered,5.0,Haircare Product 7,Beauty,Haircare,15.32,Customer 917,West,Ahmedabad,2025-06-17,2025,5,May
ORD000488,2025-03-09,CUST01272,PROD0007,1,0.05,15.0,14.25,11.16,3.09,Credit Card,Delivered,7.0,Haircare Product 7,Beauty,Haircare,15.32,Customer 1272,Central,Nagpur,2023-06-15,2025,3,Mar
ORD000489,2025-05-27,CUST01407,PROD0050,2,0.05,91.36,173.58,128.79,44.79,UPI,Delivered,2.0,Smartphones Product 50,Electronics,Smartphones,95.0,Customer 1407,West,Mumbai,2023-09-12,2025,5,May
ORD000490,2025-06-08,CUST01242,PROD0114,1,0.0,507.34,507.34,341.4,165.94,Credit Card,Delivered,8.0,Audio Product 114,Electronics,Audio,550.01,Customer 1242,West,Ahmedabad,2025-03-15,2025,6,Jun
ORD000491,2025-06-12,CUST01111,PROD0002,2,0.1,32.85,59.13,48.18,10.95,UPI,Delivered,7.0,Decor Product 2,Home & Kitchen,Decor,29.88,Customer 1111,Central,Kanpur,2024-12-15,2025,6,Jun
ORD000492,2025-12-07,CUST01106,PROD0047,3,0.1,20.51,55.38,35.36,20.02,UPI,Delivered,2.0,Men Product 47,Fashion,Men,18.6,Customer 1106,North,Chandigarh,2023-04-23,2025,12,Dec
ORD000493,2025-07-08,CUST01086,PROD0014,2,0.1,119.64,215.35,156.42,58.93,Debit Card,Delivered,6.0,Accessories Product 14,Electronics,Accessories,128.33,Customer 1086,East,Patna,2024-07-26,2025,7,Jul
ORD000494,2025-12-05,CUST00799,PROD0031,1,0.05,259.82,246.83,193.35,53.48,UPI,Delivered,4.0,Furniture Product 31,Home & Kitchen,Furniture,253.64,Customer 799,North,Lucknow,2025-04-12,2025,12,Dec
ORD000495,2025-04-05,CUST01066,PROD0050,2,0.15,90.3,153.51,118.58,34.93,COD,Delivered,6.0,Smartphones Product 50,Electronics,Smartphones,95.0,Customer 1066,West,Mumbai,2025-02-06,2025,4,Apr
ORD000496,2025-06-30,CUST00012,PROD0061,1,0.05,93.56,88.88,53.48,35.4,Credit Card,Delivered,7.0,Outdoor Product 61,Sports,Outdoor,87.3,Customer 12,West,Mumbai,2025-01-29,2025,6,Jun
ORD000497,2025-10-15,CUST00833,PROD0041,2,0.0,411.56,823.12,615.16,207.96,UPI,Delivered,5.0,Accessories Product 41,Electronics,Accessories,390.82,Customer 833,West,Surat,2023-07-04,2025,10,Oct
ORD000498,2025-11-18,CUST00841,PROD0014,4,0.05,125.69,477.62,306.58,171.04,UPI,Delivered,3.0,Accessories Product 14,Electronics,Accessories,128.33,Customer 841,Central,Indore,2024-11-15,2025,11,Nov
ORD000499,2025-07-06,CUST00643,PROD0005,1,0.1,223.04,200.74,133.57,67.17,Credit Card,Delivered,4.0,Men Product 5,Fashion,Men,236.42,Customer 643,West,Ahmedabad,2023-03-02,2025,7,Jul
ORD000500,2025-05-18,CUST01139,PROD0075,2,0.0,240.99,481.98,336.11,145.87,UPI,Delivered,3.0,Decor Product 75,Home & Kitchen,Decor,221.86,Customer 1139,South,Kochi,2024-02-10,2025,5,May
ORD000501,2025-05-10,CUST01242,PROD0104,4,0.1,72.65,261.54,201.33,60.21,Credit Card,Delivered,3.0,Footwear Product 104,Fashion,Footwear,68.87,Customer 1242,West,Ahmedabad,2025-03-15,2025,5,May
ORD000502,2025-07-13,CUST00106,PROD0005,3,0.2,217.83,522.79,324.07,198.72,Net Banking,Delivered,2.0,Men Product 5,Fashion,Men,236.42,Customer 106,North,Lucknow,2023-09-28,2025,7,Jul
ORD000503,2025-11-12,CUST00691,PROD0064,2,0.05,519.25,986.58,597.92,388.66,Net Banking,Delivered,3.0,Decor Product 64,Home & Kitchen,Decor,496.62,Customer 691,North,Delhi,2024-11-02,2025,11,Nov
ORD000504,2025-09-30,CUST00528,PROD0029,1,0.1,60.96,54.86,33.84,21.02,Debit Card,Delivered,5.0,Women Product 29,Fashion,Women,56.34,Customer 528,West,Pune,2023-10-23,2025,9,Sep
ORD000505,2025-12-18,CUST01496,PROD0075,1,0.0,230.32,230.32,145.65,84.67,Net Banking,Delivered,5.0,Decor Product 75,Home & Kitchen,Decor,221.86,Customer 1496,West,Surat,2023-04-08,2025,12,Dec
ORD000506,2025-05-24,CUST00846,PROD0005,1,0.05,237.59,225.71,134.14,91.57,UPI,Delivered,7.0,Men Product 5,Fashion,Men,236.42,Customer 846,North,Lucknow,2023-12-01,2025,5,May
ORD000507,2025-01-16,CUST00893,PROD0113,4,0.0,498.31,1993.24,1599.23,394.01,UPI,Delivered,3.0,Smartphones Product 113,Electronics,Smartphones,480.63,Customer 893,Central,Kanpur,2024-03-04,2025,1,Jan
ORD000508,2025-10-29,CUST00387,PROD0118,2,0.25,136.67,205.0,134.6,70.4,Net Banking,Delivered,4.0,Kitchen Product 118,Home & Kitchen,Kitchen,130.92,Customer 387,North,Chandigarh,2024-07-23,2025,10,Oct
ORD000509,2025-09-02,CUST01250,PROD0096,3,0.05,220.29,627.83,390.81,237.02,UPI,Delivered,4.0,Footwear Product 96,Fashion,Footwear,210.2,Customer 1250,Central,Kanpur,2025-06-25,2025,9,Sep
ORD000510,2025-04-17,CUST00481,PROD0036,4,0.15,418.16,1421.74,1042.25,379.49,Credit Card,Delivered,2.0,Furniture Product 36,Home & Kitchen,Furniture,375.57,Customer 481,South,Hyderabad,2024-09-09,2025,4,Apr
ORD000511,2025-03-29,CUST00408,PROD0079,1,0.0,230.2,230.2,177.0,53.2,Debit Card,Delivered,3.0,Appliances Product 79,Home & Kitchen,Appliances,240.86,Customer 408,South,Kochi,2025-03-02,2025,3,Mar
ORD000512,2025-05-09,CUST01481,PROD0019,1,0.15,223.38,189.87,144.45,45.42,Credit Card,Delivered,3.0,Decor Product 19,Home & Kitchen,Decor,213.84,Customer 1481,Central,Nagpur,2024-04-23,2025,5,May
ORD000513,2025-12-07,CUST00898,PROD0064,1,0.2,475.56,380.45,286.28,94.17,UPI,Delivered,8.0,Decor Product 64,Home & Kitchen,Decor,496.62,Customer 898,East,Kolkata,2024-05-14,2025,12,Dec
ORD000514,2025-01-04,CUST00711,PROD0022,3,0.15,189.07,482.13,285.48,196.65,Debit Card,Delivered,7.0,Kitchen Product 22,Home & Kitchen,Kitchen,196.54,Customer 711,South,Hyderabad,2024-12-21,2025,1,Jan
ORD000515,2025-11-23,CUST00639,PROD0034,1,0.2,111.18,88.94,68.28,20.66,Net Banking,Delivered,5.0,Accessories Product 34,Fashion,Accessories,105.5,Customer 639,West,Pune,2025-01-15,2025,11,Nov
ORD000516,2025-11-02,CUST01045,PROD0056,1,0.0,92.56,92.56,64.83,27.73,UPI,Delivered,3.0,Women Product 56,Fashion,Women,83.9,Customer 1045,East,Patna,2024-02-04,2025,11,Nov
ORD000517,2025-04-05,CUST00815,PROD0017,1,0.1,14.42,12.98,9.55,3.43,Credit Card,Delivered,3.0,Equipment Product 17,Sports,Equipment,15.15,Customer 815,East,Ranchi,2025-02-21,2025,4,Apr
ORD000518,2025-07-28,CUST00918,PROD0076,1,0.1,119.24,107.32,86.88,20.44,Credit Card,Delivered,6.0,Women Product 76,Fashion,Women,107.18,Customer 918,Central,Kanpur,2025-02-27,2025,7,Jul
ORD000519,2025-08-13,CUST00203,PROD0089,1,0.1,460.62,414.56,321.1,93.46,UPI,Delivered,3.0,Kitchen Product 89,Home & Kitchen,Kitchen,468.17,Customer 203,South,Hyderabad,2024-07-13,2025,8,Aug
ORD000520,2025-12-14,CUST00417,PROD0056,3,0.2,83.75,201.0,156.4,44.6,UPI,Delivered,4.0,Women Product 56,Fashion,Women,83.9,Customer 417,East,Kolkata,2024-05-09,2025,12,Dec
ORD000521,2025-11-17,CUST00416,PROD0017,1,0.0,14.4,14.4,8.98,5.42,UPI,Delivered,2.0,Equipment Product 17,Sports,Equipment,15.15,Customer 416,Central,Kanpur,2024-10-30,2025,11,Nov
ORD000522,2025-02-16,CUST01472,PROD0074,1,0.0,224.55,224.55,155.91,68.64,Debit Card,Delivered,7.0,Women Product 74,Fashion,Women,215.26,Customer 1472,South,Kochi,2024-07-20,2025,2,Feb
ORD000523,2025-06-30,CUST00085,PROD0092,2,0.05,59.86,113.73,91.88,21.85,Credit Card,Delivered,1.0,Haircare Product 92,Beauty,Haircare,57.6,Customer 85,West,Ahmedabad,2023-05-12,2025,6,Jun
ORD000524,2025-04-16,CUST00167,PROD0082,2,0.2,637.53,1020.05,734.28,285.77,COD,Delivered,2.0,Laptops Product 82,Electronics,Laptops,632.19,Customer 167,East,Ranchi,2024-06-20,2025,4,Apr
ORD000525,2025-07-18,CUST00384,PROD0115,4,0.2,367.23,1175.14,710.51,464.63,UPI,Delivered,5.0,Smartphones Product 115,Electronics,Smartphones,361.73,Customer 384,West,Surat,2023-01-17,2025,7,Jul
ORD000526,2025-04-16,CUST00468,PROD0018,1,0.1,230.19,207.17,156.55,50.62,COD,Delivered,2.0,Furniture Product 18,Home & Kitchen,Furniture,220.36,Customer 468,West,Mumbai,2023-10-28,2025,4,Apr
ORD000527,2025-10-07,CUST01096,PROD0045,1,0.1,190.86,171.77,101.4,70.37,Credit Card,Delivered,7.0,Kitchen Product 45,Home & Kitchen,Kitchen,184.1,Customer 1096,South,Bengaluru,2024-12-09,2025,10,Oct
ORD000528,2025-09-17,CUST00810,PROD0096,3,0.1,209.12,564.62,428.07,136.55,UPI,Delivered,3.0,Footwear Product 96,Fashion,Footwear,210.2,Customer 810,Central,Kanpur,2024-12-18,2025,9,Sep
ORD000529,2025-04-18,CUST00997,PROD0078,1,0.1,119.21,107.29,84.88,22.41,UPI,Delivered,6.0,Fitness Product 78,Sports,Fitness,108.69,Customer 997,East,Kolkata,2024-06-17,2025,4,Apr
ORD000530,2025-01-19,CUST00473,PROD0056,1,0.0,88.39,88.39,60.29,28.1,Credit Card,Delivered,4.0,Women Product 56,Fashion,Women,83.9,Customer 473,Central,Indore,2023-06-13,2025,1,Jan
ORD000531,2025-10-23,CUST00993,PROD0080,2,0.1,37.76,67.97,46.17,21.8,Net Banking,Delivered,4.0,Skincare Product 80,Beauty,Skincare,39.29,Customer 993,South,Bengaluru,2024-01-27,2025,10,Oct
ORD000532,2025-11-02,CUST01282,PROD0050,1,0.1,93.48,84.13,54.94,29.19,Debit Card,Delivered,6.0,Smartphones Product 50,Electronics,Smartphones,95.0,Customer 1282,South,Bengaluru,2023-01-11,2025,11,Nov
ORD000533,2025-06-20,CUST00275,PROD0058,2,0.1,209.0,376.2,297.37,78.83,Debit Card,Delivered,4.0,Footwear Product 58,Fashion,Footwear,193.95,Customer 275,South,Kochi,2024-11-04,2025,6,Jun
ORD000534,2025-11-27,CUST01044,PROD0018,1,0.0,207.34,207.34,147.52,59.82,UPI,Delivered,3.0,Furniture Product 18,Home & Kitchen,Furniture,220.36,Customer 1044,East,Bhubaneswar,2024-10-16,2025,11,Nov
ORD000535,2025-07-14,CUST00490,PROD0080,1,0.15,42.04,35.73,25.69,10.04,UPI,Delivered,2.0,Skincare Product 80,Beauty,Skincare,39.29,Customer 490,North,Chandigarh,2023-02-23,2025,7,Jul
ORD000536,2025-01-12,CUST00326,PROD0081,4,0.15,332.93,1131.96,836.3,295.66,UPI,Delivered,2.0,Accessories Product 81,Electronics,Accessories,335.69,Customer 326,Central,Bhopal,2023-04-23,2025,1,Jan
ORD000537,2025-07-14,CUST00529,PROD0007,3,0.1,15.78,42.61,27.78,14.83,UPI,Delivered,5.0,Haircare Product 7,Beauty,Haircare,15.32,Customer 529,West,Ahmedabad,2023-07-22,2025,7,Jul
ORD000538,2025-10-10,CUST00892,PROD0076,1,0.15,104.62,88.93,60.82,28.11,Debit Card,Delivered,2.0,Women Product 76,Fashion,Women,107.18,Customer 892,South,Chennai,2024-01-03,2025,10,Oct
ORD000539,2025-07-01,CUST00089,PROD0098,1,0.1,137.52,123.77,93.82,29.95,Net Banking,Delivered,3.0,Fragrance Product 98,Beauty,Fragrance,123.08,Customer 89,Central,Kanpur,2024-02-03,2025,7,Jul
ORD000540,2025-11-01,CUST00486,PROD0010,4,0.1,978.56,3522.82,2876.44,646.38,UPI,Delivered,3.0,Smartphones Product 10,Electronics,Smartphones,888.66,Customer 486,West,Mumbai,2024-10-18,2025,11,Nov
ORD000541,2025-05-24,CUST00708,PROD0069,2,0.05,159.9,303.81,178.71,125.1,Net Banking,Delivered,4.0,Women Product 69,Fashion,Women,144.62,Customer 708,South,Bengaluru,2025-01-27,2025,5,May
ORD000542,2025-11-12,CUST00350,PROD0085,2,0.15,150.65,256.1,151.16,104.94,UPI,Delivered,3.0,Makeup Product 85,Beauty,Makeup,157.43,Customer 350,South,Bengaluru,2024-12-26,2025,11,Nov
ORD000543,2025-07-01,CUST01108,PROD0003,2,0.1,613.91,1105.04,754.45,350.59,UPI,Delivered,5.0,Accessories Product 3,Electronics,Accessories,564.08,Customer 1108,East,Bhubaneswar,2024-04-12,2025,7,Jul
ORD000544,2025-01-30,CUST00387,PROD0083,1,0.1,42.39,38.15,28.17,9.98,UPI,Cancelled,,Business Product 83,Books,Business,41.27,Customer 387,North,Chandigarh,2024-07-23,2025,1,Jan
ORD000545,2025-03-25,CUST00087,PROD0109,2,0.1,48.5,87.3,58.73,28.57,UPI,Delivered,5.0,Fiction Product 109,Books,Fiction,45.69,Customer 87,South,Hyderabad,2025-05-23,2025,3,Mar
ORD000546,2025-06-15,CUST00307,PROD0044,2,0.15,22.51,38.27,31.38,6.89,UPI,Delivered,5.0,Business Product 44,Books,Business,23.36,Customer 307,Central,Indore,2024-05-28,2025,6,Jun
ORD000547,2025-10-11,CUST01178,PROD0099,1,0.15,204.9,174.16,109.18,64.98,UPI,Delivered,2.0,Fitness Product 99,Sports,Fitness,192.87,Customer 1178,South,Hyderabad,2023-01-08,2025,10,Oct
ORD000548,2025-10-08,CUST00440,PROD0070,2,0.1,115.26,207.47,120.73,86.74,Credit Card,Delivered,5.0,Footwear Product 70,Fashion,Footwear,104.51,Customer 440,South,Kochi,2023-11-22,2025,10,Oct
ORD000549,2025-04-06,CUST00740,PROD0014,1,0.15,124.93,106.19,66.44,39.75,UPI,Delivered,4.0,Accessories Product 14,Electronics,Accessories,128.33,Customer 740,West,Mumbai,2023-06-24,2025,4,Apr
ORD000550,2025-09-23,CUST00264,PROD0004,2,0.1,10.52,18.94,15.02,3.92,Credit Card,Cancelled,,Technology Product 4,Books,Technology,10.88,Customer 264,Central,Bhopal,2024-03-27,2025,9,Sep
ORD000551,2025-10-25,CUST00977,PROD0109,3,0.25,42.99,96.73,59.47,37.26,UPI,Delivered,3.0,Fiction Product 109,Books,Fiction,45.69,Customer 977,North,Jaipur,2025-06-21,2025,10,Oct
ORD000552,2025-10-23,CUST00735,PROD0115,3,0.15,352.09,897.83,623.95,273.88,COD,Delivered,2.0,Smartphones Product 115,Electronics,Smartphones,361.73,Customer 735,North,Jaipur,2024-10-25,2025,10,Oct
ORD000553,2025-08-13,CUST00421,PROD0018,2,0.0,226.34,452.68,308.11,144.57,Net Banking,Delivered,6.0,Furniture Product 18,Home & Kitchen,Furniture,220.36,Customer 421,East,Patna,2023-05-28,2025,8,Aug
ORD000554,2025-11-29,CUST00493,PROD0093,1,0.15,405.72,344.86,255.12,89.74,COD,Delivered,5.0,Appliances Product 93,Home & Kitchen,Appliances,373.4,Customer 493,North,Jaipur,2025-01-25,2025,11,Nov
ORD000555,2025-12-27,CUST00633,PROD0099,2,0.1,188.19,338.74,200.91,137.83,Credit Card,Delivered,1.0,Fitness Product 99,Sports,Fitness,192.87,Customer 633,East,Kolkata,2023-05-09,2025,12,Dec
ORD000556,2025-02-11,CUST00993,PROD0052,1,0.25,60.59,45.44,33.54,11.9,Debit Card,Delivered,6.0,Self Help Product 52,Books,Self Help,58.02,Customer 993,South,Bengaluru,2024-01-27,2025,2,Feb
ORD000557,2025-10-30,CUST00411,PROD0038,4,0.15,734.87,2498.56,1661.89,836.67,UPI,Delivered,7.0,Laptops Product 38,Electronics,Laptops,723.36,Customer 411,North,Lucknow,2023-01-22,2025,10,Oct
ORD000558,2025-09-03,CUST00173,PROD0080,4,0.0,38.41,153.64,123.26,30.38,Debit Card,Delivered,3.0,Skincare Product 80,Beauty,Skincare,39.29,Customer 173,East,Bhubaneswar,2024-05-10,2025,9,Sep
ORD000559,2025-07-27,CUST00004,PROD0020,1,0.05,97.57,92.69,72.64,20.05,UPI,Returned,1.0,Skincare Product 20,Beauty,Skincare,95.46,Customer 4,East,Patna,2024-03-26,2025,7,Jul
ORD000560,2025-08-25,CUST00854,PROD0088,1,0.1,77.9,70.11,47.39,22.72,UPI,Delivered,4.0,Accessories Product 88,Fashion,Accessories,81.69,Customer 854,East,Kolkata,2023-01-03,2025,8,Aug
ORD000561,2025-01-22,CUST00986,PROD0099,4,0.15,202.11,687.17,562.31,124.86,UPI,Delivered,6.0,Fitness Product 99,Sports,Fitness,192.87,Customer 986,West,Ahmedabad,2025-04-17,2025,1,Jan
ORD000562,2025-07-04,CUST01496,PROD0044,2,0.15,22.03,37.45,22.19,15.26,Credit Card,Delivered,2.0,Business Product 44,Books,Business,23.36,Customer 1496,West,Surat,2023-04-08,2025,7,Jul
ORD000563,2025-08-30,CUST01134,PROD0051,3,0.05,195.65,557.6,428.95,128.65,UPI,Delivered,4.0,Furniture Product 51,Home & Kitchen,Furniture,183.5,Customer 1134,West,Mumbai,2025-04-18,2025,8,Aug
ORD000564,2025-12-29,CUST01061,PROD0019,1,0.1,204.33,183.9,125.81,58.09,COD,Delivered,5.0,Decor Product 19,Home & Kitchen,Decor,213.84,Customer 1061,West,Mumbai,2023-04-24,2025,12,Dec
ORD000565,2025-10-10,CUST00583,PROD0120,2,0.1,14.89,26.8,18.33,8.47,UPI,Delivered,2.0,Self Help Product 120,Books,Self Help,13.3,Customer 583,North,Chandigarh,2023-07-07,2025,10,Oct
ORD000566,2025-02-10,CUST01055,PROD0068,1,0.0,106.37,106.37,66.04,40.33,Net Banking,Delivered,4.0,Kitchen Product 68,Home & Kitchen,Kitchen,98.06,Customer 1055,North,Delhi,2024-05-15,2025,2,Feb
ORD000567,2025-12-02,CUST00381,PROD0097,1,0.0,58.66,58.66,41.27,17.39,UPI,Delivered,2.0,Self Help Product 97,Books,Self Help,59.33,Customer 381,West,Ahmedabad,2024-07-27,2025,12,Dec
ORD000568,2025-06-11,CUST01292,PROD0066,4,0.05,36.94,140.37,84.27,56.1,Debit Card,Delivered,4.0,Self Help Product 66,Books,Self Help,36.75,Customer 1292,East,Bhubaneswar,2023-08-26,2025,6,Jun
ORD000569,2025-06-09,CUST01035,PROD0013,1,0.0,747.64,747.64,544.27,203.37,Debit Card,Delivered,3.0,Laptops Product 13,Electronics,Laptops,769.31,Customer 1035,Central,Nagpur,2023-04-01,2025,6,Jun
ORD000570,2025-03-30,CUST00344,PROD0062,1,0.0,179.86,179.86,114.75,65.11,Credit Card,Delivered,3.0,Accessories Product 62,Fashion,Accessories,167.56,Customer 344,East,Kolkata,2023-02-02,2025,3,Mar
ORD000571,2025-11-18,CUST00166,PROD0061,1,0.0,86.96,86.96,65.56,21.4,Credit Card,Delivered,5.0,Outdoor Product 61,Sports,Outdoor,87.3,Customer 166,South,Kochi,2025-05-18,2025,11,Nov
ORD000572,2025-01-12,CUST00700,PROD0109,4,0.2,48.94,156.61,113.66,42.95,Debit Card,Delivered,3.0,Fiction Product 109,Books,Fiction,45.69,Customer 700,West,Mumbai,2024-08-19,2025,1,Jan
ORD000573,2025-03-14,CUST00342,PROD0030,2,0.05,310.03,589.06,447.18,141.88,Credit Card,Delivered,4.0,Decor Product 30,Home & Kitchen,Decor,335.65,Customer 342,West,Mumbai,2025-06-06,2025,3,Mar
ORD000574,2025-03-17,CUST01043,PROD0098,1,0.05,116.57,110.74,84.16,26.58,Credit Card,Delivered,5.0,Fragrance Product 98,Beauty,Fragrance,123.08,Customer 1043,West,Surat,2023-12-17,2025,3,Mar
ORD000575,2025-12-12,CUST00980,PROD0030,2,0.0,333.3,666.6,418.1,248.5,Credit Card,Delivered,2.0,Decor Product 30,Home & Kitchen,Decor,335.65,Customer 980,West,Surat,2024-03-12,2025,12,Dec
ORD000576,2025-07-20,CUST01208,PROD0051,1,0.1,172.82,155.54,90.24,65.3,UPI,Delivered,2.0,Furniture Product 51,Home & Kitchen,Furniture,183.5,Customer 1208,North,Jaipur,2023-09-21,2025,7,Jul
ORD000577,2025-01-10,CUST00545,PROD0118,1,0.1,136.19,122.57,81.85,40.72,UPI,Delivered,1.0,Kitchen Product 118,Home & Kitchen,Kitchen,130.92,Customer 545,North,Lucknow,2023-06-13,2025,1,Jan
ORD000578,2025-12-18,CUST01034,PROD0088,1,0.0,75.99,75.99,60.84,15.15,UPI,Delivered,3.0,Accessories Product 88,Fashion,Accessories,81.69,Customer 1034,West,Ahmedabad,2025-03-09,2025,12,Dec
ORD000579,2025-08-14,CUST00192,PROD0048,2,0.1,119.66,215.39,154.8,60.59,Net Banking,Delivered,5.0,Fragrance Product 48,Beauty,Fragrance,109.58,Customer 192,North,Chandigarh,2023-06-11,2025,8,Aug
ORD000580,2025-06-25,CUST00320,PROD0108,3,0.15,400.48,1021.22,770.61,250.61,Debit Card,Delivered,5.0,Kitchen Product 108,Home & Kitchen,Kitchen,373.49,Customer 320,East,Patna,2023-06-28,2025,6,Jun
ORD000581,2025-10-03,CUST00580,PROD0033,2,0.05,40.72,77.37,61.21,16.16,UPI,Delivered,6.0,Business Product 33,Books,Business,42.27,Customer 580,West,Ahmedabad,2024-07-23,2025,10,Oct
ORD000582,2025-02-08,CUST00475,PROD0105,2,0.1,175.94,316.69,252.55,64.14,UPI,Delivered,5.0,Fragrance Product 105,Beauty,Fragrance,173.04,Customer 475,South,Hyderabad,2025-06-15,2025,2,Feb
ORD000583,2025-03-01,CUST00637,PROD0113,4,0.1,485.61,1748.2,1235.92,512.28,Credit Card,Delivered,1.0,Smartphones Product 113,Electronics,Smartphones,480.63,Customer 637,Central,Indore,2023-10-10,2025,3,Mar
ORD000584,2025-03-07,CUST00427,PROD0074,3,0.0,229.25,687.75,488.18,199.57,UPI,Returned,3.0,Women Product 74,Fashion,Women,215.26,Customer 427,Central,Nagpur,2025-04-13,2025,3,Mar
ORD000585,2025-11-17,CUST01083,PROD0082,1,0.15,632.38,537.52,421.54,115.98,Net Banking,Delivered,1.0,Laptops Product 82,Electronics,Laptops,632.19,Customer 1083,Central,Nagpur,2024-11-13,2025,11,Nov
ORD000586,2025-05-04,CUST01460,PROD0019,2,0.15,198.14,336.84,260.65,76.19,Debit Card,Delivered,1.0,Decor Product 19,Home & Kitchen,Decor,213.84,Customer 1460,Central,Nagpur,2023-01-13,2025,5,May
ORD000587,2025-06-13,CUST00097,PROD0071,1,0.1,31.88,28.69,21.45,7.24,Debit Card,Delivered,3.0,Footwear Product 71,Fashion,Footwear,32.71,Customer 97,Central,Bhopal,2023-05-27,2025,6,Jun
ORD000588,2025-06-08,CUST00496,PROD0057,3,0.05,31.33,89.29,64.74,24.55,COD,Delivered,3.0,Fitness Product 57,Sports,Fitness,30.92,Customer 496,North,Jaipur,2023-05-07,2025,6,Jun
ORD000589,2025-02-26,CUST00661,PROD0019,1,0.2,238.41,190.73,138.88,51.85,Credit Card,Delivered,4.0,Decor Product 19,Home & Kitchen,Decor,213.84,Customer 661,East,Bhubaneswar,2025-03-17,2025,2,Feb
ORD000590,2025-03-19,CUST01302,PROD0088,1,0.1,89.55,80.6,53.77,26.83,Credit Card,Delivered,1.0,Accessories Product 88,Fashion,Accessories,81.69,Customer 1302,South,Kochi,2024-05-04,2025,3,Mar
ORD000591,2025-07-13,CUST01289,PROD0079,1,0.05,230.33,218.81,171.07,47.74,Debit Card,Delivered,4.0,Appliances Product 79,Home & Kitchen,Appliances,240.86,Customer 1289,North,Chandigarh,2023-09-23,2025,7,Jul
ORD000592,2025-10-12,CUST00009,PROD0041,2,0.05,416.09,790.57,575.75,214.82,Debit Card,Delivered,1.0,Accessories Product 41,Electronics,Accessories,390.82,Customer 9,South,Hyderabad,2025-01-09,2025,10,Oct
ORD000593,2025-01-15,CUST00457,PROD0042,1,0.1,298.18,268.36,170.05,98.31,Net Banking,Delivered,3.0,Accessories Product 42,Electronics,Accessories,269.27,Customer 457,East,Kolkata,2024-07-13,2025,1,Jan
ORD000594,2025-01-12,CUST00273,PROD0087,1,0.15,167.3,142.21,90.67,51.54,Debit Card,Returned,3.0,Equipment Product 87,Sports,Equipment,181.5,Customer 273,South,Bengaluru,2025-03-11,2025,1,Jan
ORD000595,2025-04-11,CUST00940,PROD0052,1,0.05,61.74,58.65,46.14,12.51,UPI,Delivered,2.0,Self Help Product 52,Books,Self Help,58.02,Customer 940,Central,Bhopal,2024-01-21,2025,4,Apr
ORD000596,2025-06-05,CUST01032,PROD0116,1,0.0,52.09,52.09,38.03,14.06,COD,Delivered,3.0,Men Product 116,Fashion,Men,51.48,Customer 1032,West,Mumbai,2024-10-13,2025,6,Jun
ORD000597,2025-12-06,CUST00208,PROD0004,1,0.1,11.49,10.34,6.99,3.35,Debit Card,Delivered,1.0,Technology Product 4,Books,Technology,10.88,Customer 208,North,Lucknow,2025-05-18,2025,12,Dec
ORD000598,2025-05-05,CUST01147,PROD0102,4,0.2,54.39,174.05,108.76,65.29,UPI,Delivered,3.0,Makeup Product 102,Beauty,Makeup,52.24,Customer 1147,North,Lucknow,2024-02-08,2025,5,May
ORD000599,2025-12-25,CUST01057,PROD0004,3,0.0,12.15,36.45,26.48,9.97,Debit Card,Delivered,1.0,Technology Product 4,Books,Technology,10.88,Customer 1057,North,Jaipur,2024-08-20,2025,12,Dec
ORD000600,2025-10-07,CUST00204,PROD0005,2,0.15,231.16,392.97,245.31,147.66,UPI,Delivered,6.0,Men Product 5,Fashion,Men,236.42,Customer 204,East,Bhubaneswar,2024-03-11,2025,10,Oct
ORD000601,2025-04-20,CUST00518,PROD0041,1,0.1,421.0,378.9,262.52,116.38,Net Banking,Delivered,1.0,Accessories Product 41,Electronics,Accessories,390.82,Customer 518,East,Bhubaneswar,2023-04-21,2025,4,Apr
ORD000602,2025-11-30,CUST00517,PROD0108,3,0.15,361.14,920.91,683.87,237.04,COD,Delivered,7.0,Kitchen Product 108,Home & Kitchen,Kitchen,373.49,Customer 517,North,Chandigarh,2023-05-31,2025,11,Nov
ORD000603,2025-12-23,CUST00443,PROD0087,2,0.1,182.79,329.02,235.48,93.54,UPI,Delivered,3.0,Equipment Product 87,Sports,Equipment,181.5,Customer 443,North,Lucknow,2023-04-10,2025,12,Dec
ORD000604,2025-05-26,CUST00689,PROD0104,3,0.05,76.8,218.88,175.39,43.49,Net Banking,Delivered,4.0,Footwear Product 104,Fashion,Footwear,68.87,Customer 689,South,Bengaluru,2024-08-21,2025,5,May
ORD000605,2025-08-04,CUST00850,PROD0117,4,0.1,292.73,1053.83,621.27,432.56,Debit Card,Delivered,5.0,Furniture Product 117,Home & Kitchen,Furniture,272.76,Customer 850,Central,Kanpur,2025-01-15,2025,8,Aug
ORD000606,2025-06-11,CUST00833,PROD0101,4,0.2,317.45,1015.84,657.4,358.44,Debit Card,Delivered,4.0,Laptops Product 101,Electronics,Laptops,322.89,Customer 833,West,Surat,2023-07-04,2025,6,Jun
ORD000607,2025-05-08,CUST00339,PROD0061,1,0.05,91.13,86.57,51.4,35.17,Credit Card,Delivered,2.0,Outdoor Product 61,Sports,Outdoor,87.3,Customer 339,South,Bengaluru,2025-04-25,2025,5,May
ORD000608,2025-11-10,CUST01462,PROD0075,1,0.1,206.32,185.69,116.37,69.32,UPI,Cancelled,,Decor Product 75,Home & Kitchen,Decor,221.86,Customer 1462,South,Kochi,2024-05-12,2025,11,Nov
ORD000609,2025-11-28,CUST01469,PROD0055,2,0.0,280.0,560.0,341.46,218.54,Credit Card,Delivered,5.0,Fitness Product 55,Sports,Fitness,287.69,Customer 1469,South,Bengaluru,2024-08-28,2025,11,Nov
ORD000610,2025-05-30,CUST01160,PROD0075,3,0.0,235.99,707.97,535.11,172.86,UPI,Delivered,2.0,Decor Product 75,Home & Kitchen,Decor,221.86,Customer 1160,East,Ranchi,2024-10-04,2025,5,May
ORD000611,2025-02-05,CUST00387,PROD0013,3,0.15,795.48,2028.47,1356.34,672.13,Credit Card,Delivered,4.0,Laptops Product 13,Electronics,Laptops,769.31,Customer 387,North,Chandigarh,2024-07-23,2025,2,Feb
ORD000612,2025-06-22,CUST01049,PROD0014,1,0.0,130.12,130.12,104.36,25.76,Net Banking,Delivered,7.0,Accessories Product 14,Electronics,Accessories,128.33,Customer 1049,South,Bengaluru,2025-03-13,2025,6,Jun
ORD000613,2025-01-22,CUST00506,PROD0060,1,0.15,129.34,109.94,64.38,45.56,COD,Delivered,4.0,Outdoor Product 60,Sports,Outdoor,122.23,Customer 506,North,Lucknow,2025-02-23,2025,1,Jan
ORD000614,2025-07-25,CUST01349,PROD0072,2,0.05,16.01,30.42,22.41,8.01,UPI,Delivered,3.0,Technology Product 72,Books,Technology,16.01,Customer 1349,North,Delhi,2023-07-06,2025,7,Jul
ORD000615,2025-05-07,CUST00680,PROD0025,2,0.25,258.97,388.46,315.79,72.67,UPI,Delivered,2.0,Kitchen Product 25,Home & Kitchen,Kitchen,279.9,Customer 680,West,Pune,2024-04-15,2025,5,May
ORD000616,2025-12-02,CUST01362,PROD0082,1,0.0,637.38,637.38,396.58,240.8,Net Banking,Delivered,1.0,Laptops Product 82,Electronics,Laptops,632.19,Customer 1362,South,Chennai,2023-09-27,2025,12,Dec
ORD000617,2025-12-22,CUST00690,PROD0115,1,0.0,398.06,398.06,273.14,124.92,Credit Card,Delivered,4.0,Smartphones Product 115,Electronics,Smartphones,361.73,Customer 690,Central,Indore,2024-10-14,2025,12,Dec
ORD000618,2025-08-05,CUST00885,PROD0044,1,0.0,25.49,25.49,19.08,6.41,COD,Delivered,4.0,Business Product 44,Books,Business,23.36,Customer 885,North,Jaipur,2023-02-17,2025,8,Aug
ORD000619,2025-04-06,CUST01119,PROD0108,2,0.15,374.16,636.07,465.57,170.5,Debit Card,Delivered,3.0,Kitchen Product 108,Home & Kitchen,Kitchen,373.49,Customer 1119,North,Lucknow,2025-06-06,2025,4,Apr
ORD000620,2025-06-13,CUST00623,PROD0082,3,0.05,584.42,1665.6,1192.31,473.29,Debit Card,Returned,2.0,Laptops Product 82,Electronics,Laptops,632.19,Customer 623,North,Chandigarh,2025-05-09,2025,6,Jun
ORD000621,2025-05-28,CUST01170,PROD0010,1,0.0,930.66,930.66,612.77,317.89,UPI,Delivered,2.0,Smartphones Product 10,Electronics,Smartphones,888.66,Customer 1170,East,Kolkata,2025-03-14,2025,5,May
ORD000622,2025-01-18,CUST00893,PROD0071,1,0.2,34.94,27.95,21.1,6.85,UPI,Delivered,7.0,Footwear Product 71,Fashion,Footwear,32.71,Customer 893,Central,Kanpur,2024-03-04,2025,1,Jan
ORD000623,2025-10-21,CUST00953,PROD0050,3,0.2,92.99,223.18,164.43,58.75,UPI,Delivered,1.0,Smartphones Product 50,Electronics,Smartphones,95.0,Customer 953,West,Mumbai,2024-01-31,2025,10,Oct
ORD000624,2025-07-14,CUST01255,PROD0044,1,0.15,23.72,20.16,12.48,7.68,UPI,Delivered,3.0,Business Product 44,Books,Business,23.36,Customer 1255,West,Mumbai,2025-05-11,2025,7,Jul
ORD000625,2025-05-31,CUST00784,PROD0014,1,0.0,143.52,143.52,116.45,27.07,Debit Card,Returned,1.0,Accessories Product 14,Electronics,Accessories,128.33,Customer 784,Central,Indore,2025-02-03,2025,5,May
ORD000626,2025-12-31,CUST00495,PROD0015,4,0.05,121.61,462.12,329.66,132.46,Credit Card,Delivered,2.0,Kitchen Product 15,Home & Kitchen,Kitchen,117.47,Customer 495,West,Surat,2023-12-07,2025,12,Dec
ORD000627,2025-05-03,CUST01062,PROD0016,1,0.15,201.87,171.59,121.16,50.43,Credit Card,Delivered,6.0,Women Product 16,Fashion,Women,203.86,Customer 1062,East,Patna,2024-03-08,2025,5,May
ORD000628,2025-07-06,CUST01449,PROD0002,4,0.1,31.24,112.46,88.12,24.34,Net Banking,Delivered,2.0,Decor Product 2,Home & Kitchen,Decor,29.88,Customer 1449,North,Delhi,2023-06-05,2025,7,Jul
ORD000629,2025-05-29,CUST00747,PROD0030,2,0.0,320.88,641.76,470.86,170.9,Credit Card,Delivered,4.0,Decor Product 30,Home & Kitchen,Decor,335.65,Customer 747,Central,Indore,2024-03-24,2025,5,May
ORD000630,2025-04-14,CUST00437,PROD0030,4,0.0,322.17,1288.68,770.47,518.21,Credit Card,Delivered,3.0,Decor Product 30,Home & Kitchen,Decor,335.65,Customer 437,North,Chandigarh,2024-04-25,2025,4,Apr
ORD000631,2025-08-31,CUST01392,PROD0082,2,0.25,698.56,1047.84,735.15,312.69,Net Banking,Delivered,4.0,Laptops Product 82,Electronics,Laptops,632.19,Customer 1392,North,Jaipur,2025-04-09,2025,8,Aug
ORD000632,2025-08-19,CUST00345,PROD0031,1,0.0,245.48,245.48,188.37,57.11,Credit Card,Delivered,5.0,Furniture Product 31,Home & Kitchen,Furniture,253.64,Customer 345,Central,Kanpur,2023-11-14,2025,8,Aug
ORD000633,2025-07-25,CUST01184,PROD0108,3,0.15,366.83,935.42,699.69,235.73,UPI,Delivered,3.0,Kitchen Product 108,Home & Kitchen,Kitchen,373.49,Customer 1184,South,Kochi,2024-09-19,2025,7,Jul
ORD000634,2025-07-17,CUST00550,PROD0112,1,0.1,227.44,204.7,166.42,38.28,Credit Card,Delivered,1.0,Kitchen Product 112,Home & Kitchen,Kitchen,221.08,Customer 550,West,Surat,2024-11-16,2025,7,Jul
ORD000635,2025-12-03,CUST00820,PROD0077,1,0.15,151.85,129.07,75.63,53.44,Credit Card,Delivered,2.0,Accessories Product 77,Fashion,Accessories,138.05,Customer 820,North,Lucknow,2023-02-26,2025,12,Dec
ORD000636,2025-03-28,CUST00541,PROD0020,1,0.1,102.74,92.47,59.43,33.04,Credit Card,Delivered,3.0,Skincare Product 20,Beauty,Skincare,95.46,Customer 541,South,Bengaluru,2023-12-04,2025,3,Mar
ORD000637,2025-05-22,CUST00144,PROD0049,1,0.05,380.21,361.2,257.1,104.1,UPI,Delivered,4.0,Decor Product 49,Home & Kitchen,Decor,409.38,Customer 144,West,Surat,2024-01-26,2025,5,May
ORD000638,2025-11-13,CUST00588,PROD0114,2,0.05,582.24,1106.26,806.11,300.15,UPI,Cancelled,,Audio Product 114,Electronics,Audio,550.01,Customer 588,Central,Bhopal,2023-09-09,2025,11,Nov
ORD000639,2025-07-18,CUST00657,PROD0035,1,0.15,32.21,27.38,17.68,9.7,UPI,Delivered,1.0,Footwear Product 35,Fashion,Footwear,31.55,Customer 657,North,Chandigarh,2024-09-13,2025,7,Jul
ORD000640,2025-02-15,CUST00345,PROD0023,1,0.05,78.95,75.0,58.38,16.62,UPI,Delivered,5.0,Equipment Product 23,Sports,Equipment,77.77,Customer 345,Central,Kanpur,2023-11-14,2025,2,Feb
ORD000641,2025-10-15,CUST01293,PROD0106,1,0.15,161.67,137.42,85.12,52.3,Debit Card,Returned,1.0,Women Product 106,Fashion,Women,152.76,Customer 1293,East,Patna,2023-12-21,2025,10,Oct
ORD000642,2025-01-15,CUST00696,PROD0097,2,0.1,56.91,102.44,59.44,43.0,Credit Card,Delivered,1.0,Self Help Product 97,Books,Self Help,59.33,Customer 696,Central,Kanpur,2023-02-14,2025,1,Jan
ORD000643,2025-02-13,CUST00268,PROD0102,2,0.1,58.32,104.98,84.88,20.1,Debit Card,Delivered,4.0,Makeup Product 102,Beauty,Makeup,52.24,Customer 268,West,Surat,2025-06-02,2025,2,Feb
ORD000644,2025-06-18,CUST00169,PROD0099,2,0.05,202.33,384.43,259.1,125.33,UPI,Returned,6.0,Fitness Product 99,Sports,Fitness,192.87,Customer 169,South,Bengaluru,2024-02-15,2025,6,Jun
ORD000645,2025-11-06,CUST00033,PROD0115,2,0.0,359.25,718.5,581.84,136.66,UPI,Delivered,3.0,Smartphones Product 115,Electronics,Smartphones,361.73,Customer 33,South,Kochi,2024-12-18,2025,11,Nov
ORD000646,2025-02-13,CUST00377,PROD0100,2,0.15,109.42,186.01,120.29,65.72,Net Banking,Delivered,3.0,Men Product 100,Fashion,Men,105.21,Customer 377,West,Mumbai,2023-12-27,2025,2,Feb
ORD000647,2025-04-08,CUST01238,PROD0061,1,0.0,84.1,84.1,50.06,34.04,Debit Card,Delivered,4.0,Outdoor Product 61,Sports,Outdoor,87.3,Customer 1238,South,Kochi,2025-02-21,2025,4,Apr
ORD000648,2025-09-18,CUST01464,PROD0084,2,0.25,24.76,37.14,28.43,8.71,Net Banking,Delivered,5.0,Fiction Product 84,Books,Fiction,23.65,Customer 1464,South,Hyderabad,2023-08-26,2025,9,Sep
ORD000649,2025-04-19,CUST00393,PROD0055,1,0.25,266.3,199.73,155.91,43.82,Credit Card,Delivered,6.0,Fitness Product 55,Sports,Fitness,287.69,Customer 393,West,Surat,2024-04-18,2025,4,Apr
ORD000650,2025-10-10,CUST00489,PROD0067,2,0.0,190.7,381.4,266.26,115.14,Credit Card,Delivered,2.0,Furniture Product 67,Home & Kitchen,Furniture,192.97,Customer 489,East,Kolkata,2025-03-05,2025,10,Oct
ORD000651,2025-12-09,CUST00722,PROD0008,2,0.0,494.65,989.3,591.33,397.97,Debit Card,Delivered,5.0,Decor Product 8,Home & Kitchen,Decor,462.5,Customer 722,East,Kolkata,2024-06-23,2025,12,Dec
ORD000652,2025-04-14,CUST00946,PROD0040,2,0.05,292.77,556.26,409.96,146.3,COD,Delivered,3.0,Appliances Product 40,Home & Kitchen,Appliances,270.68,Customer 946,West,Ahmedabad,2024-01-30,2025,4,Apr
ORD000653,2025-09-13,CUST01053,PROD0059,3,0.25,94.41,212.42,132.49,79.93,COD,Delivered,4.0,Haircare Product 59,Beauty,Haircare,97.27,Customer 1053,South,Bengaluru,2024-05-22,2025,9,Sep
ORD000654,2025-07-25,CUST00039,PROD0032,4,0.05,14.52,55.18,43.25,11.93,COD,Delivered,2.0,Skincare Product 32,Beauty,Skincare,14.13,Customer 39,North,Chandigarh,2024-11-23,2025,7,Jul
ORD000655,2025-12-01,CUST01197,PROD0093,1,0.05,383.0,363.85,234.96,128.89,Net Banking,Delivered,2.0,Appliances Product 93,Home & Kitchen,Appliances,373.4,Customer 1197,West,Mumbai,2024-05-25,2025,12,Dec
ORD000656,2025-02-12,CUST01041,PROD0007,1,0.15,15.39,13.08,10.25,2.83,Debit Card,Cancelled,,Haircare Product 7,Beauty,Haircare,15.32,Customer 1041,East,Bhubaneswar,2025-05-08,2025,2,Feb
ORD000657,2025-12-19,CUST01080,PROD0002,1,0.0,28.85,28.85,19.69,9.16,UPI,Delivered,4.0,Decor Product 2,Home & Kitchen,Decor,29.88,Customer 1080,East,Patna,2024-06-24,2025,12,Dec
ORD000658,2025-09-02,CUST00226,PROD0085,1,0.05,166.98,158.63,114.71,43.92,Debit Card,Delivered,1.0,Makeup Product 85,Beauty,Makeup,157.43,Customer 226,Central,Kanpur,2023-07-17,2025,9,Sep
ORD000659,2025-10-14,CUST00067,PROD0006,2,0.05,76.26,144.89,111.49,33.4,UPI,Cancelled,,Decor Product 6,Home & Kitchen,Decor,78.58,Customer 67,South,Hyderabad,2024-10-12,2025,10,Oct
ORD000660,2025-12-21,CUST01221,PROD0092,3,0.1,63.49,171.42,101.09,70.33,UPI,Delivered,4.0,Haircare Product 92,Beauty,Haircare,57.6,Customer 1221,Central,Indore,2023-03-05,2025,12,Dec
ORD000661,2025-09-30,CUST00835,PROD0112,1,0.0,226.76,226.76,176.21,50.55,Debit Card,Delivered,3.0,Kitchen Product 112,Home & Kitchen,Kitchen,221.08,Customer 835,West,Ahmedabad,2023-10-19,2025,9,Sep
ORD000662,2025-03-24,CUST01047,PROD0106,4,0.1,167.13,601.67,368.99,232.68,Debit Card,Delivered,3.0,Women Product 106,Fashion,Women,152.76,Customer 1047,East,Kolkata,2025-02-19,2025,3,Mar
ORD000663,2025-04-20,CUST00999,PROD0036,4,0.2,367.36,1175.55,782.94,392.61,Debit Card,Delivered,3.0,Furniture Product 36,Home & Kitchen,Furniture,375.57,Customer 999,North,Lucknow,2025-06-11,2025,4,Apr
ORD000664,2025-07-09,CUST00237,PROD0032,3,0.1,15.28,41.26,28.61,12.65,UPI,Delivered,3.0,Skincare Product 32,Beauty,Skincare,14.13,Customer 237,Central,Bhopal,2024-11-11,2025,7,Jul
ORD000665,2025-10-15,CUST00957,PROD0045,1,0.1,173.56,156.2,124.16,32.04,Credit Card,Cancelled,,Kitchen Product 45,Home & Kitchen,Kitchen,184.1,Customer 957,Central,Bhopal,2024-10-19,2025,10,Oct
ORD000666,2025-09-08,CUST00919,PROD0042,2,0.0,289.03,578.06,338.39,239.67,COD,Cancelled,,Accessories Product 42,Electronics,Accessories,269.27,Customer 919,West,Mumbai,2024-07-29,2025,9,Sep
ORD000667,2025-07-31,CUST01162,PROD0053,4,0.05,22.73,86.37,61.69,24.68,Debit Card,Delivered,6.0,Self Help Product 53,Books,Self Help,22.79,Customer 1162,North,Delhi,2023-07-03,2025,7,Jul
ORD000668,2025-10-18,CUST00473,PROD0110,3,0.0,411.04,1233.12,905.36,327.76,Credit Card,Delivered,4.0,Kitchen Product 110,Home & Kitchen,Kitchen,405.37,Customer 473,Central,Indore,2023-06-13,2025,10,Oct
ORD000669,2025-05-13,CUST00553,PROD0009,1,0.1,287.57,258.81,169.77,89.04,Credit Card,Delivered,4.0,Furniture Product 9,Home & Kitchen,Furniture,301.64,Customer 553,Central,Bhopal,2025-04-12,2025,5,May
ORD000670,2025-07-20,CUST00695,PROD0075,1,0.05,204.94,194.69,126.49,68.2,COD,Delivered,1.0,Decor Product 75,Home & Kitchen,Decor,221.86,Customer 695,West,Pune,2024-09-15,2025,7,Jul
ORD000671,2025-10-12,CUST01253,PROD0087,3,0.05,191.16,544.81,380.12,164.69,Credit Card,Cancelled,,Equipment Product 87,Sports,Equipment,181.5,Customer 1253,East,Patna,2025-06-22,2025,10,Oct
ORD000672,2025-11-22,CUST00317,PROD0114,2,0.0,570.66,1141.32,713.22,428.1,UPI,Delivered,4.0,Audio Product 114,Electronics,Audio,550.01,Customer 317,South,Kochi,2024-09-17,2025,11,Nov
ORD000673,2025-04-05,CUST00598,PROD0075,4,0.05,231.73,880.57,609.66,270.91,UPI,Delivered,2.0,Decor Product 75,Home & Kitchen,Decor,221.86,Customer 598,Central,Bhopal,2023-05-19,2025,4,Apr
ORD000674,2025-10-05,CUST00768,PROD0049,4,0.1,397.51,1431.04,1092.75,338.29,Credit Card,Delivered,4.0,Decor Product 49,Home & Kitchen,Decor,409.38,Customer 768,South,Kochi,2023-11-21,2025,10,Oct
ORD000675,2025-11-21,CUST00886,PROD0002,2,0.1,28.92,52.06,40.76,11.3,UPI,Delivered,2.0,Decor Product 2,Home & Kitchen,Decor,29.88,Customer 886,North,Jaipur,2024-02-13,2025,11,Nov
ORD000676,2025-08-07,CUST00561,PROD0067,2,0.0,209.58,419.16,281.86,137.3,Credit Card,Delivered,5.0,Furniture Product 67,Home & Kitchen,Furniture,192.97,Customer 561,East,Bhubaneswar,2024-12-21,2025,8,Aug
ORD000677,2025-03-30,CUST01225,PROD0011,2,0.1,177.5,319.5,232.64,86.86,UPI,Delivered,7.0,Skincare Product 11,Beauty,Skincare,165.54,Customer 1225,West,Surat,2024-06-06,2025,3,Mar
ORD000678,2025-03-13,CUST00258,PROD0050,4,0.1,93.8,337.68,195.86,141.82,UPI,Delivered,4.0,Smartphones Product 50,Electronics,Smartphones,95.0,Customer 258,South,Kochi,2024-04-18,2025,3,Mar
ORD000679,2025-09-04,CUST01202,PROD0035,1,0.1,33.05,29.74,21.18,8.56,UPI,Delivered,1.0,Footwear Product 35,Fashion,Footwear,31.55,Customer 1202,West,Pune,2023-08-22,2025,9,Sep
ORD000680,2025-05-09,CUST00757,PROD0015,1,0.15,127.53,108.4,88.24,20.16,COD,Delivered,4.0,Kitchen Product 15,Home & Kitchen,Kitchen,117.47,Customer 757,South,Bengaluru,2024-03-08,2025,5,May
ORD000681,2025-07-31,CUST00123,PROD0107,1,0.05,220.26,209.25,137.05,72.2,Credit Card,Delivered,5.0,Equipment Product 107,Sports,Equipment,200.64,Customer 123,North,Delhi,2023-06-30,2025,7,Jul
ORD000682,2025-12-09,CUST00342,PROD0075,2,0.0,204.37,408.74,295.42,113.32,UPI,Delivered,6.0,Decor Product 75,Home & Kitchen,Decor,221.86,Customer 342,West,Mumbai,2025-06-06,2025,12,Dec
ORD000683,2025-04-06,CUST01195,PROD0031,2,0.1,274.61,494.3,377.13,117.17,UPI,Delivered,1.0,Furniture Product 31,Home & Kitchen,Furniture,253.64,Customer 1195,Central,Indore,2023-03-29,2025,4,Apr
ORD000684,2025-03-16,CUST01083,PROD0092,1,0.2,57.03,45.62,33.13,12.49,Credit Card,Delivered,5.0,Haircare Product 92,Beauty,Haircare,57.6,Customer 1083,Central,Nagpur,2024-11-13,2025,3,Mar
ORD000685,2025-02-23,CUST01489,PROD0062,2,0.1,178.23,320.81,218.29,102.52,Debit Card,Delivered,2.0,Accessories Product 62,Fashion,Accessories,167.56,Customer 1489,Central,Kanpur,2024-10-10,2025,2,Feb
ORD000686,2025-12-10,CUST00260,PROD0028,2,0.15,16.35,27.8,17.14,10.66,Credit Card,Delivered,5.0,Equipment Product 28,Sports,Equipment,16.44,Customer 260,North,Lucknow,2023-04-10,2025,12,Dec
ORD000687,2025-02-23,CUST01397,PROD0096,4,0.15,218.87,744.16,514.43,229.73,COD,Delivered,6.0,Footwear Product 96,Fashion,Footwear,210.2,Customer 1397,West,Ahmedabad,2024-09-02,2025,2,Feb
ORD000688,2025-08-06,CUST00095,PROD0025,3,0.1,293.71,793.02,516.06,276.96,Credit Card,Delivered,6.0,Kitchen Product 25,Home & Kitchen,Kitchen,279.9,Customer 95,East,Bhubaneswar,2024-07-06,2025,8,Aug
ORD000689,2025-01-16,CUST01149,PROD0084,4,0.1,23.67,85.21,63.65,21.56,COD,Delivered,4.0,Fiction Product 84,Books,Fiction,23.65,Customer 1149,Central,Kanpur,2023-04-22,2025,1,Jan
ORD000690,2025-04-09,CUST00041,PROD0092,1,0.05,58.9,55.96,38.39,17.57,UPI,Delivered,3.0,Haircare Product 92,Beauty,Haircare,57.6,Customer 41,East,Kolkata,2023-03-23,2025,4,Apr
ORD000691,2025-01-20,CUST00254,PROD0025,2,0.1,298.17,536.71,420.77,115.94,Net Banking,Delivered,6.0,Kitchen Product 25,Home & Kitchen,Kitchen,279.9,Customer 254,South,Chennai,2023-07-02,2025,1,Jan
ORD000692,2025-02-15,CUST00007,PROD0075,1,0.1,225.25,202.72,126.98,75.74,Debit Card,Delivered,4.0,Decor Product 75,Home & Kitchen,Decor,221.86,Customer 7,West,Surat,2023-06-22,2025,2,Feb
ORD000693,2025-07-12,CUST01495,PROD0083,2,0.15,38.08,64.74,44.04,20.7,UPI,Delivered,2.0,Business Product 83,Books,Business,41.27,Customer 1495,West,Ahmedabad,2025-04-22,2025,7,Jul
ORD000694,2025-02-27,CUST00728,PROD0092,2,0.05,53.14,100.97,72.07,28.9,UPI,Delivered,7.0,Haircare Product 92,Beauty,Haircare,57.6,Customer 728,South,Chennai,2025-01-27,2025,2,Feb
ORD000695,2025-04-21,CUST00069,PROD0001,3,0.0,414.85,1244.55,759.48,485.07,Credit Card,Delivered,3.0,Kitchen Product 1,Home & Kitchen,Kitchen,394.25,Customer 69,Central,Nagpur,2024-10-22,2025,4,Apr
ORD000696,2025-05-09,CUST01105,PROD0059,1,0.15,105.97,90.07,64.95,25.12,UPI,Delivered,4.0,Haircare Product 59,Beauty,Haircare,97.27,Customer 1105,East,Kolkata,2025-01-27,2025,5,May
ORD000697,2025-12-03,CUST00542,PROD0069,2,0.1,155.76,280.37,182.19,98.18,Net Banking,Delivered,2.0,Women Product 69,Fashion,Women,144.62,Customer 542,West,Pune,2024-07-03,2025,12,Dec
ORD000698,2025-07-13,CUST01286,PROD0074,1,0.25,211.4,158.55,100.69,57.86,Net Banking,Delivered,2.0,Women Product 74,Fashion,Women,215.26,Customer 1286,North,Delhi,2024-03-28,2025,7,Jul
ORD000699,2025-12-06,CUST00089,PROD0042,1,0.05,273.1,259.44,159.31,100.13,UPI,Returned,4.0,Accessories Product 42,Electronics,Accessories,269.27,Customer 89,Central,Kanpur,2024-02-03,2025,12,Dec
ORD000700,2025-11-22,CUST01232,PROD0110,1,0.0,391.92,391.92,260.22,131.7,UPI,Delivered,4.0,Kitchen Product 110,Home & Kitchen,Kitchen,405.37,Customer 1232,East,Ranchi,2023-10-03,2025,11,Nov
ORD000701,2025-01-08,CUST00213,PROD0034,3,0.0,117.93,353.79,284.08,69.71,COD,Delivered,3.0,Accessories Product 34,Fashion,Accessories,105.5,Customer 213,West,Surat,2024-12-29,2025,1,Jan
ORD000702,2025-01-29,CUST00834,PROD0100,2,0.15,102.27,173.86,102.13,71.73,UPI,Delivered,3.0,Men Product 100,Fashion,Men,105.21,Customer 834,West,Mumbai,2025-05-21,2025,1,Jan
ORD000703,2025-04-22,CUST00266,PROD0066,2,0.0,36.87,73.74,57.85,15.89,UPI,Delivered,3.0,Self Help Product 66,Books,Self Help,36.75,Customer 266,North,Delhi,2025-04-30,2025,4,Apr
ORD000704,2025-06-10,CUST00912,PROD0018,1,0.2,232.75,186.2,125.75,60.45,UPI,Delivered,5.0,Furniture Product 18,Home & Kitchen,Furniture,220.36,Customer 912,West,Mumbai,2025-06-20,2025,6,Jun
ORD000705,2025-05-11,CUST00293,PROD0077,1,0.05,151.19,143.63,102.66,40.97,COD,Delivered,3.0,Accessories Product 77,Fashion,Accessories,138.05,Customer 293,North,Delhi,2025-04-11,2025,5,May
ORD000706,2025-07-07,CUST01231,PROD0115,2,0.2,336.52,538.43,378.56,159.87,Net Banking,Delivered,6.0,Smartphones Product 115,Electronics,Smartphones,361.73,Customer 1231,West,Mumbai,2025-02-01,2025,7,Jul
ORD000707,2025-06-12,CUST00333,PROD0005,1,0.15,231.74,196.98,158.01,38.97,Credit Card,Delivered,2.0,Men Product 5,Fashion,Men,236.42,Customer 333,North,Delhi,2023-05-20,2025,6,Jun
ORD000708,2025-07-16,CUST01101,PROD0020,2,0.2,98.69,157.9,120.77,37.13,UPI,Delivered,6.0,Skincare Product 20,Beauty,Skincare,95.46,Customer 1101,Central,Kanpur,2024-10-22,2025,7,Jul
ORD000709,2025-12-30,CUST01312,PROD0066,2,0.0,38.35,76.7,62.61,14.09,Credit Card,Delivered,4.0,Self Help Product 66,Books,Self Help,36.75,Customer 1312,North,Delhi,2023-03-30,2025,12,Dec
ORD000710,2025-07-23,CUST01005,PROD0075,2,0.1,207.22,373.0,287.46,85.54,UPI,Delivered,3.0,Decor Product 75,Home & Kitchen,Decor,221.86,Customer 1005,East,Patna,2025-04-07,2025,7,Jul
ORD000711,2025-07-31,CUST00047,PROD0062,2,0.0,176.41,352.82,229.69,123.13,Debit Card,Delivered,1.0,Accessories Product 62,Fashion,Accessories,167.56,Customer 47,South,Chennai,2025-05-26,2025,7,Jul
ORD000712,2025-04-19,CUST00622,PROD0094,1,0.0,27.88,27.88,22.61,5.27,UPI,Delivered,5.0,Footwear Product 94,Fashion,Footwear,27.18,Customer 622,North,Delhi,2024-12-14,2025,4,Apr
ORD000713,2025-10-03,CUST01224,PROD0096,4,0.05,228.18,867.08,707.59,159.49,Credit Card,Delivered,7.0,Footwear Product 96,Fashion,Footwear,210.2,Customer 1224,North,Delhi,2024-05-08,2025,10,Oct
ORD000714,2025-03-14,CUST00427,PROD0032,1,0.15,13.63,11.59,7.06,4.53,Credit Card,Delivered,8.0,Skincare Product 32,Beauty,Skincare,14.13,Customer 427,Central,Nagpur,2025-04-13,2025,3,Mar
ORD000715,2025-06-16,CUST00210,PROD0058,4,0.0,186.0,744.0,592.41,151.59,UPI,Delivered,3.0,Footwear Product 58,Fashion,Footwear,193.95,Customer 210,Central,Kanpur,2025-01-22,2025,6,Jun
ORD000716,2025-09-17,CUST00888,PROD0050,1,0.2,102.47,81.98,60.62,21.36,COD,Delivered,1.0,Smartphones Product 50,Electronics,Smartphones,95.0,Customer 888,East,Bhubaneswar,2023-07-20,2025,9,Sep
ORD000717,2025-08-31,CUST01444,PROD0038,4,0.0,767.32,3069.28,2459.35,609.93,UPI,Delivered,3.0,Laptops Product 38,Electronics,Laptops,723.36,Customer 1444,East,Patna,2023-04-21,2025,8,Aug
ORD000718,2025-10-02,CUST00154,PROD0055,1,0.05,310.23,294.72,235.71,59.01,UPI,Delivered,3.0,Fitness Product 55,Sports,Fitness,287.69,Customer 154,South,Bengaluru,2025-04-23,2025,10,Oct
ORD000719,2025-04-12,CUST00415,PROD0028,3,0.0,17.7,53.1,42.16,10.94,Net Banking,Delivered,2.0,Equipment Product 28,Sports,Equipment,16.44,Customer 415,Central,Bhopal,2023-08-07,2025,4,Apr
ORD000720,2025-06-22,CUST01377,PROD0074,2,0.15,202.52,344.28,272.83,71.45,UPI,Cancelled,,Women Product 74,Fashion,Women,215.26,Customer 1377,East,Bhubaneswar,2023-02-22,2025,6,Jun
ORD000721,2025-06-20,CUST01181,PROD0086,2,0.0,352.58,705.16,428.9,276.26,UPI,Delivered,4.0,Audio Product 86,Electronics,Audio,361.35,Customer 1181,North,Lucknow,2024-12-21,2025,6,Jun
ORD000722,2025-05-21,CUST01285,PROD0119,3,0.2,502.11,1205.06,740.44,464.62,Credit Card,Delivered,4.0,Smartphones Product 119,Electronics,Smartphones,516.56,Customer 1285,North,Chandigarh,2023-07-09,2025,5,May
ORD000723,2025-07-07,CUST01101,PROD0081,1,0.1,371.58,334.42,203.42,131.0,UPI,Delivered,1.0,Accessories Product 81,Electronics,Accessories,335.69,Customer 1101,Central,Kanpur,2024-10-22,2025,7,Jul
ORD000724,2025-03-27,CUST00769,PROD0022,1,0.2,199.98,159.98,96.28,63.7,COD,Delivered,3.0,Kitchen Product 22,Home & Kitchen,Kitchen,196.54,Customer 769,East,Bhubaneswar,2025-03-04,2025,3,Mar
ORD000725,2025-02-21,CUST00983,PROD0043,1,0.05,47.83,45.44,30.21,15.23,UPI,Returned,3.0,Skincare Product 43,Beauty,Skincare,50.76,Customer 983,South,Kochi,2024-04-24,2025,2,Feb
ORD000726,2025-04-21,CUST01155,PROD0083,1,0.1,40.36,36.32,27.03,9.29,UPI,Delivered,6.0,Business Product 83,Books,Business,41.27,Customer 1155,Central,Kanpur,2023-10-23,2025,4,Apr
ORD000727,2025-12-31,CUST00579,PROD0081,2,0.1,367.37,661.27,439.83,221.44,Net Banking,Delivered,6.0,Accessories Product 81,Electronics,Accessories,335.69,Customer 579,West,Ahmedabad,2024-03-20,2025,12,Dec
ORD000728,2025-12-08,CUST01479,PROD0088,1,0.15,88.99,75.64,56.95,18.69,UPI,Delivered,2.0,Accessories Product 88,Fashion,Accessories,81.69,Customer 1479,South,Bengaluru,2024-12-14,2025,12,Dec
ORD000729,2025-02-12,CUST00740,PROD0036,1,0.05,413.15,392.49,304.91,87.58,COD,Delivered,3.0,Furniture Product 36,Home & Kitchen,Furniture,375.57,Customer 740,West,Mumbai,2023-06-24,2025,2,Feb
ORD000730,2025-07-30,CUST00163,PROD0096,4,0.2,209.72,671.1,496.54,174.56,UPI,Delivered,3.0,Footwear Product 96,Fashion,Footwear,210.2,Customer 163,Central,Indore,2023-11-02,2025,7,Jul
ORD000731,2025-07-19,CUST01039,PROD0120,1,0.0,13.94,13.94,9.64,4.3,UPI,Cancelled,,Self Help Product 120,Books,Self Help,13.3,Customer 1039,West,Ahmedabad,2024-03-26,2025,7,Jul
ORD000732,2025-10-25,CUST01256,PROD0110,2,0.15,395.49,672.33,437.64,234.69,UPI,Delivered,3.0,Kitchen Product 110,Home & Kitchen,Kitchen,405.37,Customer 1256,North,Jaipur,2024-07-21,2025,10,Oct
ORD000733,2025-12-12,CUST00195,PROD0052,2,0.05,55.48,105.41,64.29,41.12,UPI,Delivered,3.0,Self Help Product 52,Books,Self Help,58.02,Customer 195,West,Ahmedabad,2024-06-04,2025,12,Dec
ORD000734,2025-08-28,CUST00542,PROD0036,2,0.0,347.17,694.34,484.98,209.36,Credit Card,Delivered,2.0,Furniture Product 36,Home & Kitchen,Furniture,375.57,Customer 542,West,Pune,2024-07-03,2025,8,Aug
ORD000735,2025-04-25,CUST00359,PROD0028,3,0.05,15.86,45.2,34.02,11.18,UPI,Delivered,4.0,Equipment Product 28,Sports,Equipment,16.44,Customer 359,South,Kochi,2023-03-25,2025,4,Apr
ORD000736,2025-01-26,CUST00850,PROD0078,4,0.2,113.13,362.02,257.61,104.41,Credit Card,Delivered,3.0,Fitness Product 78,Sports,Fitness,108.69,Customer 850,Central,Kanpur,2025-01-15,2025,1,Jan
ORD000737,2025-10-26,CUST01355,PROD0058,4,0.25,213.51,640.53,482.42,158.11,UPI,Delivered,4.0,Footwear Product 58,Fashion,Footwear,193.95,Customer 1355,North,Jaipur,2025-05-26,2025,10,Oct
ORD000738,2025-03-18,CUST00427,PROD0036,1,0.05,355.55,337.77,223.08,114.69,Credit Card,Delivered,4.0,Furniture Product 36,Home & Kitchen,Furniture,375.57,Customer 427,Central,Nagpur,2025-04-13,2025,3,Mar
ORD000739,2025-05-17,CUST00497,PROD0070,1,0.2,115.34,92.27,55.0,37.27,UPI,Delivered,5.0,Footwear Product 70,Fashion,Footwear,104.51,Customer 497,South,Bengaluru,2024-02-13,2025,5,May
ORD000740,2025-01-20,CUST00828,PROD0009,3,0.1,298.35,805.54,616.29,189.25,Credit Card,Delivered,2.0,Furniture Product 9,Home & Kitchen,Furniture,301.64,Customer 828,Central,Nagpur,2024-10-09,2025,1,Jan
ORD000741,2025-07-30,CUST00486,PROD0021,1,0.15,13.08,11.12,7.04,4.08,UPI,Delivered,3.0,Technology Product 21,Books,Technology,13.01,Customer 486,West,Mumbai,2024-10-18,2025,7,Jul
ORD000742,2025-08-28,CUST01473,PROD0064,1,0.0,493.14,493.14,358.96,134.18,UPI,Delivered,6.0,Decor Product 64,Home & Kitchen,Decor,496.62,Customer 1473,Central,Bhopal,2025-04-28,2025,8,Aug
ORD000743,2025-02-08,CUST01437,PROD0076,2,0.1,107.36,193.25,149.39,43.86,Net Banking,Delivered,3.0,Women Product 76,Fashion,Women,107.18,Customer 1437,Central,Bhopal,2023-04-19,2025,2,Feb
ORD000744,2025-09-25,CUST00330,PROD0061,3,0.0,84.84,254.52,156.12,98.4,Credit Card,Delivered,3.0,Outdoor Product 61,Sports,Outdoor,87.3,Customer 330,North,Chandigarh,2023-11-27,2025,9,Sep
ORD000745,2025-07-26,CUST00889,PROD0094,3,0.05,28.8,82.08,59.4,22.68,UPI,Delivered,2.0,Footwear Product 94,Fashion,Footwear,27.18,Customer 889,Central,Kanpur,2023-09-07,2025,7,Jul
ORD000746,2025-09-24,CUST00991,PROD0095,1,0.1,40.01,36.01,26.84,9.17,UPI,Delivered,5.0,Business Product 95,Books,Business,37.34,Customer 991,North,Lucknow,2023-06-10,2025,9,Sep
ORD000747,2025-06-03,CUST01171,PROD0040,1,0.15,293.59,249.55,189.45,60.1,UPI,Delivered,2.0,Appliances Product 40,Home & Kitchen,Appliances,270.68,Customer 1171,East,Patna,2024-03-13,2025,6,Jun
ORD000748,2025-02-11,CUST00259,PROD0056,2,0.1,82.91,149.24,91.85,57.39,Debit Card,Delivered,4.0,Women Product 56,Fashion,Women,83.9,Customer 259,North,Delhi,2025-02-21,2025,2,Feb
ORD000749,2025-01-11,CUST00292,PROD0004,2,0.2,11.67,18.67,14.53,4.14,UPI,Delivered,3.0,Technology Product 4,Books,Technology,10.88,Customer 292,Central,Nagpur,2023-08-28,2025,1,Jan
ORD000750,2025-10-21,CUST00143,PROD0031,3,0.15,265.7,677.53,408.28,269.25,Credit Card,Delivered,3.0,Furniture Product 31,Home & Kitchen,Furniture,253.64,Customer 143,North,Chandigarh,2024-11-10,2025,10,Oct
ORD000751,2025-04-08,CUST00747,PROD0027,1,0.0,479.14,479.14,337.65,141.49,Credit Card,Delivered,4.0,Decor Product 27,Home & Kitchen,Decor,431.04,Customer 747,Central,Indore,2024-03-24,2025,4,Apr
ORD000752,2025-10-02,CUST00627,PROD0058,1,0.05,194.91,185.16,127.1,58.06,COD,Delivered,4.0,Footwear Product 58,Fashion,Footwear,193.95,Customer 627,Central,Nagpur,2024-09-12,2025,10,Oct
ORD000753,2025-08-18,CUST01389,PROD0025,1,0.1,313.06,281.75,178.41,103.34,UPI,Delivered,3.0,Kitchen Product 25,Home & Kitchen,Kitchen,279.9,Customer 1389,South,Chennai,2024-12-12,2025,8,Aug
ORD000754,2025-08-08,CUST00090,PROD0069,1,0.2,154.47,123.58,80.63,42.95,Credit Card,Delivered,3.0,Women Product 69,Fashion,Women,144.62,Customer 90,East,Patna,2025-01-23,2025,8,Aug
ORD000755,2025-03-06,CUST00720,PROD0070,1,0.25,112.37,84.28,52.21,32.07,UPI,Delivered,3.0,Footwear Product 70,Fashion,Footwear,104.51,Customer 720,North,Chandigarh,2024-12-13,2025,3,Mar
ORD000756,2025-12-21,CUST01188,PROD0005,1,0.15,218.72,185.91,126.82,59.09,Credit Card,Delivered,3.0,Men Product 5,Fashion,Men,236.42,Customer 1188,West,Surat,2025-01-16,2025,12,Dec
ORD000757,2025-08-20,CUST00481,PROD0115,1,0.1,368.78,331.9,195.33,136.57,Credit Card,Delivered,2.0,Smartphones Product 115,Electronics,Smartphones,361.73,Customer 481,South,Hyderabad,2024-09-09,2025,8,Aug
ORD000758,2025-11-24,CUST00084,PROD0091,1,0.15,39.42,33.51,26.58,6.93,UPI,Delivered,5.0,Technology Product 91,Books,Technology,38.43,Customer 84,Central,Nagpur,2024-04-06,2025,11,Nov
ORD000759,2025-02-21,CUST01101,PROD0008,4,0.05,429.26,1631.19,1010.09,621.1,Credit Card,Delivered,4.0,Decor Product 8,Home & Kitchen,Decor,462.5,Customer 1101,Central,Kanpur,2024-10-22,2025,2,Feb
ORD000760,2025-09-20,CUST00673,PROD0009,1,0.05,296.34,281.52,223.15,58.37,Credit Card,Delivered,2.0,Furniture Product 9,Home & Kitchen,Furniture,301.64,Customer 673,Central,Indore,2024-02-29,2025,9,Sep
ORD000761,2025-09-24,CUST00517,PROD0015,2,0.1,130.52,234.94,184.96,49.98,UPI,Delivered,2.0,Kitchen Product 15,Home & Kitchen,Kitchen,117.47,Customer 517,North,Chandigarh,2023-05-31,2025,9,Sep
ORD000762,2025-12-25,CUST00485,PROD0100,2,0.2,105.76,169.22,116.49,52.73,UPI,Delivered,2.0,Men Product 100,Fashion,Men,105.21,Customer 485,North,Delhi,2023-06-15,2025,12,Dec
ORD000763,2025-11-13,CUST00782,PROD0105,1,0.25,165.66,124.24,86.9,37.34,UPI,Delivered,5.0,Fragrance Product 105,Beauty,Fragrance,173.04,Customer 782,North,Chandigarh,2024-06-20,2025,11,Nov
ORD000764,2025-11-20,CUST00104,PROD0007,4,0.05,15.67,59.55,38.85,20.7,UPI,Delivered,5.0,Haircare Product 7,Beauty,Haircare,15.32,Customer 104,West,Ahmedabad,2025-04-15,2025,11,Nov
ORD000765,2025-06-03,CUST01476,PROD0096,1,0.15,194.8,165.58,135.65,29.93,UPI,Delivered,3.0,Footwear Product 96,Fashion,Footwear,210.2,Customer 1476,North,Jaipur,2023-05-23,2025,6,Jun
ORD000766,2025-12-24,CUST00339,PROD0072,2,0.2,16.38,26.21,19.42,6.79,Credit Card,Delivered,5.0,Technology Product 72,Books,Technology,16.01,Customer 339,South,Bengaluru,2025-04-25,2025,12,Dec
ORD000767,2025-05-20,CUST00687,PROD0111,4,0.1,67.1,241.56,195.29,46.27,UPI,Delivered,7.0,Fiction Product 111,Books,Fiction,64.59,Customer 687,South,Chennai,2023-08-27,2025,5,May
ORD000768,2025-02-20,CUST00900,PROD0115,1,0.05,358.67,340.74,231.55,109.19,UPI,Delivered,7.0,Smartphones Product 115,Electronics,Smartphones,361.73,Customer 900,South,Hyderabad,2023-12-21,2025,2,Feb
ORD000769,2025-04-27,CUST00607,PROD0015,4,0.1,125.99,453.56,359.19,94.37,Debit Card,Delivered,8.0,Kitchen Product 15,Home & Kitchen,Kitchen,117.47,Customer 607,West,Surat,2025-05-24,2025,4,Apr
ORD000770,2025-02-15,CUST00223,PROD0037,1,0.1,183.7,165.33,113.68,51.65,Credit Card,Delivered,5.0,Sportswear Product 37,Sports,Sportswear,193.95,Customer 223,South,Hyderabad,2023-04-06,2025,2,Feb
ORD000771,2025-11-05,CUST01033,PROD0083,1,0.1,45.22,40.7,32.07,8.63,COD,Delivered,2.0,Business Product 83,Books,Business,41.27,Customer 1033,West,Ahmedabad,2023-10-26,2025,11,Nov
ORD000772,2025-03-29,CUST01077,PROD0039,2,0.1,187.9,338.22,206.8,131.42,Net Banking,Delivered,1.0,Smartphones Product 39,Electronics,Smartphones,169.11,Customer 1077,West,Ahmedabad,2024-06-20,2025,3,Mar
ORD000773,2025-07-27,CUST01101,PROD0006,1,0.15,72.31,61.46,45.04,16.42,Debit Card,Delivered,5.0,Decor Product 6,Home & Kitchen,Decor,78.58,Customer 1101,Central,Kanpur,2024-10-22,2025,7,Jul
ORD000774,2025-09-26,CUST00503,PROD0083,3,0.0,44.92,134.76,100.11,34.65,UPI,Delivered,3.0,Business Product 83,Books,Business,41.27,Customer 503,North,Jaipur,2023-03-14,2025,9,Sep
ORD000775,2025-03-30,CUST01340,PROD0057,4,0.05,31.58,120.0,88.5,31.5,Debit Card,Delivered,3.0,Fitness Product 57,Sports,Fitness,30.92,Customer 1340,North,Delhi,2023-11-23,2025,3,Mar
ORD000776,2025-04-28,CUST00822,PROD0092,3,0.1,58.31,157.44,108.21,49.23,Debit Card,Delivered,1.0,Haircare Product 92,Beauty,Haircare,57.6,Customer 822,West,Pune,2024-10-19,2025,4,Apr
ORD000777,2025-02-23,CUST00624,PROD0081,3,0.05,324.86,925.85,688.96,236.89,Debit Card,Delivered,4.0,Accessories Product 81,Electronics,Accessories,335.69,Customer 624,West,Ahmedabad,2023-01-21,2025,2,Feb
ORD000778,2025-04-26,CUST00165,PROD0106,1,0.25,154.21,115.66,73.73,41.93,UPI,Delivered,3.0,Women Product 106,Fashion,Women,152.76,Customer 165,East,Patna,2024-12-02,2025,4,Apr
ORD000779,2025-04-28,CUST01303,PROD0019,1,0.05,237.38,225.51,163.04,62.47,Debit Card,Delivered,2.0,Decor Product 19,Home & Kitchen,Decor,213.84,Customer 1303,Central,Kanpur,2025-04-04,2025,4,Apr
ORD000780,2025-09-17,CUST01051,PROD0063,1,0.1,263.27,236.94,168.94,68.0,Credit Card,Delivered,4.0,Kitchen Product 63,Home & Kitchen,Kitchen,273.62,Customer 1051,South,Bengaluru,2024-11-29,2025,9,Sep
ORD000781,2025-03-16,CUST01094,PROD0031,4,0.2,242.43,775.78,509.22,266.56,Credit Card,Delivered,7.0,Furniture Product 31,Home & Kitchen,Furniture,253.64,Customer 1094,Central,Nagpur,2024-11-25,2025,3,Mar
ORD000782,2025-11-01,CUST01242,PROD0075,3,0.0,214.84,644.52,494.3,150.22,Debit Card,Delivered,3.0,Decor Product 75,Home & Kitchen,Decor,221.86,Customer 1242,West,Ahmedabad,2025-03-15,2025,11,Nov
ORD000783,2025-01-07,CUST01389,PROD0079,3,0.15,248.17,632.83,379.32,253.51,UPI,Delivered,4.0,Appliances Product 79,Home & Kitchen,Appliances,240.86,Customer 1389,South,Chennai,2024-12-12,2025,1,Jan
ORD000784,2025-05-02,CUST01330,PROD0010,1,0.1,982.91,884.62,549.48,335.14,Debit Card,Delivered,2.0,Smartphones Product 10,Electronics,Smartphones,888.66,Customer 1330,South,Chennai,2023-03-23,2025,5,May
ORD000785,2025-01-11,CUST01148,PROD0107,2,0.0,207.62,415.24,287.79,127.45,Credit Card,Delivered,2.0,Equipment Product 107,Sports,Equipment,200.64,Customer 1148,West,Surat,2024-03-09,2025,1,Jan
ORD000786,2025-12-14,CUST00019,PROD0087,4,0.2,175.82,562.62,446.73,115.89,UPI,Delivered,3.0,Equipment Product 87,Sports,Equipment,181.5,Customer 19,Central,Indore,2024-08-23,2025,12,Dec
ORD000787,2025-08-03,CUST01281,PROD0067,2,0.0,194.53,389.06,279.36,109.7,Net Banking,Delivered,5.0,Furniture Product 67,Home & Kitchen,Furniture,192.97,Customer 1281,South,Hyderabad,2024-01-10,2025,8,Aug
ORD000788,2025-10-06,CUST01320,PROD0062,4,0.1,167.24,602.06,470.87,131.19,Net Banking,Delivered,6.0,Accessories Product 62,Fashion,Accessories,167.56,Customer 1320,South,Hyderabad,2024-05-17,2025,10,Oct
ORD000789,2025-01-28,CUST01046,PROD0003,4,0.0,524.21,2096.84,1476.63,620.21,UPI,Delivered,4.0,Accessories Product 3,Electronics,Accessories,564.08,Customer 1046,Central,Indore,2023-09-10,2025,1,Jan
ORD000790,2025-08-23,CUST00989,PROD0018,2,0.0,225.24,450.48,346.2,104.28,UPI,Delivered,3.0,Furniture Product 18,Home & Kitchen,Furniture,220.36,Customer 989,South,Hyderabad,2023-12-06,2025,8,Aug
ORD000791,2025-11-09,CUST00450,PROD0025,1,0.2,264.56,211.65,139.31,72.34,Credit Card,Delivered,5.0,Kitchen Product 25,Home & Kitchen,Kitchen,279.9,Customer 450,North,Lucknow,2024-08-17,2025,11,Nov
ORD000792,2025-01-26,CUST00552,PROD0107,2,0.15,218.39,371.26,287.96,83.3,Credit Card,Delivered,3.0,Equipment Product 107,Sports,Equipment,200.64,Customer 552,Central,Nagpur,2025-05-19,2025,1,Jan
ORD000793,2025-02-23,CUST01072,PROD0020,2,0.0,98.3,196.6,132.98,63.62,Credit Card,Delivered,2.0,Skincare Product 20,Beauty,Skincare,95.46,Customer 1072,West,Mumbai,2024-12-09,2025,2,Feb
ORD000794,2025-01-29,CUST00695,PROD0058,1,0.1,211.2,190.08,135.74,54.34,Debit Card,Delivered,5.0,Footwear Product 58,Fashion,Footwear,193.95,Customer 695,West,Pune,2024-09-15,2025,1,Jan
ORD000795,2025-12-19,CUST00587,PROD0093,1,0.15,414.93,352.69,219.45,133.24,COD,Delivered,5.0,Appliances Product 93,Home & Kitchen,Appliances,373.4,Customer 587,South,Bengaluru,2024-09-17,2025,12,Dec
ORD000796,2025-06-13,CUST00721,PROD0086,1,0.2,400.61,320.49,256.68,63.81,Credit Card,Delivered,6.0,Audio Product 86,Electronics,Audio,361.35,Customer 721,North,Delhi,2023-08-22,2025,6,Jun
ORD000797,2025-09-27,CUST01207,PROD0050,3,0.1,89.31,241.14,180.46,60.68,UPI,Delivered,4.0,Smartphones Product 50,Electronics,Smartphones,95.0,Customer 1207,South,Chennai,2025-04-04,2025,9,Sep
ORD000798,2025-11-30,CUST01459,PROD0079,4,0.2,267.1,854.72,671.92,182.8,Credit Card,Delivered,6.0,Appliances Product 79,Home & Kitchen,Appliances,240.86,Customer 1459,North,Jaipur,2025-05-20,2025,11,Nov
ORD000799,2025-02-04,CUST00107,PROD0103,4,0.1,42.29,152.24,95.89,56.35,Debit Card,Delivered,1.0,Women Product 103,Fashion,Women,39.19,Customer 107,East,Kolkata,2024-02-25,2025,2,Feb
ORD000800,2025-10-13,CUST01212,PROD0010,1,0.1,955.78,860.2,512.89,347.31,Net Banking,Delivered,2.0,Smartphones Product 10,Electronics,Smartphones,888.66,Customer 1212,South,Kochi,2025-01-03,2025,10,Oct
ORD000801,2025-12-14,CUST00776,PROD0021,4,0.25,12.2,36.6,24.19,12.41,UPI,Delivered,5.0,Technology Product 21,Books,Technology,13.01,Customer 776,South,Bengaluru,2025-03-31,2025,12,Dec
ORD000802,2025-09-30,CUST01110,PROD0119,4,0.0,493.78,1975.12,1390.49,584.63,Credit Card,Delivered,3.0,Smartphones Product 119,Electronics,Smartphones,516.56,Customer 1110,West,Ahmedabad,2023-01-14,2025,9,Sep
ORD000803,2025-07-27,CUST01480,PROD0116,4,0.0,57.4,229.6,177.38,52.22,Credit Card,Delivered,2.0,Men Product 116,Fashion,Men,51.48,Customer 1480,East,Bhubaneswar,2023-12-30,2025,7,Jul
ORD000804,2025-08-26,CUST01161,PROD0029,3,0.05,54.24,154.58,104.41,50.17,Debit Card,Delivered,5.0,Women Product 29,Fashion,Women,56.34,Customer 1161,East,Kolkata,2023-06-05,2025,8,Aug
ORD000805,2025-04-03,CUST00898,PROD0096,1,0.0,200.49,200.49,129.27,71.22,UPI,Delivered,5.0,Footwear Product 96,Fashion,Footwear,210.2,Customer 898,East,Kolkata,2024-05-14,2025,4,Apr
ORD000806,2025-06-22,CUST00336,PROD0010,4,0.05,881.97,3351.49,2243.52,1107.97,Net Banking,Delivered,3.0,Smartphones Product 10,Electronics,Smartphones,888.66,Customer 336,Central,Kanpur,2023-04-07,2025,6,Jun
ORD000807,2025-03-20,CUST00607,PROD0013,3,0.15,848.3,2163.16,1619.92,543.24,Credit Card,Delivered,3.0,Laptops Product 13,Electronics,Laptops,769.31,Customer 607,West,Surat,2025-05-24,2025,3,Mar
ORD000808,2025-04-20,CUST00838,PROD0047,1,0.1,18.88,16.99,11.23,5.76,Net Banking,Delivered,5.0,Men Product 47,Fashion,Men,18.6,Customer 838,Central,Indore,2023-04-26,2025,4,Apr
ORD000809,2025-08-05,CUST01493,PROD0023,3,0.05,85.87,244.73,199.45,45.28,UPI,Delivered,5.0,Equipment Product 23,Sports,Equipment,77.77,Customer 1493,West,Surat,2023-02-13,2025,8,Aug
ORD000810,2025-12-24,CUST00602,PROD0050,4,0.05,93.75,356.25,221.59,134.66,Debit Card,Delivered,6.0,Smartphones Product 50,Electronics,Smartphones,95.0,Customer 602,South,Chennai,2025-02-10,2025,12,Dec
ORD000811,2025-04-16,CUST00403,PROD0087,2,0.0,175.2,350.4,266.56,83.84,COD,Delivered,4.0,Equipment Product 87,Sports,Equipment,181.5,Customer 403,East,Bhubaneswar,2023-12-11,2025,4,Apr
ORD000812,2025-02-16,CUST00540,PROD0095,3,0.05,38.05,108.44,78.23,30.21,COD,Delivered,2.0,Business Product 95,Books,Business,37.34,Customer 540,East,Patna,2024-10-11,2025,2,Feb
ORD000813,2025-06-30,CUST01096,PROD0004,2,0.1,11.35,20.43,12.99,7.44,COD,Returned,4.0,Technology Product 4,Books,Technology,10.88,Customer 1096,South,Bengaluru,2024-12-09,2025,6,Jun
ORD000814,2025-03-05,CUST00024,PROD0116,1,0.0,51.39,51.39,39.1,12.29,UPI,Delivered,3.0,Men Product 116,Fashion,Men,51.48,Customer 24,West,Ahmedabad,2024-02-08,2025,3,Mar
ORD000815,2025-09-03,CUST00624,PROD0113,1,0.25,475.44,356.58,245.12,111.46,Credit Card,Delivered,1.0,Smartphones Product 113,Electronics,Smartphones,480.63,Customer 624,West,Ahmedabad,2023-01-21,2025,9,Sep
ORD000816,2025-09-01,CUST01080,PROD0067,1,0.05,185.95,176.65,131.39,45.26,UPI,Delivered,2.0,Furniture Product 67,Home & Kitchen,Furniture,192.97,Customer 1080,East,Patna,2024-06-24,2025,9,Sep
ORD000817,2025-11-16,CUST00986,PROD0085,3,0.2,153.49,368.38,272.21,96.17,UPI,Delivered,2.0,Makeup Product 85,Beauty,Makeup,157.43,Customer 986,West,Ahmedabad,2025-04-17,2025,11,Nov
ORD000818,2025-03-28,CUST00223,PROD0053,1,0.0,24.03,24.03,14.58,9.45,UPI,Delivered,2.0,Self Help Product 53,Books,Self Help,22.79,Customer 223,South,Hyderabad,2023-04-06,2025,3,Mar
ORD000819,2025-08-05,CUST00179,PROD0002,1,0.15,29.7,25.24,19.73,5.51,Credit Card,Delivered,3.0,Decor Product 2,Home & Kitchen,Decor,29.88,Customer 179,Central,Kanpur,2024-06-11,2025,8,Aug
ORD000820,2025-01-07,CUST00800,PROD0068,2,0.1,91.78,165.2,122.84,42.36,Net Banking,Delivered,3.0,Kitchen Product 68,Home & Kitchen,Kitchen,98.06,Customer 800,West,Surat,2023-04-03,2025,1,Jan
ORD000821,2025-10-05,CUST00434,PROD0065,1,0.15,169.42,144.01,110.5,33.51,Credit Card,Delivered,3.0,Women Product 65,Fashion,Women,178.78,Customer 434,Central,Bhopal,2023-10-10,2025,10,Oct
ORD000822,2025-12-03,CUST01474,PROD0079,1,0.1,239.53,215.58,148.2,67.38,Net Banking,Delivered,3.0,Appliances Product 79,Home & Kitchen,Appliances,240.86,Customer 1474,Central,Bhopal,2024-04-11,2025,12,Dec
ORD000823,2025-07-29,CUST00793,PROD0057,1,0.25,34.16,25.62,16.06,9.56,UPI,Delivered,4.0,Fitness Product 57,Sports,Fitness,30.92,Customer 793,East,Patna,2023-01-25,2025,7,Jul
ORD000824,2025-06-18,CUST00884,PROD0097,1,0.1,59.08,53.17,35.0,18.17,Net Banking,Cancelled,,Self Help Product 97,Books,Self Help,59.33,Customer 884,Central,Bhopal,2024-12-19,2025,6,Jun
ORD000825,2025-11-26,CUST00492,PROD0070,1,0.15,97.42,82.81,65.95,16.86,UPI,Delivered,4.0,Footwear Product 70,Fashion,Footwear,104.51,Customer 492,West,Mumbai,2024-02-23,2025,11,Nov
ORD000826,2025-05-18,CUST01213,PROD0007,2,0.2,15.38,24.61,19.81,4.8,Credit Card,Delivered,4.0,Haircare Product 7,Beauty,Haircare,15.32,Customer 1213,North,Jaipur,2024-01-01,2025,5,May
ORD000827,2025-11-02,CUST00810,PROD0019,2,0.15,225.34,383.08,266.49,116.59,Credit Card,Delivered,6.0,Decor Product 19,Home & Kitchen,Decor,213.84,Customer 810,Central,Kanpur,2024-12-18,2025,11,Nov
ORD000828,2025-08-18,CUST00961,PROD0044,3,0.1,24.26,65.5,42.69,22.81,Net Banking,Delivered,3.0,Business Product 44,Books,Business,23.36,Customer 961,Central,Kanpur,2024-01-19,2025,8,Aug
ORD000829,2025-11-04,CUST00420,PROD0063,2,0.05,266.99,507.28,383.14,124.14,COD,Delivered,5.0,Kitchen Product 63,Home & Kitchen,Kitchen,273.62,Customer 420,West,Mumbai,2024-07-06,2025,11,Nov
ORD000830,2025-06-10,CUST01273,PROD0065,2,0.2,189.08,302.53,231.08,71.45,UPI,Delivered,4.0,Women Product 65,Fashion,Women,178.78,Customer 1273,East,Ranchi,2024-01-18,2025,6,Jun
ORD000831,2025-01-01,CUST00649,PROD0039,2,0.1,176.91,318.44,247.02,71.42,UPI,Delivered,3.0,Smartphones Product 39,Electronics,Smartphones,169.11,Customer 649,West,Ahmedabad,2025-01-18,2025,1,Jan
ORD000832,2025-08-24,CUST01188,PROD0083,3,0.1,39.39,106.35,62.48,43.87,Debit Card,Delivered,6.0,Business Product 83,Books,Business,41.27,Customer 1188,West,Surat,2025-01-16,2025,8,Aug
ORD000833,2025-07-07,CUST01279,PROD0109,4,0.0,43.52,174.08,101.37,72.71,Credit Card,Delivered,4.0,Fiction Product 109,Books,Fiction,45.69,Customer 1279,West,Surat,2024-10-03,2025,7,Jul
ORD000834,2025-01-04,CUST00476,PROD0026,2,0.1,232.5,418.5,278.6,139.9,Credit Card,Delivered,3.0,Men Product 26,Fashion,Men,225.85,Customer 476,East,Bhubaneswar,2024-10-11,2025,1,Jan
ORD000835,2025-05-12,CUST01441,PROD0044,3,0.1,24.57,66.34,40.91,25.43,UPI,Delivered,4.0,Business Product 44,Books,Business,23.36,Customer 1441,South,Chennai,2025-02-14,2025,5,May
ORD000836,2025-08-06,CUST00170,PROD0012,3,0.1,338.16,913.03,705.95,207.08,Debit Card,Delivered,7.0,Audio Product 12,Electronics,Audio,304.0,Customer 170,West,Mumbai,2023-07-25,2025,8,Aug
ORD000837,2025-09-17,CUST01341,PROD0022,3,0.05,197.4,562.59,398.25,164.34,UPI,Delivered,6.0,Kitchen Product 22,Home & Kitchen,Kitchen,196.54,Customer 1341,East,Ranchi,2025-01-30,2025,9,Sep
ORD000838,2025-01-01,CUST00174,PROD0077,3,0.0,148.13,444.39,345.77,98.62,UPI,Delivered,8.0,Accessories Product 77,Fashion,Accessories,138.05,Customer 174,South,Hyderabad,2024-01-14,2025,1,Jan
ORD000839,2025-03-12,CUST00470,PROD0092,1,0.05,54.33,51.61,32.13,19.48,UPI,Delivered,2.0,Haircare Product 92,Beauty,Haircare,57.6,Customer 470,North,Lucknow,2023-01-07,2025,3,Mar
ORD000840,2025-06-27,CUST00345,PROD0014,1,0.15,140.9,119.76,87.49,32.27,COD,Delivered,3.0,Accessories Product 14,Electronics,Accessories,128.33,Customer 345,Central,Kanpur,2023-11-14,2025,6,Jun
ORD000841,2025-07-08,CUST00445,PROD0086,2,0.0,378.2,756.4,544.03,212.37,UPI,Delivered,3.0,Audio Product 86,Electronics,Audio,361.35,Customer 445,West,Mumbai,2024-05-22,2025,7,Jul
ORD000842,2025-10-18,CUST01042,PROD0030,3,0.1,351.02,947.75,627.12,320.63,Debit Card,Delivered,3.0,Decor Product 30,Home & Kitchen,Decor,335.65,Customer 1042,South,Chennai,2024-11-05,2025,10,Oct
ORD000843,2025-01-08,CUST01094,PROD0044,1,0.1,22.16,19.94,14.04,5.9,UPI,Delivered,2.0,Business Product 44,Books,Business,23.36,Customer 1094,Central,Nagpur,2024-11-25,2025,1,Jan
ORD000844,2025-09-10,CUST01362,PROD0084,3,0.25,21.95,49.39,35.63,13.76,Credit Card,Delivered,5.0,Fiction Product 84,Books,Fiction,23.65,Customer 1362,South,Chennai,2023-09-27,2025,9,Sep
ORD000845,2025-10-19,CUST00628,PROD0108,1,0.0,396.01,396.01,314.22,81.79,COD,Delivered,4.0,Kitchen Product 108,Home & Kitchen,Kitchen,373.49,Customer 628,Central,Kanpur,2023-10-30,2025,10,Oct
ORD000846,2025-09-01,CUST00592,PROD0091,1,0.0,36.26,36.26,21.51,14.75,UPI,Delivered,4.0,Technology Product 91,Books,Technology,38.43,Customer 592,South,Hyderabad,2023-04-02,2025,9,Sep
ORD000847,2025-05-03,CUST00527,PROD0038,3,0.1,683.86,1846.42,1435.79,410.63,Net Banking,Delivered,3.0,Laptops Product 38,Electronics,Laptops,723.36,Customer 527,South,Kochi,2025-03-12,2025,5,May
ORD000848,2025-10-26,CUST00456,PROD0059,1,0.1,93.14,83.83,68.34,15.49,COD,Delivered,3.0,Haircare Product 59,Beauty,Haircare,97.27,Customer 456,West,Mumbai,2024-10-23,2025,10,Oct
ORD000849,2025-10-10,CUST01293,PROD0042,2,0.0,252.99,505.98,382.33,123.65,Debit Card,Delivered,5.0,Accessories Product 42,Electronics,Accessories,269.27,Customer 1293,East,Patna,2023-12-21,2025,10,Oct
ORD000850,2025-02-01,CUST00811,PROD0052,3,0.15,60.64,154.63,117.05,37.58,UPI,Delivered,4.0,Self Help Product 52,Books,Self Help,58.02,Customer 811,West,Ahmedabad,2024-02-17,2025,2,Feb
ORD000851,2025-11-30,CUST00188,PROD0063,2,0.1,274.82,494.68,312.79,181.89,Net Banking,Delivered,4.0,Kitchen Product 63,Home & Kitchen,Kitchen,273.62,Customer 188,Central,Indore,2025-03-09,2025,11,Nov
ORD000852,2025-05-26,CUST01021,PROD0061,1,0.05,84.96,80.71,56.94,23.77,Net Banking,Delivered,2.0,Outdoor Product 61,Sports,Outdoor,87.3,Customer 1021,North,Jaipur,2023-08-18,2025,5,May
ORD000853,2025-06-05,CUST00711,PROD0120,4,0.05,13.41,50.96,38.19,12.77,COD,Delivered,3.0,Self Help Product 120,Books,Self Help,13.3,Customer 711,South,Hyderabad,2024-12-21,2025,6,Jun
ORD000854,2025-01-16,CUST00529,PROD0105,4,0.2,188.41,602.91,436.84,166.07,Net Banking,Delivered,2.0,Fragrance Product 105,Beauty,Fragrance,173.04,Customer 529,West,Ahmedabad,2023-07-22,2025,1,Jan
ORD000855,2025-12-21,CUST00434,PROD0034,3,0.0,116.62,349.86,235.26,114.6,Credit Card,Delivered,1.0,Accessories Product 34,Fashion,Accessories,105.5,Customer 434,Central,Bhopal,2023-10-10,2025,12,Dec
ORD000856,2025-02-16,CUST00288,PROD0039,1,0.0,172.07,172.07,138.62,33.45,Debit Card,Delivered,4.0,Smartphones Product 39,Electronics,Smartphones,169.11,Customer 288,North,Chandigarh,2023-10-10,2025,2,Feb
ORD000857,2025-09-08,CUST00499,PROD0041,1,0.0,403.85,403.85,284.05,119.8,Credit Card,Delivered,3.0,Accessories Product 41,Electronics,Accessories,390.82,Customer 499,West,Mumbai,2023-09-28,2025,9,Sep
ORD000858,2025-07-06,CUST01465,PROD0108,1,0.1,362.82,326.54,265.4,61.14,UPI,Delivered,7.0,Kitchen Product 108,Home & Kitchen,Kitchen,373.49,Customer 1465,East,Bhubaneswar,2023-04-04,2025,7,Jul
ORD000859,2025-01-31,CUST00303,PROD0037,4,0.15,198.36,674.42,482.43,191.99,Credit Card,Delivered,4.0,Sportswear Product 37,Sports,Sportswear,193.95,Customer 303,East,Bhubaneswar,2023-04-05,2025,1,Jan
ORD000860,2025-09-17,CUST00087,PROD0065,2,0.05,191.23,363.34,279.92,83.42,Debit Card,Delivered,4.0,Women Product 65,Fashion,Women,178.78,Customer 87,South,Hyderabad,2025-05-23,2025,9,Sep
ORD000861,2025-01-17,CUST00830,PROD0118,4,0.0,133.33,533.32,404.3,129.02,Debit Card,Delivered,2.0,Kitchen Product 118,Home & Kitchen,Kitchen,130.92,Customer 830,South,Hyderabad,2024-06-01,2025,1,Jan
ORD000862,2025-02-08,CUST00438,PROD0079,2,0.0,236.14,472.28,348.82,123.46,Net Banking,Delivered,2.0,Appliances Product 79,Home & Kitchen,Appliances,240.86,Customer 438,South,Hyderabad,2023-12-18,2025,2,Feb
ORD000863,2025-10-31,CUST00541,PROD0032,2,0.1,14.64,26.35,15.37,10.98,UPI,Delivered,4.0,Skincare Product 32,Beauty,Skincare,14.13,Customer 541,South,Bengaluru,2023-12-04,2025,10,Oct
ORD000864,2025-02-08,CUST01046,PROD0008,1,0.0,513.07,513.07,307.11,205.96,UPI,Delivered,6.0,Decor Product 8,Home & Kitchen,Decor,462.5,Customer 1046,Central,Indore,2023-09-10,2025,2,Feb
ORD000865,2025-05-12,CUST00833,PROD0097,4,0.2,65.12,208.38,149.94,58.44,UPI,Delivered,1.0,Self Help Product 97,Books,Self Help,59.33,Customer 833,West,Surat,2023-07-04,2025,5,May
ORD000866,2025-01-30,CUST00797,PROD0018,4,0.0,236.63,946.52,756.11,190.41,UPI,Delivered,3.0,Furniture Product 18,Home & Kitchen,Furniture,220.36,Customer 797,Central,Bhopal,2024-09-23,2025,1,Jan
ORD000867,2025-06-07,CUST00560,PROD0045,1,0.0,179.54,179.54,130.04,49.5,Credit Card,Returned,2.0,Kitchen Product 45,Home & Kitchen,Kitchen,184.1,Customer 560,North,Chandigarh,2024-05-04,2025,6,Jun
ORD000868,2025-10-05,CUST00762,PROD0093,3,0.0,361.57,1084.71,690.57,394.14,COD,Delivered,5.0,Appliances Product 93,Home & Kitchen,Appliances,373.4,Customer 762,North,Lucknow,2024-10-01,2025,10,Oct
ORD000869,2025-07-22,CUST00467,PROD0096,2,0.15,228.64,388.69,255.31,133.38,Credit Card,Delivered,4.0,Footwear Product 96,Fashion,Footwear,210.2,Customer 467,West,Ahmedabad,2025-05-30,2025,7,Jul
ORD000870,2025-03-07,CUST01125,PROD0033,2,0.1,40.42,72.76,53.08,19.68,UPI,Delivered,2.0,Business Product 33,Books,Business,42.27,Customer 1125,South,Bengaluru,2024-02-29,2025,3,Mar
ORD000871,2025-04-18,CUST00675,PROD0005,2,0.25,246.14,369.21,267.05,102.16,UPI,Delivered,4.0,Men Product 5,Fashion,Men,236.42,Customer 675,East,Kolkata,2023-09-18,2025,4,Apr
ORD000872,2025-09-25,CUST00685,PROD0082,2,0.05,637.11,1210.51,979.75,230.76,Credit Card,Delivered,8.0,Laptops Product 82,Electronics,Laptops,632.19,Customer 685,East,Patna,2024-04-01,2025,9,Sep
ORD000873,2025-08-10,CUST01165,PROD0112,1,0.0,224.09,224.09,158.43,65.66,UPI,Delivered,4.0,Kitchen Product 112,Home & Kitchen,Kitchen,221.08,Customer 1165,Central,Bhopal,2023-01-13,2025,8,Aug
ORD000874,2025-10-19,CUST00138,PROD0074,1,0.1,217.61,195.85,130.28,65.57,Credit Card,Delivered,3.0,Women Product 74,Fashion,Women,215.26,Customer 138,North,Delhi,2024-07-19,2025,10,Oct
ORD000875,2025-01-18,CUST00578,PROD0036,1,0.1,413.12,371.81,262.5,109.31,UPI,Delivered,2.0,Furniture Product 36,Home & Kitchen,Furniture,375.57,Customer 578,West,Mumbai,2025-02-08,2025,1,Jan
ORD000876,2025-03-31,CUST00710,PROD0097,1,0.1,55.62,50.06,38.48,11.58,UPI,Delivered,8.0,Self Help Product 97,Books,Self Help,59.33,Customer 710,South,Bengaluru,2024-02-18,2025,3,Mar
ORD000877,2025-06-30,CUST00228,PROD0023,1,0.05,83.73,79.54,56.45,23.09,Debit Card,Delivered,4.0,Equipment Product 23,Sports,Equipment,77.77,Customer 228,North,Lucknow,2024-02-11,2025,6,Jun
ORD000878,2025-09-12,CUST00281,PROD0040,3,0.0,294.23,882.69,581.03,301.66,Credit Card,Cancelled,,Appliances Product 40,Home & Kitchen,Appliances,270.68,Customer 281,Central,Nagpur,2025-04-30,2025,9,Sep
ORD000879,2025-09-10,CUST00684,PROD0005,1,0.0,262.09,262.09,173.31,88.78,UPI,Delivered,2.0,Men Product 5,Fashion,Men,236.42,Customer 684,South,Chennai,2024-12-26,2025,9,Sep
ORD000880,2025-09-14,CUST00828,PROD0034,1,0.1,106.61,95.95,73.08,22.87,COD,Delivered,7.0,Accessories Product 34,Fashion,Accessories,105.5,Customer 828,Central,Nagpur,2024-10-09,2025,9,Sep
ORD000881,2025-12-12,CUST00431,PROD0024,1,0.1,287.61,258.85,154.26,104.59,UPI,Delivered,4.0,Equipment Product 24,Sports,Equipment,281.97,Customer 431,West,Mumbai,2025-04-14,2025,12,Dec
ORD000882,2025-03-28,CUST01064,PROD0017,1,0.15,16.85,14.32,9.25,5.07,UPI,Delivered,1.0,Equipment Product 17,Sports,Equipment,15.15,Customer 1064,North,Jaipur,2024-11-25,2025,3,Mar
ORD000883,2025-03-31,CUST01235,PROD0095,4,0.05,37.78,143.56,88.54,55.02,Debit Card,Delivered,1.0,Business Product 95,Books,Business,37.34,Customer 1235,West,Pune,2024-12-28,2025,3,Mar
ORD000884,2025-08-25,CUST00302,PROD0071,1,0.15,33.39,28.38,22.89,5.49,Debit Card,Delivered,6.0,Footwear Product 71,Fashion,Footwear,32.71,Customer 302,East,Patna,2024-10-21,2025,8,Aug
ORD000885,2025-03-11,CUST01110,PROD0081,3,0.05,331.14,943.75,567.78,375.97,UPI,Delivered,4.0,Accessories Product 81,Electronics,Accessories,335.69,Customer 1110,West,Ahmedabad,2023-01-14,2025,3,Mar
ORD000886,2025-02-13,CUST01421,PROD0092,2,0.0,53.36,106.72,81.32,25.4,Debit Card,Delivered,2.0,Haircare Product 92,Beauty,Haircare,57.6,Customer 1421,North,Chandigarh,2024-01-23,2025,2,Feb
ORD000887,2025-07-19,CUST01277,PROD0102,1,0.25,52.59,39.44,28.84,10.6,UPI,Delivered,4.0,Makeup Product 102,Beauty,Makeup,52.24,Customer 1277,Central,Kanpur,2024-04-15,2025,7,Jul
ORD000888,2025-06-01,CUST00533,PROD0022,1,0.1,206.57,185.91,136.06,49.85,COD,Delivered,3.0,Kitchen Product 22,Home & Kitchen,Kitchen,196.54,Customer 533,West,Pune,2023-06-10,2025,6,Jun
ORD000889,2025-03-27,CUST00769,PROD0015,1,0.1,124.28,111.85,85.37,26.48,Debit Card,Delivered,5.0,Kitchen Product 15,Home & Kitchen,Kitchen,117.47,Customer 769,East,Bhubaneswar,2025-03-04,2025,3,Mar
ORD000890,2025-01-19,CUST01405,PROD0101,4,0.1,297.48,1070.93,724.07,346.86,UPI,Delivered,3.0,Laptops Product 101,Electronics,Laptops,322.89,Customer 1405,West,Surat,2025-03-09,2025,1,Jan
ORD000891,2025-04-11,CUST00444,PROD0015,4,0.05,126.89,482.18,326.04,156.14,UPI,Delivered,3.0,Kitchen Product 15,Home & Kitchen,Kitchen,117.47,Customer 444,North,Delhi,2023-02-28,2025,4,Apr
ORD000892,2025-04-05,CUST01057,PROD0114,2,0.15,560.18,952.31,618.32,333.99,Credit Card,Delivered,2.0,Audio Product 114,Electronics,Audio,550.01,Customer 1057,North,Jaipur,2024-08-20,2025,4,Apr
ORD000893,2025-09-11,CUST00260,PROD0114,1,0.2,563.29,450.63,326.01,124.62,Debit Card,Returned,2.0,Audio Product 114,Electronics,Audio,550.01,Customer 260,North,Lucknow,2023-04-10,2025,9,Sep
ORD000894,2025-12-23,CUST01258,PROD0025,4,0.05,311.35,1183.13,950.23,232.9,Net Banking,Delivered,2.0,Kitchen Product 25,Home & Kitchen,Kitchen,279.9,Customer 1258,South,Chennai,2024-10-11,2025,12,Dec
ORD000895,2025-01-30,CUST01332,PROD0053,2,0.1,22.26,40.07,32.13,7.94,COD,Delivered,1.0,Self Help Product 53,Books,Self Help,22.79,Customer 1332,West,Pune,2024-12-20,2025,1,Jan
ORD000896,2025-09-06,CUST00739,PROD0021,1,0.15,13.95,11.86,8.88,2.98,Credit Card,Delivered,1.0,Technology Product 21,Books,Technology,13.01,Customer 739,East,Bhubaneswar,2023-05-17,2025,9,Sep
ORD000897,2025-02-02,CUST00796,PROD0119,1,0.0,534.62,534.62,426.35,108.27,Net Banking,Delivered,5.0,Smartphones Product 119,Electronics,Smartphones,516.56,Customer 796,East,Kolkata,2023-03-14,2025,2,Feb
ORD000898,2025-08-17,CUST00070,PROD0102,1,0.05,55.38,52.61,42.68,9.93,Credit Card,Delivered,5.0,Makeup Product 102,Beauty,Makeup,52.24,Customer 70,North,Delhi,2023-04-09,2025,8,Aug
ORD000899,2025-01-12,CUST01478,PROD0066,1,0.0,36.88,36.88,28.43,8.45,Credit Card,Delivered,2.0,Self Help Product 66,Books,Self Help,36.75,Customer 1478,South,Bengaluru,2023-06-29,2025,1,Jan
ORD000900,2025-04-28,CUST01463,PROD0091,1,0.1,37.5,33.75,22.88,10.87,Debit Card,Delivered,4.0,Technology Product 91,Books,Technology,38.43,Customer 1463,West,Surat,2025-01-02,2025,4,Apr
ORD000901,2025-12-16,CUST01388,PROD0113,3,0.15,494.68,1261.43,877.92,383.51,UPI,Delivered,5.0,Smartphones Product 113,Electronics,Smartphones,480.63,Customer 1388,West,Pune,2024-02-26,2025,12,Dec
ORD000902,2025-06-04,CUST00983,PROD0032,4,0.1,14.06,50.62,40.67,9.95,UPI,Delivered,1.0,Skincare Product 32,Beauty,Skincare,14.13,Customer 983,South,Kochi,2024-04-24,2025,6,Jun
ORD000903,2025-09-03,CUST00481,PROD0021,2,0.0,12.55,25.1,18.59,6.51,Net Banking,Cancelled,,Technology Product 21,Books,Technology,13.01,Customer 481,South,Hyderabad,2024-09-09,2025,9,Sep
ORD000904,2025-11-28,CUST01168,PROD0068,3,0.1,106.67,288.01,223.77,64.24,Credit Card,Delivered,4.0,Kitchen Product 68,Home & Kitchen,Kitchen,98.06,Customer 1168,East,Kolkata,2025-01-11,2025,11,Nov
ORD000905,2025-09-04,CUST00024,PROD0044,2,0.15,23.71,40.31,24.5,15.81,COD,Delivered,3.0,Business Product 44,Books,Business,23.36,Customer 24,West,Ahmedabad,2024-02-08,2025,9,Sep
ORD000906,2025-01-29,CUST00965,PROD0083,2,0.05,44.96,85.42,53.52,31.9,UPI,Delivered,4.0,Business Product 83,Books,Business,41.27,Customer 965,Central,Nagpur,2023-08-27,2025,1,Jan
ORD000907,2025-06-10,CUST01449,PROD0066,4,0.15,37.29,126.79,84.01,42.78,UPI,Delivered,4.0,Self Help Product 66,Books,Self Help,36.75,Customer 1449,North,Delhi,2023-06-05,2025,6,Jun
ORD000908,2025-08-23,CUST00746,PROD0090,2,0.15,169.65,288.41,180.31,108.1,UPI,Delivered,1.0,Outdoor Product 90,Sports,Outdoor,164.49,Customer 746,South,Kochi,2023-06-24,2025,8,Aug
ORD000909,2025-07-09,CUST00845,PROD0098,2,0.0,137.73,275.46,219.69,55.77,Credit Card,Delivered,4.0,Fragrance Product 98,Beauty,Fragrance,123.08,Customer 845,South,Hyderabad,2024-07-10,2025,7,Jul
ORD000910,2025-04-27,CUST01199,PROD0014,1,0.0,142.48,142.48,90.06,52.42,COD,Delivered,2.0,Accessories Product 14,Electronics,Accessories,128.33,Customer 1199,South,Bengaluru,2023-06-28,2025,4,Apr
ORD000911,2025-09-28,CUST00325,PROD0015,2,0.1,114.46,206.03,147.05,58.98,UPI,Delivered,3.0,Kitchen Product 15,Home & Kitchen,Kitchen,117.47,Customer 325,Central,Nagpur,2023-05-04,2025,9,Sep
ORD000912,2025-09-15,CUST01372,PROD0020,1,0.15,104.41,88.75,53.3,35.45,Credit Card,Delivered,5.0,Skincare Product 20,Beauty,Skincare,95.46,Customer 1372,Central,Bhopal,2024-04-30,2025,9,Sep
ORD000913,2025-06-29,CUST00798,PROD0034,1,0.2,105.3,84.24,51.99,32.25,Credit Card,Delivered,5.0,Accessories Product 34,Fashion,Accessories,105.5,Customer 798,West,Ahmedabad,2025-04-03,2025,6,Jun
ORD000914,2025-06-21,CUST00018,PROD0036,1,0.1,350.88,315.79,201.91,113.88,Debit Card,Delivered,3.0,Furniture Product 36,Home & Kitchen,Furniture,375.57,Customer 18,West,Surat,2024-11-02,2025,6,Jun
ORD000915,2025-10-01,CUST00044,PROD0083,2,0.05,42.72,81.17,66.23,14.94,Credit Card,Delivered,2.0,Business Product 83,Books,Business,41.27,Customer 44,South,Kochi,2025-02-07,2025,10,Oct
ORD000916,2025-09-16,CUST00155,PROD0009,1,0.0,336.45,336.45,259.5,76.95,Credit Card,Delivered,5.0,Furniture Product 9,Home & Kitchen,Furniture,301.64,Customer 155,North,Lucknow,2023-02-07,2025,9,Sep
ORD000917,2025-05-15,CUST00867,PROD0071,1,0.15,36.47,31.0,22.99,8.01,Debit Card,Delivered,6.0,Footwear Product 71,Fashion,Footwear,32.71,Customer 867,North,Lucknow,2024-04-23,2025,5,May
ORD000918,2025-06-20,CUST00922,PROD0030,1,0.0,317.29,317.29,253.8,63.49,UPI,Delivered,7.0,Decor Product 30,Home & Kitchen,Decor,335.65,Customer 922,South,Bengaluru,2024-05-04,2025,6,Jun
ORD000919,2025-07-29,CUST01401,PROD0077,1,0.1,148.3,133.47,108.04,25.43,COD,Delivered,3.0,Accessories Product 77,Fashion,Accessories,138.05,Customer 1401,West,Surat,2024-11-29,2025,7,Jul
ORD000920,2025-08-24,CUST00743,PROD0091,2,0.0,41.53,83.06,57.22,25.84,Net Banking,Delivered,2.0,Technology Product 91,Books,Technology,38.43,Customer 743,West,Ahmedabad,2023-01-19,2025,8,Aug
ORD000921,2025-07-05,CUST01426,PROD0063,1,0.0,271.91,271.91,179.09,92.82,Credit Card,Delivered,6.0,Kitchen Product 63,Home & Kitchen,Kitchen,273.62,Customer 1426,East,Bhubaneswar,2023-10-03,2025,7,Jul
ORD000922,2025-12-30,CUST00225,PROD0108,2,0.05,392.81,746.34,489.36,256.98,Debit Card,Delivered,3.0,Kitchen Product 108,Home & Kitchen,Kitchen,373.49,Customer 225,South,Hyderabad,2025-06-09,2025,12,Dec
ORD000923,2025-04-05,CUST00217,PROD0035,1,0.05,32.11,30.5,17.95,12.55,Debit Card,Delivered,2.0,Footwear Product 35,Fashion,Footwear,31.55,Customer 217,West,Mumbai,2024-05-03,2025,4,Apr
ORD000924,2025-01-11,CUST00031,PROD0013,1,0.1,742.83,668.55,432.63,235.92,Net Banking,Delivered,3.0,Laptops Product 13,Electronics,Laptops,769.31,Customer 31,East,Ranchi,2024-08-25,2025,1,Jan
ORD000925,2025-03-09,CUST01083,PROD0079,1,0.0,258.26,258.26,171.8,86.46,UPI,Returned,2.0,Appliances Product 79,Home & Kitchen,Appliances,240.86,Customer 1083,Central,Nagpur,2024-11-13,2025,3,Mar
ORD000926,2025-07-29,CUST00898,PROD0046,1,0.2,116.35,93.08,54.81,38.27,Debit Card,Delivered,3.0,Accessories Product 46,Electronics,Accessories,119.63,Customer 898,East,Kolkata,2024-05-14,2025,7,Jul
ORD000927,2025-07-15,CUST01377,PROD0056,1,0.1,82.9,74.61,59.08,15.53,UPI,Delivered,3.0,Women Product 56,Fashion,Women,83.9,Customer 1377,East,Bhubaneswar,2023-02-22,2025,7,Jul
ORD000928,2025-04-08,CUST00935,PROD0009,3,0.1,288.97,780.22,611.29,168.93,UPI,Delivered,8.0,Furniture Product 9,Home & Kitchen,Furniture,301.64,Customer 935,West,Pune,2024-09-07,2025,4,Apr
ORD000929,2025-04-03,CUST00445,PROD0109,1,0.05,48.61,46.18,29.57,16.61,Debit Card,Delivered,4.0,Fiction Product 109,Books,Fiction,45.69,Customer 445,West,Mumbai,2024-05-22,2025,4,Apr
ORD000930,2025-01-22,CUST01259,PROD0087,3,0.1,183.63,495.8,383.06,112.74,Net Banking,Delivered,3.0,Equipment Product 87,Sports,Equipment,181.5,Customer 1259,South,Hyderabad,2023-02-08,2025,1,Jan
ORD000931,2025-06-21,CUST01131,PROD0118,1,0.0,132.06,132.06,101.83,30.23,Credit Card,Delivered,4.0,Kitchen Product 118,Home & Kitchen,Kitchen,130.92,Customer 1131,North,Delhi,2025-04-30,2025,6,Jun
ORD000932,2025-05-14,CUST01215,PROD0036,1,0.25,390.94,293.2,193.63,99.57,Credit Card,Delivered,4.0,Furniture Product 36,Home & Kitchen,Furniture,375.57,Customer 1215,West,Mumbai,2024-01-15,2025,5,May
ORD000933,2025-01-25,CUST00530,PROD0117,3,0.1,259.52,700.7,523.63,177.07,Debit Card,Delivered,6.0,Furniture Product 117,Home & Kitchen,Furniture,272.76,Customer 530,East,Patna,2023-03-02,2025,1,Jan
ORD000934,2025-07-04,CUST00738,PROD0104,4,0.0,75.73,302.92,196.77,106.15,COD,Delivered,2.0,Footwear Product 104,Fashion,Footwear,68.87,Customer 738,North,Lucknow,2024-05-23,2025,7,Jul
ORD000935,2025-03-26,CUST00874,PROD0003,1,0.1,571.43,514.29,306.96,207.33,Credit Card,Returned,4.0,Accessories Product 3,Electronics,Accessories,564.08,Customer 874,North,Lucknow,2023-03-03,2025,3,Mar
ORD000936,2025-02-24,CUST00566,PROD0098,1,0.05,122.26,116.15,81.44,34.71,UPI,Delivered,3.0,Fragrance Product 98,Beauty,Fragrance,123.08,Customer 566,East,Bhubaneswar,2025-05-06,2025,2,Feb
ORD000937,2025-09-08,CUST01269,PROD0019,4,0.0,202.15,808.6,554.05,254.55,Net Banking,Delivered,4.0,Decor Product 19,Home & Kitchen,Decor,213.84,Customer 1269,East,Kolkata,2024-05-30,2025,9,Sep
ORD000938,2025-05-24,CUST00076,PROD0028,1,0.2,15.68,12.54,7.69,4.85,UPI,Delivered,4.0,Equipment Product 28,Sports,Equipment,16.44,Customer 76,Central,Nagpur,2024-11-30,2025,5,May
ORD000939,2025-12-17,CUST00547,PROD0023,2,0.0,85.86,171.72,119.81,51.91,UPI,Delivered,1.0,Equipment Product 23,Sports,Equipment,77.77,Customer 547,East,Kolkata,2023-11-15,2025,12,Dec
ORD000940,2025-06-16,CUST00267,PROD0104,1,0.1,69.65,62.69,50.64,12.05,Credit Card,Returned,4.0,Footwear Product 104,Fashion,Footwear,68.87,Customer 267,East,Ranchi,2023-02-12,2025,6,Jun
ORD000941,2025-08-12,CUST00317,PROD0113,1,0.25,511.6,383.7,289.9,93.8,Credit Card,Delivered,4.0,Smartphones Product 113,Electronics,Smartphones,480.63,Customer 317,South,Kochi,2024-09-17,2025,8,Aug
ORD000942,2025-08-08,CUST01145,PROD0109,2,0.0,42.77,85.54,64.78,20.76,Credit Card,Delivered,2.0,Fiction Product 109,Books,Fiction,45.69,Customer 1145,East,Ranchi,2024-10-15,2025,8,Aug
ORD000943,2025-06-28,CUST00025,PROD0007,1,0.05,16.07,15.27,11.63,3.64,Net Banking,Delivered,2.0,Haircare Product 7,Beauty,Haircare,15.32,Customer 25,East,Kolkata,2024-09-20,2025,6,Jun
ORD000944,2025-04-29,CUST01456,PROD0105,1,0.0,191.09,191.09,144.98,46.11,UPI,Delivered,2.0,Fragrance Product 105,Beauty,Fragrance,173.04,Customer 1456,South,Hyderabad,2024-12-22,2025,4,Apr
ORD000945,2025-09-22,CUST00160,PROD0076,1,0.0,105.04,105.04,61.42,43.62,UPI,Delivered,4.0,Women Product 76,Fashion,Women,107.18,Customer 160,South,Hyderabad,2025-06-27,2025,9,Sep
ORD000946,2025-05-30,CUST00596,PROD0014,4,0.0,132.93,531.72,426.4,105.32,UPI,Delivered,3.0,Accessories Product 14,Electronics,Accessories,128.33,Customer 596,East,Kolkata,2024-10-23,2025,5,May
ORD000947,2025-08-03,CUST01138,PROD0046,2,0.15,132.56,225.35,175.6,49.75,UPI,Delivered,6.0,Accessories Product 46,Electronics,Accessories,119.63,Customer 1138,South,Kochi,2024-09-07,2025,8,Aug
ORD000948,2025-07-16,CUST00900,PROD0015,1,0.15,124.97,106.22,68.61,37.61,Credit Card,Delivered,3.0,Kitchen Product 15,Home & Kitchen,Kitchen,117.47,Customer 900,South,Hyderabad,2023-12-21,2025,7,Jul
ORD000949,2025-02-11,CUST00502,PROD0067,2,0.15,179.94,305.9,218.0,87.9,UPI,Delivered,3.0,Furniture Product 67,Home & Kitchen,Furniture,192.97,Customer 502,North,Lucknow,2024-01-14,2025,2,Feb
ORD000950,2025-02-22,CUST01190,PROD0015,1,0.05,116.97,111.12,80.85,30.27,Net Banking,Delivered,4.0,Kitchen Product 15,Home & Kitchen,Kitchen,117.47,Customer 1190,North,Jaipur,2023-02-14,2025,2,Feb
ORD000951,2025-11-26,CUST01013,PROD0051,1,0.15,171.97,146.17,89.41,56.76,Net Banking,Delivered,3.0,Furniture Product 51,Home & Kitchen,Furniture,183.5,Customer 1013,Central,Nagpur,2024-01-01,2025,11,Nov
ORD000952,2025-09-08,CUST00703,PROD0088,4,0.1,89.23,321.23,205.89,115.34,Credit Card,Delivered,4.0,Accessories Product 88,Fashion,Accessories,81.69,Customer 703,North,Jaipur,2024-10-07,2025,9,Sep
ORD000953,2025-10-22,CUST01199,PROD0116,4,0.05,53.76,204.29,119.63,84.66,UPI,Delivered,3.0,Men Product 116,Fashion,Men,51.48,Customer 1199,South,Bengaluru,2023-06-28,2025,10,Oct
ORD000954,2025-09-28,CUST00001,PROD0110,2,0.05,450.48,855.91,673.9,182.01,Credit Card,Delivered,2.0,Kitchen Product 110,Home & Kitchen,Kitchen,405.37,Customer 1,Central,Nagpur,2023-06-04,2025,9,Sep
ORD000955,2025-05-03,CUST00741,PROD0008,2,0.0,427.33,854.66,500.81,353.85,Debit Card,Delivered,5.0,Decor Product 8,Home & Kitchen,Decor,462.5,Customer 741,South,Bengaluru,2023-10-16,2025,5,May
ORD000956,2025-12-05,CUST01110,PROD0069,1,0.2,145.29,116.23,76.3,39.93,UPI,Delivered,1.0,Women Product 69,Fashion,Women,144.62,Customer 1110,West,Ahmedabad,2023-01-14,2025,12,Dec
ORD000957,2025-09-23,CUST00320,PROD0062,2,0.1,157.65,283.77,169.92,113.85,Debit Card,Delivered,3.0,Accessories Product 62,Fashion,Accessories,167.56,Customer 320,East,Patna,2023-06-28,2025,9,Sep
ORD000958,2025-12-14,CUST01425,PROD0051,2,0.15,181.68,308.86,237.06,71.8,UPI,Delivered,2.0,Furniture Product 51,Home & Kitchen,Furniture,183.5,Customer 1425,North,Lucknow,2024-09-17,2025,12,Dec
ORD000959,2025-01-29,CUST00382,PROD0063,3,0.1,260.59,703.59,564.28,139.31,COD,Delivered,5.0,Kitchen Product 63,Home & Kitchen,Kitchen,273.62,Customer 382,East,Patna,2024-10-30,2025,1,Jan
ORD000960,2025-02-04,CUST01342,PROD0068,3,0.1,96.66,260.98,186.62,74.36,Credit Card,Delivered,3.0,Kitchen Product 68,Home & Kitchen,Kitchen,98.06,Customer 1342,West,Surat,2023-08-15,2025,2,Feb
ORD000961,2025-01-06,CUST01274,PROD0078,1,0.0,117.8,117.8,72.27,45.53,Net Banking,Delivered,1.0,Fitness Product 78,Sports,Fitness,108.69,Customer 1274,East,Patna,2025-05-05,2025,1,Jan
ORD000962,2025-04-21,CUST00898,PROD0016,1,0.1,194.1,174.69,124.72,49.97,Credit Card,Returned,1.0,Women Product 16,Fashion,Women,203.86,Customer 898,East,Kolkata,2024-05-14,2025,4,Apr
ORD000963,2025-10-21,CUST00717,PROD0084,1,0.15,24.0,20.4,15.6,4.8,Credit Card,Delivered,2.0,Fiction Product 84,Books,Fiction,23.65,Customer 717,East,Ranchi,2024-10-11,2025,10,Oct
ORD000964,2025-03-18,CUST01280,PROD0024,1,0.0,311.38,311.38,234.29,77.09,Debit Card,Delivered,5.0,Equipment Product 24,Sports,Equipment,281.97,Customer 1280,West,Ahmedabad,2023-01-31,2025,3,Mar
ORD000965,2025-12-15,CUST00307,PROD0006,2,0.25,87.99,131.98,100.04,31.94,Net Banking,Delivered,5.0,Decor Product 6,Home & Kitchen,Decor,78.58,Customer 307,Central,Indore,2024-05-28,2025,12,Dec
ORD000966,2025-05-27,CUST01168,PROD0119,1,0.05,501.13,476.07,308.02,168.05,Debit Card,Delivered,8.0,Smartphones Product 119,Electronics,Smartphones,516.56,Customer 1168,East,Kolkata,2025-01-11,2025,5,May
ORD000967,2025-03-08,CUST00391,PROD0057,3,0.05,34.23,97.56,58.31,39.25,Net Banking,Delivered,2.0,Fitness Product 57,Sports,Fitness,30.92,Customer 391,South,Kochi,2024-11-11,2025,3,Mar
ORD000968,2025-01-08,CUST01193,PROD0031,4,0.1,246.61,887.8,546.66,341.14,UPI,Cancelled,,Furniture Product 31,Home & Kitchen,Furniture,253.64,Customer 1193,South,Bengaluru,2023-06-30,2025,1,Jan
ORD000969,2025-05-02,CUST00990,PROD0006,4,0.15,78.79,267.89,216.81,51.08,UPI,Delivered,3.0,Decor Product 6,Home & Kitchen,Decor,78.58,Customer 990,West,Mumbai,2023-07-23,2025,5,May
ORD000970,2025-12-06,CUST00298,PROD0099,2,0.1,211.31,380.36,276.61,103.75,UPI,Delivered,2.0,Fitness Product 99,Sports,Fitness,192.87,Customer 298,South,Hyderabad,2025-06-09,2025,12,Dec
ORD000971,2025-06-24,CUST00233,PROD0079,3,0.1,259.46,700.54,528.69,171.85,Net Banking,Delivered,4.0,Appliances Product 79,Home & Kitchen,Appliances,240.86,Customer 233,West,Pune,2023-11-09,2025,6,Jun
ORD000972,2025-06-28,CUST00271,PROD0029,1,0.1,61.49,55.34,44.04,11.3,UPI,Delivered,7.0,Women Product 29,Fashion,Women,56.34,Customer 271,Central,Bhopal,2023-03-19,2025,6,Jun
ORD000973,2025-03-26,CUST01084,PROD0067,1,0.1,208.42,187.58,147.19,40.39,Net Banking,Delivered,3.0,Furniture Product 67,Home & Kitchen,Furniture,192.97,Customer 1084,Central,Nagpur,2024-03-25,2025,3,Mar
ORD000974,2025-02-14,CUST01320,PROD0075,4,0.0,214.54,858.16,542.71,315.45,Credit Card,Delivered,3.0,Decor Product 75,Home & Kitchen,Decor,221.86,Customer 1320,South,Hyderabad,2024-05-17,2025,2,Feb
ORD000975,2025-05-16,CUST01491,PROD0003,3,0.0,581.99,1745.97,1036.99,708.98,UPI,Delivered,3.0,Accessories Product 3,Electronics,Accessories,564.08,Customer 1491,South,Chennai,2024-01-02,2025,5,May
ORD000976,2025-12-09,CUST01259,PROD0028,2,0.0,16.39,32.78,26.29,6.49,Credit Card,Delivered,5.0,Equipment Product 28,Sports,Equipment,16.44,Customer 1259,South,Hyderabad,2023-02-08,2025,12,Dec
ORD000977,2025-01-16,CUST00677,PROD0074,2,0.05,217.83,413.88,337.56,76.32,UPI,Delivered,4.0,Women Product 74,Fashion,Women,215.26,Customer 677,North,Jaipur,2023-03-28,2025,1,Jan
ORD000978,2025-11-29,CUST00706,PROD0114,1,0.05,522.94,496.79,355.78,141.01,Credit Card,Delivered,7.0,Audio Product 114,Electronics,Audio,550.01,Customer 706,South,Kochi,2024-08-28,2025,11,Nov
ORD000979,2025-07-14,CUST00234,PROD0097,3,0.1,58.33,157.49,124.92,32.57,Credit Card,Delivered,4.0,Self Help Product 97,Books,Self Help,59.33,Customer 234,West,Surat,2024-08-15,2025,7,Jul
ORD000980,2025-01-09,CUST01392,PROD0048,1,0.1,119.61,107.65,68.43,39.22,UPI,Delivered,4.0,Fragrance Product 48,Beauty,Fragrance,109.58,Customer 1392,North,Jaipur,2025-04-09,2025,1,Jan
ORD000981,2025-11-12,CUST00845,PROD0080,2,0.0,43.2,86.4,52.41,33.99,Net Banking,Delivered,2.0,Skincare Product 80,Beauty,Skincare,39.29,Customer 845,South,Hyderabad,2024-07-10,2025,11,Nov
ORD000982,2025-11-30,CUST01256,PROD0010,1,0.0,926.01,926.01,648.17,277.84,Credit Card,Delivered,7.0,Smartphones Product 10,Electronics,Smartphones,888.66,Customer 1256,North,Jaipur,2024-07-21,2025,11,Nov
ORD000983,2025-11-29,CUST00491,PROD0033,1,0.0,43.1,43.1,33.39,9.71,Credit Card,Delivered,4.0,Business Product 33,Books,Business,42.27,Customer 491,North,Delhi,2024-11-20,2025,11,Nov
ORD000984,2025-11-23,CUST00503,PROD0100,1,0.05,111.79,106.2,78.28,27.92,Net Banking,Cancelled,,Men Product 100,Fashion,Men,105.21,Customer 503,North,Jaipur,2023-03-14,2025,11,Nov
ORD000985,2025-01-15,CUST00890,PROD0067,3,0.0,201.03,603.09,442.04,161.05,UPI,Delivered,3.0,Furniture Product 67,Home & Kitchen,Furniture,192.97,Customer 890,South,Kochi,2023-11-10,2025,1,Jan
ORD000986,2025-11-23,CUST00592,PROD0069,1,0.1,161.5,145.35,84.91,60.44,Credit Card,Delivered,1.0,Women Product 69,Fashion,Women,144.62,Customer 592,South,Hyderabad,2023-04-02,2025,11,Nov
ORD000987,2025-04-12,CUST00746,PROD0012,4,0.05,291.24,1106.71,726.22,380.49,Credit Card,Delivered,2.0,Audio Product 12,Electronics,Audio,304.0,Customer 746,South,Kochi,2023-06-24,2025,4,Apr
ORD000988,2025-08-14,CUST01405,PROD0057,3,0.1,31.22,84.29,67.89,16.4,Credit Card,Delivered,1.0,Fitness Product 57,Sports,Fitness,30.92,Customer 1405,West,Surat,2025-03-09,2025,8,Aug
ORD000989,2025-10-05,CUST00428,PROD0044,1,0.15,25.78,21.91,13.41,8.5,UPI,Delivered,8.0,Business Product 44,Books,Business,23.36,Customer 428,Central,Nagpur,2024-02-18,2025,10,Oct
ORD000990,2025-04-23,CUST00697,PROD0013,2,0.05,848.51,1612.17,1216.1,396.07,UPI,Delivered,5.0,Laptops Product 13,Electronics,Laptops,769.31,Customer 697,West,Mumbai,2024-02-05,2025,4,Apr
ORD000991,2025-01-01,CUST00646,PROD0024,2,0.0,287.35,574.7,438.06,136.64,Credit Card,Delivered,5.0,Equipment Product 24,Sports,Equipment,281.97,Customer 646,North,Lucknow,2023-02-21,2025,1,Jan
ORD000992,2025-09-23,CUST00732,PROD0044,1,0.05,22.12,21.01,15.88,5.13,UPI,Delivered,5.0,Business Product 44,Books,Business,23.36,Customer 732,North,Lucknow,2025-06-29,2025,9,Sep
ORD000993,2025-07-27,CUST00800,PROD0057,1,0.0,33.49,33.49,27.38,6.11,UPI,Delivered,3.0,Fitness Product 57,Sports,Fitness,30.92,Customer 800,West,Surat,2023-04-03,2025,7,Jul
ORD000994,2025-04-20,CUST00364,PROD0096,2,0.0,217.98,435.96,295.67,140.29,UPI,Delivered,2.0,Footwear Product 96,Fashion,Footwear,210.2,Customer 364,North,Lucknow,2024-06-09,2025,4,Apr
ORD000995,2025-07-19,CUST00202,PROD0016,1,0.15,219.07,186.21,138.49,47.72,Credit Card,Delivered,1.0,Women Product 16,Fashion,Women,203.86,Customer 202,Central,Kanpur,2025-04-15,2025,7,Jul
ORD000996,2025-11-02,CUST00882,PROD0096,4,0.0,212.83,851.32,533.33,317.99,UPI,Delivered,6.0,Footwear Product 96,Fashion,Footwear,210.2,Customer 882,North,Lucknow,2023-11-13,2025,11,Nov
ORD000997,2025-01-12,CUST00146,PROD0109,3,0.25,43.9,98.78,66.77,32.01,Debit Card,Delivered,1.0,Fiction Product 109,Books,Fiction,45.69,Customer 146,Central,Bhopal,2023-03-26,2025,1,Jan
ORD000998,2025-12-11,CUST00836,PROD0101,2,0.0,298.61,597.22,416.84,180.38,Net Banking,Delivered,4.0,Laptops Product 101,Electronics,Laptops,322.89,Customer 836,North,Jaipur,2023-12-01,2025,12,Dec
ORD000999,2025-07-07,CUST00639,PROD0120,1,0.15,13.72,11.66,7.36,4.3,Debit Card,Delivered,4.0,Self Help Product 120,Books,Self Help,13.3,Customer 639,West,Pune,2025-01-15,2025,7,Jul
ORD001000,2025-06-03,CUST01481,PROD0100,2,0.15,100.18,170.31,135.85,34.46,Net Banking,Delivered,3.0,Men Product 100,Fashion,Men,105.21,Customer 1481,Central,Nagpur,2024-04-23,2025,6,Jun
ORD001001,2025-11-30,CUST00135,PROD0021,2,0.05,12.46,23.67,17.8,5.87,Debit Card,Delivered,7.0,Technology Product 21,Books,Technology,13.01,Customer 135,West,Surat,2024-05-23,2025,11,Nov
ORD001002,2025-10-06,CUST00626,PROD0111,2,0.05,65.06,123.61,80.11,43.5,Credit Card,Delivered,2.0,Fiction Product 111,Books,Fiction,64.59,Customer 626,East,Ranchi,2024-03-30,2025,10,Oct
ORD001003,2025-06-20,CUST01288,PROD0076,2,0.1,108.08,194.54,119.13,75.41,UPI,Delivered,5.0,Women Product 76,Fashion,Women,107.18,Customer 1288,Central,Kanpur,2024-04-30,2025,6,Jun
ORD001004,2025-05-14,CUST00064,PROD0051,4,0.2,178.89,572.45,371.57,200.88,UPI,Delivered,4.0,Furniture Product 51,Home & Kitchen,Furniture,183.5,Customer 64,East,Kolkata,2024-08-02,2025,5,May
ORD001005,2025-01-25,CUST00491,PROD0021,1,0.05,12.31,11.69,8.53,3.16,UPI,Delivered,7.0,Technology Product 21,Books,Technology,13.01,Customer 491,North,Delhi,2024-11-20,2025,1,Jan
ORD001006,2025-01-18,CUST00041,PROD0060,2,0.0,135.55,271.1,211.01,60.09,UPI,Delivered,6.0,Outdoor Product 60,Sports,Outdoor,122.23,Customer 41,East,Kolkata,2023-03-23,2025,1,Jan
ORD001007,2025-07-09,CUST01320,PROD0051,1,0.05,173.65,164.97,115.6,49.37,COD,Delivered,2.0,Furniture Product 51,Home & Kitchen,Furniture,183.5,Customer 1320,South,Hyderabad,2024-05-17,2025,7,Jul
ORD001008,2025-05-21,CUST01027,PROD0021,3,0.0,12.88,38.64,23.36,15.28,COD,Delivered,3.0,Technology Product 21,Books,Technology,13.01,Customer 1027,South,Hyderabad,2025-02-06,2025,5,May
ORD001009,2025-02-12,CUST00913,PROD0107,1,0.2,196.82,157.46,100.75,56.71,UPI,Delivered,5.0,Equipment Product 107,Sports,Equipment,200.64,Customer 913,Central,Nagpur,2024-03-17,2025,2,Feb
ORD001010,2025-11-30,CUST00975,PROD0117,3,0.1,298.2,805.14,533.67,271.47,Credit Card,Returned,2.0,Furniture Product 117,Home & Kitchen,Furniture,272.76,Customer 975,North,Lucknow,2025-02-19,2025,11,Nov
ORD001011,2025-10-11,CUST01134,PROD0006,2,0.0,78.74,157.48,115.38,42.1,Credit Card,Delivered,3.0,Decor Product 6,Home & Kitchen,Decor,78.58,Customer 1134,West,Mumbai,2025-04-18,2025,10,Oct
ORD001012,2025-05-26,CUST01245,PROD0073,4,0.05,8.86,33.67,21.52,12.15,Debit Card,Delivered,4.0,Business Product 73,Books,Business,9.38,Customer 1245,East,Ranchi,2024-08-06,2025,5,May
ORD001013,2025-11-11,CUST01394,PROD0065,2,0.0,164.84,329.68,209.72,119.96,Credit Card,Delivered,4.0,Women Product 65,Fashion,Women,178.78,Customer 1394,North,Delhi,2023-01-06,2025,11,Nov
ORD001014,2025-11-15,CUST00368,PROD0076,3,0.15,114.08,290.9,188.7,102.2,UPI,Delivered,4.0,Women Product 76,Fashion,Women,107.18,Customer 368,East,Bhubaneswar,2025-04-01,2025,11,Nov
ORD001015,2025-04-02,CUST01460,PROD0058,4,0.2,206.15,659.68,476.43,183.25,Debit Card,Delivered,4.0,Footwear Product 58,Fashion,Footwear,193.95,Customer 1460,Central,Nagpur,2023-01-13,2025,4,Apr
ORD001016,2025-06-28,CUST00918,PROD0078,1,0.0,109.08,109.08,76.16,32.92,Credit Card,Delivered,4.0,Fitness Product 78,Sports,Fitness,108.69,Customer 918,Central,Kanpur,2025-02-27,2025,6,Jun
ORD001017,2025-02-25,CUST01028,PROD0006,4,0.05,74.28,282.26,220.73,61.53,Credit Card,Delivered,5.0,Decor Product 6,Home & Kitchen,Decor,78.58,Customer 1028,West,Pune,2024-07-03,2025,2,Feb
ORD001018,2025-06-04,CUST00244,PROD0065,2,0.2,177.77,284.43,212.61,71.82,Credit Card,Delivered,8.0,Women Product 65,Fashion,Women,178.78,Customer 244,South,Chennai,2023-11-04,2025,6,Jun
ORD001019,2025-06-09,CUST00902,PROD0086,1,0.0,375.07,375.07,277.57,97.5,COD,Delivered,3.0,Audio Product 86,Electronics,Audio,361.35,Customer 902,Central,Indore,2023-07-30,2025,6,Jun
ORD001020,2025-04-21,CUST00166,PROD0034,1,0.05,111.91,106.31,65.61,40.7,Net Banking,Delivered,1.0,Accessories Product 34,Fashion,Accessories,105.5,Customer 166,South,Kochi,2025-05-18,2025,4,Apr
ORD001021,2025-05-17,CUST01050,PROD0056,3,0.05,78.5,223.72,132.72,91.0,Credit Card,Delivered,3.0,Women Product 56,Fashion,Women,83.9,Customer 1050,North,Lucknow,2024-04-03,2025,5,May
ORD001022,2025-08-20,CUST01419,PROD0075,1,0.0,228.8,228.8,160.71,68.09,UPI,Delivered,6.0,Decor Product 75,Home & Kitchen,Decor,221.86,Customer 1419,South,Kochi,2024-01-18,2025,8,Aug
ORD001023,2025-08-08,CUST01498,PROD0003,1,0.0,550.1,550.1,328.52,221.58,Credit Card,Delivered,2.0,Accessories Product 3,Electronics,Accessories,564.08,Customer 1498,Central,Indore,2023-09-22,2025,8,Aug
ORD001024,2025-03-09,CUST01041,PROD0042,1,0.25,280.97,210.73,140.63,70.1,Debit Card,Delivered,4.0,Accessories Product 42,Electronics,Accessories,269.27,Customer 1041,East,Bhubaneswar,2025-05-08,2025,3,Mar
ORD001025,2025-10-29,CUST00728,PROD0062,4,0.1,175.88,633.17,371.21,261.96,UPI,Delivered,3.0,Accessories Product 62,Fashion,Accessories,167.56,Customer 728,South,Chennai,2025-01-27,2025,10,Oct
ORD001026,2025-09-06,CUST01116,PROD0006,1,0.05,86.6,82.27,51.21,31.06,Credit Card,Cancelled,,Decor Product 6,Home & Kitchen,Decor,78.58,Customer 1116,West,Mumbai,2024-07-20,2025,9,Sep
ORD001027,2025-11-19,CUST00483,PROD0006,1,0.05,78.74,74.8,45.37,29.43,UPI,Delivered,6.0,Decor Product 6,Home & Kitchen,Decor,78.58,Customer 483,Central,Nagpur,2023-09-19,2025,11,Nov
ORD001028,2025-01-06,CUST00543,PROD0063,1,0.15,281.15,238.98,184.55,54.43,UPI,Delivered,5.0,Kitchen Product 63,Home & Kitchen,Kitchen,273.62,Customer 543,West,Pune,2024-09-30,2025,1,Jan
ORD001029,2025-10-07,CUST01229,PROD0020,1,0.05,92.94,88.29,58.54,29.75,UPI,Delivered,2.0,Skincare Product 20,Beauty,Skincare,95.46,Customer 1229,Central,Kanpur,2024-07-23,2025,10,Oct
ORD001030,2025-04-04,CUST00931,PROD0021,1,0.0,12.71,12.71,7.61,5.1,UPI,Delivered,1.0,Technology Product 21,Books,Technology,13.01,Customer 931,North,Lucknow,2023-09-24,2025,4,Apr
ORD001031,2025-09-26,CUST00400,PROD0002,2,0.0,27.76,55.52,35.74,19.78,Credit Card,Delivered,2.0,Decor Product 2,Home & Kitchen,Decor,29.88,Customer 400,Central,Indore,2024-01-22,2025,9,Sep
ORD001032,2025-07-16,CUST01231,PROD0090,2,0.15,160.74,273.26,203.27,69.99,Net Banking,Delivered,3.0,Outdoor Product 90,Sports,Outdoor,164.49,Customer 1231,West,Mumbai,2025-02-01,2025,7,Jul
ORD001033,2025-01-25,CUST00619,PROD0095,1,0.0,34.83,34.83,26.43,8.4,Credit Card,Returned,2.0,Business Product 95,Books,Business,37.34,Customer 619,South,Chennai,2023-02-07,2025,1,Jan
ORD001034,2025-05-28,CUST01170,PROD0090,4,0.0,183.04,732.16,445.72,286.44,Credit Card,Delivered,3.0,Outdoor Product 90,Sports,Outdoor,164.49,Customer 1170,East,Kolkata,2025-03-14,2025,5,May
ORD001035,2025-04-28,CUST00879,PROD0056,1,0.05,87.66,83.28,63.86,19.42,Net Banking,Delivered,2.0,Women Product 56,Fashion,Women,83.9,Customer 879,West,Pune,2024-11-01,2025,4,Apr
ORD001036,2025-12-04,CUST00101,PROD0096,1,0.0,200.66,200.66,134.23,66.43,UPI,Delivered,5.0,Footwear Product 96,Fashion,Footwear,210.2,Customer 101,West,Pune,2024-05-08,2025,12,Dec
ORD001037,2025-12-04,CUST00880,PROD0010,4,0.25,838.32,2514.96,1868.75,646.21,UPI,Delivered,5.0,Smartphones Product 10,Electronics,Smartphones,888.66,Customer 880,East,Kolkata,2023-05-04,2025,12,Dec
ORD001038,2025-03-07,CUST00830,PROD0087,1,0.1,180.42,162.38,120.35,42.03,UPI,Delivered,3.0,Equipment Product 87,Sports,Equipment,181.5,Customer 830,South,Hyderabad,2024-06-01,2025,3,Mar
ORD001039,2025-10-28,CUST01265,PROD0070,4,0.0,102.58,410.32,316.14,94.18,Net Banking,Delivered,7.0,Footwear Product 70,Fashion,Footwear,104.51,Customer 1265,West,Ahmedabad,2023-02-05,2025,10,Oct
ORD001040,2025-06-24,CUST00759,PROD0023,2,0.0,75.89,151.78,113.43,38.35,Debit Card,Delivered,2.0,Equipment Product 23,Sports,Equipment,77.77,Customer 759,East,Bhubaneswar,2025-04-11,2025,6,Jun
ORD001041,2025-11-15,CUST00163,PROD0092,1,0.1,58.39,52.55,30.97,21.58,UPI,Delivered,2.0,Haircare Product 92,Beauty,Haircare,57.6,Customer 163,Central,Indore,2023-11-02,2025,11,Nov
ORD001042,2025-03-17,CUST01197,PROD0113,2,0.05,529.93,1006.87,709.52,297.35,Debit Card,Delivered,2.0,Smartphones Product 113,Electronics,Smartphones,480.63,Customer 1197,West,Mumbai,2024-05-25,2025,3,Mar
ORD001043,2025-04-24,CUST00502,PROD0030,1,0.15,346.93,294.89,182.8,112.09,COD,Delivered,8.0,Decor Product 30,Home & Kitchen,Decor,335.65,Customer 502,North,Lucknow,2024-01-14,2025,4,Apr
ORD001044,2025-04-21,CUST00547,PROD0078,1,0.1,111.33,100.2,81.44,18.76,UPI,Delivered,3.0,Fitness Product 78,Sports,Fitness,108.69,Customer 547,East,Kolkata,2023-11-15,2025,4,Apr
ORD001045,2025-09-06,CUST01308,PROD0037,4,0.05,209.72,796.94,511.16,285.78,Credit Card,Delivered,6.0,Sportswear Product 37,Sports,Sportswear,193.95,Customer 1308,West,Pune,2023-08-14,2025,9,Sep
ORD001046,2025-07-22,CUST01383,PROD0055,4,0.25,264.91,794.73,541.07,253.66,UPI,Delivered,2.0,Fitness Product 55,Sports,Fitness,287.69,Customer 1383,Central,Bhopal,2025-01-27,2025,7,Jul
ORD001047,2025-05-27,CUST00381,PROD0096,2,0.05,201.68,383.19,240.34,142.85,Credit Card,Delivered,5.0,Footwear Product 96,Fashion,Footwear,210.2,Customer 381,West,Ahmedabad,2024-07-27,2025,5,May
ORD001048,2025-02-04,CUST00870,PROD0049,4,0.05,417.26,1585.59,970.86,614.73,Credit Card,Delivered,3.0,Decor Product 49,Home & Kitchen,Decor,409.38,Customer 870,North,Delhi,2025-05-08,2025,2,Feb
ORD001049,2025-11-05,CUST00905,PROD0034,1,0.1,111.94,100.75,72.97,27.78,Debit Card,Delivered,5.0,Accessories Product 34,Fashion,Accessories,105.5,Customer 905,North,Jaipur,2024-06-24,2025,11,Nov
ORD001050,2025-01-26,CUST01187,PROD0105,1,0.15,175.98,149.58,104.46,45.12,Credit Card,Delivered,7.0,Fragrance Product 105,Beauty,Fragrance,173.04,Customer 1187,West,Surat,2025-04-09,2025,1,Jan
ORD001051,2025-08-26,CUST01002,PROD0044,1,0.1,22.26,20.03,13.42,6.61,Credit Card,Delivered,6.0,Business Product 44,Books,Business,23.36,Customer 1002,South,Bengaluru,2024-11-05,2025,8,Aug
ORD001052,2025-01-14,CUST00609,PROD0115,2,0.1,400.07,720.13,432.44,287.69,UPI,Delivered,5.0,Smartphones Product 115,Electronics,Smartphones,361.73,Customer 609,West,Mumbai,2023-03-29,2025,1,Jan
ORD001053,2025-02-14,CUST00307,PROD0022,4,0.05,193.74,736.21,557.04,179.17,UPI,Delivered,1.0,Kitchen Product 22,Home & Kitchen,Kitchen,196.54,Customer 307,Central,Indore,2024-05-28,2025,2,Feb
ORD001054,2025-08-04,CUST01363,PROD0031,1,0.1,273.33,246.0,143.03,102.97,Debit Card,Delivered,4.0,Furniture Product 31,Home & Kitchen,Furniture,253.64,Customer 1363,East,Bhubaneswar,2024-08-29,2025,8,Aug
ORD001055,2025-08-21,CUST00055,PROD0007,1,0.0,16.83,16.83,11.61,5.22,UPI,Delivered,5.0,Haircare Product 7,Beauty,Haircare,15.32,Customer 55,South,Kochi,2023-04-15,2025,8,Aug
ORD001056,2025-07-12,CUST00983,PROD0105,1,0.1,171.19,154.07,112.75,41.32,UPI,Delivered,3.0,Fragrance Product 105,Beauty,Fragrance,173.04,Customer 983,South,Kochi,2024-04-24,2025,7,Jul
ORD001057,2025-02-20,CUST00333,PROD0021,2,0.0,14.17,28.34,19.37,8.97,UPI,Delivered,5.0,Technology Product 21,Books,Technology,13.01,Customer 333,North,Delhi,2023-05-20,2025,2,Feb
ORD001058,2025-08-02,CUST00127,PROD0016,1,0.0,216.53,216.53,132.15,84.38,Credit Card,Delivered,2.0,Women Product 16,Fashion,Women,203.86,Customer 127,Central,Bhopal,2025-05-26,2025,8,Aug
ORD001059,2025-05-31,CUST00705,PROD0020,1,0.2,105.09,84.07,64.46,19.61,UPI,Delivered,2.0,Skincare Product 20,Beauty,Skincare,95.46,Customer 705,Central,Bhopal,2023-01-18,2025,5,May
ORD001060,2025-10-02,CUST00243,PROD0043,1,0.05,49.25,46.79,30.78,16.01,Debit Card,Delivered,4.0,Skincare Product 43,Beauty,Skincare,50.76,Customer 243,Central,Indore,2023-12-06,2025,10,Oct
ORD001061,2025-12-04,CUST00600,PROD0044,3,0.0,25.84,77.52,47.47,30.05,UPI,Delivered,3.0,Business Product 44,Books,Business,23.36,Customer 600,East,Ranchi,2023-07-04,2025,12,Dec
ORD001062,2025-03-17,CUST01433,PROD0047,2,0.05,17.35,32.97,23.48,9.49,Credit Card,Delivered,2.0,Men Product 47,Fashion,Men,18.6,Customer 1433,West,Pune,2023-09-30,2025,3,Mar
ORD001063,2025-08-08,CUST00503,PROD0114,1,0.05,593.31,563.64,329.5,234.14,Credit Card,Delivered,3.0,Audio Product 114,Electronics,Audio,550.01,Customer 503,North,Jaipur,2023-03-14,2025,8,Aug
ORD001064,2025-12-14,CUST00604,PROD0019,1,0.1,215.37,193.83,127.5,66.33,Net Banking,Delivered,4.0,Decor Product 19,Home & Kitchen,Decor,213.84,Customer 604,North,Lucknow,2023-09-13,2025,12,Dec
ORD001065,2025-07-06,CUST00303,PROD0048,1,0.0,104.71,104.71,79.6,25.11,Credit Card,Delivered,4.0,Fragrance Product 48,Beauty,Fragrance,109.58,Customer 303,East,Bhubaneswar,2023-04-05,2025,7,Jul
ORD001066,2025-10-16,CUST01488,PROD0096,2,0.0,196.72,393.44,314.38,79.06,Net Banking,Cancelled,,Footwear Product 96,Fashion,Footwear,210.2,Customer 1488,North,Lucknow,2023-11-04,2025,10,Oct
ORD001067,2025-01-28,CUST00235,PROD0079,4,0.05,240.36,913.37,659.47,253.9,UPI,Delivered,7.0,Appliances Product 79,Home & Kitchen,Appliances,240.86,Customer 235,East,Bhubaneswar,2024-02-22,2025,1,Jan
ORD001068,2025-06-29,CUST01062,PROD0069,2,0.05,144.31,274.19,173.35,100.84,Credit Card,Delivered,1.0,Women Product 69,Fashion,Women,144.62,Customer 1062,East,Patna,2024-03-08,2025,6,Jun
ORD001069,2025-09-10,CUST00139,PROD0011,1,0.0,159.91,159.91,101.19,58.72,UPI,Delivered,4.0,Skincare Product 11,Beauty,Skincare,165.54,Customer 139,Central,Nagpur,2023-11-22,2025,9,Sep
ORD001070,2025-05-06,CUST00195,PROD0079,1,0.05,231.97,220.37,159.75,60.62,Debit Card,Delivered,3.0,Appliances Product 79,Home & Kitchen,Appliances,240.86,Customer 195,West,Ahmedabad,2024-06-04,2025,5,May
ORD001071,2025-06-26,CUST00647,PROD0029,4,0.05,56.33,214.05,145.05,69.0,UPI,Delivered,3.0,Women Product 29,Fashion,Women,56.34,Customer 647,North,Lucknow,2025-05-05,2025,6,Jun
ORD001072,2025-02-06,CUST00001,PROD0114,2,0.0,551.12,1102.24,686.19,416.05,UPI,Delivered,4.0,Audio Product 114,Electronics,Audio,550.01,Customer 1,Central,Nagpur,2023-06-04,2025,2,Feb
ORD001073,2025-04-09,CUST00561,PROD0045,2,0.2,185.66,297.06,228.43,68.63,Credit Card,Delivered,4.0,Kitchen Product 45,Home & Kitchen,Kitchen,184.1,Customer 561,East,Bhubaneswar,2024-12-21,2025,4,Apr
ORD001074,2025-04-08,CUST01120,PROD0068,2,0.2,107.25,171.6,107.77,63.83,Net Banking,Delivered,5.0,Kitchen Product 68,Home & Kitchen,Kitchen,98.06,Customer 1120,Central,Kanpur,2024-04-15,2025,4,Apr
ORD001075,2025-05-07,CUST00713,PROD0113,1,0.0,500.94,500.94,329.21,171.73,UPI,Delivered,5.0,Smartphones Product 113,Electronics,Smartphones,480.63,Customer 713,North,Jaipur,2023-08-23,2025,5,May
ORD001076,2025-06-17,CUST00413,PROD0036,1,0.0,347.06,347.06,206.41,140.65,Debit Card,Delivered,1.0,Furniture Product 36,Home & Kitchen,Furniture,375.57,Customer 413,Central,Indore,2024-03-14,2025,6,Jun
ORD001077,2025-03-21,CUST00538,PROD0048,1,0.1,112.19,100.97,75.56,25.41,COD,Delivered,4.0,Fragrance Product 48,Beauty,Fragrance,109.58,Customer 538,West,Pune,2023-10-31,2025,3,Mar
ORD001078,2025-10-21,CUST00429,PROD0087,2,0.1,194.66,350.39,226.38,124.01,UPI,Returned,3.0,Equipment Product 87,Sports,Equipment,181.5,Customer 429,Central,Kanpur,2023-11-05,2025,10,Oct
ORD001079,2025-11-29,CUST00235,PROD0015,1,0.25,109.4,82.05,52.17,29.88,COD,Delivered,5.0,Kitchen Product 15,Home & Kitchen,Kitchen,117.47,Customer 235,East,Bhubaneswar,2024-02-22,2025,11,Nov
ORD001080,2025-05-06,CUST00349,PROD0110,2,0.05,407.2,773.68,505.06,268.62,UPI,Delivered,4.0,Kitchen Product 110,Home & Kitchen,Kitchen,405.37,Customer 349,South,Hyderabad,2023-01-19,2025,5,May
ORD001081,2025-12-09,CUST00396,PROD0044,3,0.1,23.6,63.72,50.33,13.39,Net Banking,Delivered,1.0,Business Product 44,Books,Business,23.36,Customer 396,East,Patna,2024-12-31,2025,12,Dec
ORD001082,2025-11-06,CUST01375,PROD0067,4,0.2,214.35,685.92,483.11,202.81,COD,Delivered,4.0,Furniture Product 67,Home & Kitchen,Furniture,192.97,Customer 1375,East,Bhubaneswar,2023-04-30,2025,11,Nov
ORD001083,2025-05-30,CUST00416,PROD0096,2,0.05,213.38,405.42,250.51,154.91,COD,Delivered,6.0,Footwear Product 96,Fashion,Footwear,210.2,Customer 416,Central,Kanpur,2024-10-30,2025,5,May
ORD001084,2025-01-16,CUST00916,PROD0074,1,0.0,230.32,230.32,176.4,53.92,Credit Card,Delivered,2.0,Women Product 74,Fashion,Women,215.26,Customer 916,South,Bengaluru,2024-12-27,2025,1,Jan
ORD001085,2025-01-28,CUST01075,PROD0040,3,0.05,265.42,756.45,476.59,279.86,Net Banking,Delivered,3.0,Appliances Product 40,Home & Kitchen,Appliances,270.68,Customer 1075,South,Bengaluru,2023-05-18,2025,1,Jan
ORD001086,2025-06-22,CUST00081,PROD0102,3,0.0,56.2,168.6,114.48,54.12,UPI,Delivered,4.0,Makeup Product 102,Beauty,Makeup,52.24,Customer 81,East,Patna,2024-07-05,2025,6,Jun
ORD001087,2025-02-15,CUST00036,PROD0086,4,0.0,355.76,1423.04,1019.38,403.66,Credit Card,Delivered,2.0,Audio Product 86,Electronics,Audio,361.35,Customer 36,North,Chandigarh,2024-11-15,2025,2,Feb
ORD001088,2025-11-24,CUST01091,PROD0014,1,0.15,129.1,109.73,79.03,30.7,UPI,Delivered,4.0,Accessories Product 14,Electronics,Accessories,128.33,Customer 1091,Central,Bhopal,2025-05-04,2025,11,Nov
ORD001089,2025-08-24,CUST00641,PROD0063,2,0.0,277.97,555.94,331.66,224.28,Credit Card,Delivered,1.0,Kitchen Product 63,Home & Kitchen,Kitchen,273.62,Customer 641,North,Jaipur,2024-10-26,2025,8,Aug
ORD001090,2025-08-02,CUST00882,PROD0081,2,0.0,371.03,742.06,579.42,162.64,Debit Card,Delivered,6.0,Accessories Product 81,Electronics,Accessories,335.69,Customer 882,North,Lucknow,2023-11-13,2025,8,Aug
ORD001091,2025-03-26,CUST00757,PROD0085,2,0.2,146.52,234.43,162.94,71.49,UPI,Delivered,5.0,Makeup Product 85,Beauty,Makeup,157.43,Customer 757,South,Bengaluru,2024-03-08,2025,3,Mar
ORD001092,2025-10-09,CUST00623,PROD0051,1,0.05,176.05,167.25,136.71,30.54,COD,Delivered,7.0,Furniture Product 51,Home & Kitchen,Furniture,183.5,Customer 623,North,Chandigarh,2025-05-09,2025,10,Oct
ORD001093,2025-08-20,CUST00468,PROD0112,1,0.0,234.6,234.6,176.46,58.14,Debit Card,Delivered,3.0,Kitchen Product 112,Home & Kitchen,Kitchen,221.08,Customer 468,West,Mumbai,2023-10-28,2025,8,Aug
ORD001094,2025-03-26,CUST01166,PROD0079,1,0.05,249.41,236.94,193.87,43.07,Net Banking,Delivered,1.0,Appliances Product 79,Home & Kitchen,Appliances,240.86,Customer 1166,South,Kochi,2025-04-13,2025,3,Mar
ORD001095,2025-03-06,CUST00356,PROD0058,1,0.0,188.19,188.19,129.63,58.56,Net Banking,Delivered,3.0,Footwear Product 58,Fashion,Footwear,193.95,Customer 356,Central,Kanpur,2024-03-27,2025,3,Mar
ORD001096,2025-05-14,CUST00709,PROD0015,3,0.0,114.87,344.61,211.52,133.09,Debit Card,Delivered,4.0,Kitchen Product 15,Home & Kitchen,Kitchen,117.47,Customer 709,East,Kolkata,2023-10-16,2025,5,May
ORD001097,2025-05-31,CUST01495,PROD0065,1,0.15,177.61,150.97,113.92,37.05,UPI,Delivered,6.0,Women Product 65,Fashion,Women,178.78,Customer 1495,West,Ahmedabad,2025-04-22,2025,5,May
ORD001098,2025-04-25,CUST01020,PROD0088,2,0.0,82.51,165.02,126.51,38.51,Credit Card,Delivered,6.0,Accessories Product 88,Fashion,Accessories,81.69,Customer 1020,East,Bhubaneswar,2023-03-18,2025,4,Apr
ORD001099,2025-03-05,CUST00902,PROD0055,1,0.1,311.74,280.57,220.16,60.41,UPI,Delivered,4.0,Fitness Product 55,Sports,Fitness,287.69,Customer 902,Central,Indore,2023-07-30,2025,3,Mar
ORD001100,2025-12-09,CUST00673,PROD0119,2,0.0,476.66,953.32,621.9,331.42,UPI,Delivered,4.0,Smartphones Product 119,Electronics,Smartphones,516.56,Customer 673,Central,Indore,2024-02-29,2025,12,Dec
ORD001101,2025-12-29,CUST00439,PROD0076,3,0.2,117.86,282.86,198.73,84.13,UPI,Cancelled,,Women Product 76,Fashion,Women,107.18,Customer 439,West,Surat,2024-07-13,2025,12,Dec
ORD001102,2025-12-18,CUST00531,PROD0010,2,0.1,890.98,1603.76,1260.24,343.52,Debit Card,Delivered,5.0,Smartphones Product 10,Electronics,Smartphones,888.66,Customer 531,East,Kolkata,2025-04-09,2025,12,Dec
ORD001103,2025-06-07,CUST00127,PROD0110,4,0.2,391.63,1253.22,986.96,266.26,UPI,Delivered,4.0,Kitchen Product 110,Home & Kitchen,Kitchen,405.37,Customer 127,Central,Bhopal,2025-05-26,2025,6,Jun
ORD001104,2025-03-18,CUST00205,PROD0106,4,0.05,156.07,593.07,347.64,245.43,Credit Card,Delivered,4.0,Women Product 106,Fashion,Women,152.76,Customer 205,East,Patna,2023-04-21,2025,3,Mar
ORD001105,2025-05-26,CUST00029,PROD0042,2,0.15,283.25,481.52,356.82,124.7,Credit Card,Delivered,3.0,Accessories Product 42,Electronics,Accessories,269.27,Customer 29,North,Chandigarh,2024-09-16,2025,5,May
ORD001106,2025-12-09,CUST00445,PROD0116,1,0.2,47.82,38.26,27.72,10.54,UPI,Delivered,5.0,Men Product 116,Fashion,Men,51.48,Customer 445,West,Mumbai,2024-05-22,2025,12,Dec
ORD001107,2025-08-13,CUST00966,PROD0095,3,0.15,39.7,101.24,60.74,40.5,Credit Card,Delivered,5.0,Business Product 95,Books,Business,37.34,Customer 966,West,Surat,2023-07-14,2025,8,Aug
ORD001108,2025-11-09,CUST00464,PROD0011,2,0.0,177.48,354.96,285.12,69.84,Credit Card,Delivered,2.0,Skincare Product 11,Beauty,Skincare,165.54,Customer 464,West,Ahmedabad,2023-01-25,2025,11,Nov
ORD001109,2025-04-13,CUST01304,PROD0118,1,0.0,124.8,124.8,85.72,39.08,COD,Returned,3.0,Kitchen Product 118,Home & Kitchen,Kitchen,130.92,Customer 1304,Central,Indore,2024-03-14,2025,4,Apr
ORD001110,2025-12-13,CUST00151,PROD0016,3,0.0,194.4,583.2,432.63,150.57,UPI,Cancelled,,Women Product 16,Fashion,Women,203.86,Customer 151,North,Jaipur,2024-11-21,2025,12,Dec
ORD001111,2025-10-28,CUST00240,PROD0073,1,0.0,9.01,9.01,7.13,1.88,Credit Card,Delivered,4.0,Business Product 73,Books,Business,9.38,Customer 240,East,Ranchi,2023-05-21,2025,10,Oct
ORD001112,2025-03-29,CUST00266,PROD0111,1,0.15,69.71,59.25,36.22,23.03,Credit Card,Delivered,4.0,Fiction Product 111,Books,Fiction,64.59,Customer 266,North,Delhi,2025-04-30,2025,3,Mar
ORD001113,2025-10-30,CUST01129,PROD0078,2,0.1,105.91,190.64,149.73,40.91,COD,Delivered,3.0,Fitness Product 78,Sports,Fitness,108.69,Customer 1129,North,Lucknow,2023-07-01,2025,10,Oct
ORD001114,2025-06-17,CUST01457,PROD0019,3,0.1,230.77,623.08,469.7,153.38,Credit Card,Delivered,4.0,Decor Product 19,Home & Kitchen,Decor,213.84,Customer 1457,North,Chandigarh,2024-05-25,2025,6,Jun
ORD001115,2025-06-19,CUST00913,PROD0031,3,0.05,260.77,743.19,580.8,162.39,Credit Card,Delivered,4.0,Furniture Product 31,Home & Kitchen,Furniture,253.64,Customer 913,Central,Nagpur,2024-03-17,2025,6,Jun
ORD001116,2025-05-15,CUST00497,PROD0073,1,0.0,10.07,10.07,7.04,3.03,UPI,Delivered,3.0,Business Product 73,Books,Business,9.38,Customer 497,South,Bengaluru,2024-02-13,2025,5,May
ORD001117,2025-02-19,CUST01464,PROD0100,2,0.0,108.44,216.88,127.53,89.35,UPI,Delivered,7.0,Men Product 100,Fashion,Men,105.21,Customer 1464,South,Hyderabad,2023-08-26,2025,2,Feb
ORD001118,2025-12-06,CUST00685,PROD0053,1,0.05,22.5,21.38,15.84,5.54,UPI,Delivered,4.0,Self Help Product 53,Books,Self Help,22.79,Customer 685,East,Patna,2024-04-01,2025,12,Dec
ORD001119,2025-12-13,CUST00158,PROD0103,3,0.15,43.19,110.13,73.77,36.36,Debit Card,Delivered,5.0,Women Product 103,Fashion,Women,39.19,Customer 158,South,Bengaluru,2025-01-20,2025,12,Dec
ORD001120,2025-05-14,CUST00172,PROD0118,1,0.05,139.18,132.22,89.46,42.76,Debit Card,Delivered,2.0,Kitchen Product 118,Home & Kitchen,Kitchen,130.92,Customer 172,South,Hyderabad,2024-01-17,2025,5,May
ORD001121,2025-12-13,CUST00494,PROD0090,1,0.1,167.26,150.53,103.25,47.28,UPI,Delivered,5.0,Outdoor Product 90,Sports,Outdoor,164.49,Customer 494,West,Ahmedabad,2024-05-21,2025,12,Dec
ORD001122,2025-05-17,CUST00970,PROD0008,2,0.1,484.46,872.03,608.94,263.09,Credit Card,Delivered,4.0,Decor Product 8,Home & Kitchen,Decor,462.5,Customer 970,South,Chennai,2023-05-09,2025,5,May
ORD001123,2025-09-02,CUST01335,PROD0024,1,0.2,294.14,235.31,173.86,61.45,UPI,Delivered,3.0,Equipment Product 24,Sports,Equipment,281.97,Customer 1335,West,Ahmedabad,2025-04-23,2025,9,Sep
ORD001124,2025-04-19,CUST01427,PROD0008,1,0.0,458.63,458.63,346.0,112.63,Debit Card,Delivered,2.0,Decor Product 8,Home & Kitchen,Decor,462.5,Customer 1427,South,Chennai,2024-05-14,2025,4,Apr
ORD001125,2025-11-09,CUST00676,PROD0083,1,0.1,41.47,37.32,28.6,8.72,Net Banking,Delivered,3.0,Business Product 83,Books,Business,41.27,Customer 676,Central,Nagpur,2024-03-01,2025,11,Nov
ORD001126,2025-10-14,CUST00659,PROD0111,4,0.0,63.53,254.12,188.35,65.77,Net Banking,Delivered,3.0,Fiction Product 111,Books,Fiction,64.59,Customer 659,West,Surat,2023-12-28,2025,10,Oct
ORD001127,2025-01-21,CUST00903,PROD0048,1,0.05,122.72,116.58,90.1,26.48,UPI,Delivered,2.0,Fragrance Product 48,Beauty,Fragrance,109.58,Customer 903,West,Pune,2024-12-04,2025,1,Jan
ORD001128,2025-03-31,CUST00666,PROD0030,1,0.1,347.74,312.97,190.7,122.27,Debit Card,Delivered,4.0,Decor Product 30,Home & Kitchen,Decor,335.65,Customer 666,North,Delhi,2025-04-08,2025,3,Mar
ORD001129,2025-10-23,CUST01487,PROD0058,1,0.15,182.0,154.7,120.8,33.9,COD,Delivered,3.0,Footwear Product 58,Fashion,Footwear,193.95,Customer 1487,East,Patna,2025-04-04,2025,10,Oct
ORD001130,2025-04-22,CUST00367,PROD0086,4,0.0,369.96,1479.84,995.85,483.99,Debit Card,Delivered,5.0,Audio Product 86,Electronics,Audio,361.35,Customer 367,Central,Indore,2023-05-08,2025,4,Apr
ORD001131,2025-10-28,CUST00550,PROD0055,1,0.0,267.55,267.55,189.13,78.42,UPI,Delivered,4.0,Fitness Product 55,Sports,Fitness,287.69,Customer 550,West,Surat,2024-11-16,2025,10,Oct
ORD001132,2025-03-18,CUST00643,PROD0073,2,0.1,9.17,16.51,11.29,5.22,Debit Card,Delivered,3.0,Business Product 73,Books,Business,9.38,Customer 643,West,Ahmedabad,2023-03-02,2025,3,Mar
ORD001133,2025-06-26,CUST00255,PROD0062,2,0.05,169.1,321.29,223.03,98.26,Debit Card,Delivered,3.0,Accessories Product 62,Fashion,Accessories,167.56,Customer 255,East,Bhubaneswar,2023-07-11,2025,6,Jun
ORD001134,2025-12-09,CUST00208,PROD0108,1,0.1,383.52,345.17,223.84,121.33,Credit Card,Delivered,7.0,Kitchen Product 108,Home & Kitchen,Kitchen,373.49,Customer 208,North,Lucknow,2025-05-18,2025,12,Dec
ORD001135,2025-05-28,CUST00450,PROD0048,1,0.15,122.21,103.88,64.49,39.39,UPI,Delivered,7.0,Fragrance Product 48,Beauty,Fragrance,109.58,Customer 450,North,Lucknow,2024-08-17,2025,5,May
ORD001136,2025-04-11,CUST00095,PROD0004,2,0.1,12.15,21.87,13.24,8.63,Credit Card,Delivered,3.0,Technology Product 4,Books,Technology,10.88,Customer 95,East,Bhubaneswar,2024-07-06,2025,4,Apr
ORD001137,2025-09-03,CUST00839,PROD0037,2,0.1,182.24,328.03,225.79,102.24,Net Banking,Delivered,4.0,Sportswear Product 37,Sports,Sportswear,193.95,Customer 839,South,Bengaluru,2025-04-04,2025,9,Sep
ORD001138,2025-04-27,CUST00478,PROD0008,2,0.1,475.28,855.5,521.91,333.59,COD,Delivered,7.0,Decor Product 8,Home & Kitchen,Decor,462.5,Customer 478,North,Delhi,2023-03-14,2025,4,Apr
ORD001139,2025-04-02,CUST00683,PROD0001,2,0.15,427.14,726.14,463.86,262.28,UPI,Cancelled,,Kitchen Product 1,Home & Kitchen,Kitchen,394.25,Customer 683,Central,Indore,2025-06-13,2025,4,Apr
ORD001140,2025-01-28,CUST00762,PROD0092,1,0.1,55.73,50.16,30.7,19.46,Debit Card,Delivered,1.0,Haircare Product 92,Beauty,Haircare,57.6,Customer 762,North,Lucknow,2024-10-01,2025,1,Jan
ORD001141,2025-01-25,CUST00190,PROD0070,1,0.0,111.84,111.84,67.8,44.04,UPI,Delivered,4.0,Footwear Product 70,Fashion,Footwear,104.51,Customer 190,Central,Kanpur,2023-02-01,2025,1,Jan
ORD001142,2025-02-27,CUST00711,PROD0047,1,0.05,20.38,19.36,15.33,4.03,COD,Cancelled,,Men Product 47,Fashion,Men,18.6,Customer 711,South,Hyderabad,2024-12-21,2025,2,Feb
ORD001143,2025-10-24,CUST00756,PROD0100,1,0.25,110.73,83.05,61.6,21.45,UPI,Delivered,2.0,Men Product 100,Fashion,Men,105.21,Customer 756,West,Ahmedabad,2024-07-13,2025,10,Oct
ORD001144,2025-05-14,CUST01447,PROD0117,1,0.0,268.82,268.82,215.51,53.31,UPI,Delivered,5.0,Furniture Product 117,Home & Kitchen,Furniture,272.76,Customer 1447,Central,Kanpur,2023-08-17,2025,5,May
ORD001145,2025-11-27,CUST00836,PROD0075,1,0.1,245.07,220.56,162.02,58.54,UPI,Delivered,3.0,Decor Product 75,Home & Kitchen,Decor,221.86,Customer 836,North,Jaipur,2023-12-01,2025,11,Nov
ORD001146,2025-09-06,CUST00133,PROD0005,1,0.15,259.28,220.39,172.47,47.92,Credit Card,Delivered,3.0,Men Product 5,Fashion,Men,236.42,Customer 133,East,Bhubaneswar,2024-11-11,2025,9,Sep
ORD001147,2025-02-07,CUST00055,PROD0050,1,0.1,101.0,90.9,64.84,26.06,UPI,Cancelled,,Smartphones Product 50,Electronics,Smartphones,95.0,Customer 55,South,Kochi,2023-04-15,2025,2,Feb
ORD001148,2025-03-16,CUST00510,PROD0024,3,0.05,279.92,797.77,551.28,246.49,Debit Card,Delivered,3.0,Equipment Product 24,Sports,Equipment,281.97,Customer 510,South,Chennai,2023-06-19,2025,3,Mar
ORD001149,2025-05-22,CUST00670,PROD0047,1,0.0,20.06,20.06,14.18,5.88,Credit Card,Delivered,2.0,Men Product 47,Fashion,Men,18.6,Customer 670,Central,Nagpur,2024-06-30,2025,5,May
ORD001150,2025-11-18,CUST00410,PROD0018,3,0.05,216.66,617.48,405.59,211.89,Credit Card,Delivered,6.0,Furniture Product 18,Home & Kitchen,Furniture,220.36,Customer 410,West,Pune,2023-06-15,2025,11,Nov
ORD001151,2025-06-17,CUST01235,PROD0084,2,0.0,22.95,45.9,33.87,12.03,UPI,Delivered,3.0,Fiction Product 84,Books,Fiction,23.65,Customer 1235,West,Pune,2024-12-28,2025,6,Jun
ORD001152,2025-09-16,CUST01317,PROD0028,4,0.25,16.82,50.46,40.13,10.33,UPI,Returned,2.0,Equipment Product 28,Sports,Equipment,16.44,Customer 1317,South,Kochi,2023-04-16,2025,9,Sep
ORD001153,2025-12-21,CUST00987,PROD0077,2,0.15,154.54,262.72,201.71,61.01,UPI,Delivered,2.0,Accessories Product 77,Fashion,Accessories,138.05,Customer 987,Central,Bhopal,2023-12-06,2025,12,Dec
ORD001154,2025-08-13,CUST00734,PROD0005,1,0.15,255.54,217.21,150.07,67.14,Debit Card,Delivered,3.0,Men Product 5,Fashion,Men,236.42,Customer 734,Central,Bhopal,2024-02-16,2025,8,Aug
ORD001155,2025-06-01,CUST01139,PROD0030,1,0.05,357.79,339.9,274.96,64.94,Credit Card,Delivered,4.0,Decor Product 30,Home & Kitchen,Decor,335.65,Customer 1139,South,Kochi,2024-02-10,2025,6,Jun
ORD001156,2025-01-19,CUST00259,PROD0001,1,0.0,398.35,398.35,325.25,73.1,UPI,Delivered,5.0,Kitchen Product 1,Home & Kitchen,Kitchen,394.25,Customer 259,North,Delhi,2025-02-21,2025,1,Jan
ORD001157,2025-05-26,CUST01146,PROD0086,2,0.05,354.99,674.48,471.02,203.46,Credit Card,Delivered,6.0,Audio Product 86,Electronics,Audio,361.35,Customer 1146,North,Jaipur,2024-03-09,2025,5,May
ORD001158,2025-08-29,CUST00299,PROD0082,3,0.05,689.83,1966.02,1548.27,417.75,UPI,Delivered,4.0,Laptops Product 82,Electronics,Laptops,632.19,Customer 299,North,Delhi,2024-07-08,2025,8,Aug
ORD001159,2025-12-10,CUST01405,PROD0046,2,0.1,123.64,222.55,129.33,93.22,Credit Card,Delivered,3.0,Accessories Product 46,Electronics,Accessories,119.63,Customer 1405,West,Surat,2025-03-09,2025,12,Dec
ORD001160,2025-08-25,CUST00561,PROD0069,1,0.1,156.57,140.91,83.98,56.93,COD,Delivered,3.0,Women Product 69,Fashion,Women,144.62,Customer 561,East,Bhubaneswar,2024-12-21,2025,8,Aug
ORD001161,2025-02-04,CUST00297,PROD0031,3,0.05,258.09,735.56,430.58,304.98,UPI,Delivered,4.0,Furniture Product 31,Home & Kitchen,Furniture,253.64,Customer 297,West,Pune,2024-08-14,2025,2,Feb
ORD001162,2025-07-09,CUST00362,PROD0070,2,0.1,111.91,201.44,154.21,47.23,Debit Card,Delivered,4.0,Footwear Product 70,Fashion,Footwear,104.51,Customer 362,North,Chandigarh,2024-08-13,2025,7,Jul
ORD001163,2025-01-01,CUST00589,PROD0091,2,0.25,42.03,63.04,37.77,25.27,Debit Card,Delivered,4.0,Technology Product 91,Books,Technology,38.43,Customer 589,South,Hyderabad,2024-09-10,2025,1,Jan
ORD001164,2025-06-02,CUST01487,PROD0056,2,0.05,83.76,159.14,92.95,66.19,Credit Card,Delivered,3.0,Women Product 56,Fashion,Women,83.9,Customer 1487,East,Patna,2025-04-04,2025,6,Jun
ORD001165,2025-05-06,CUST01462,PROD0089,4,0.1,431.99,1555.16,957.02,598.14,Credit Card,Delivered,1.0,Kitchen Product 89,Home & Kitchen,Kitchen,468.17,Customer 1462,South,Kochi,2024-05-12,2025,5,May
ORD001166,2025-12-11,CUST00127,PROD0093,3,0.0,362.57,1087.71,710.83,376.88,Credit Card,Delivered,3.0,Appliances Product 93,Home & Kitchen,Appliances,373.4,Customer 127,Central,Bhopal,2025-05-26,2025,12,Dec
ORD001167,2025-08-14,CUST00197,PROD0028,1,0.1,18.13,16.32,11.29,5.03,UPI,Delivered,1.0,Equipment Product 28,Sports,Equipment,16.44,Customer 197,East,Ranchi,2024-04-24,2025,8,Aug
ORD001168,2025-08-09,CUST00221,PROD0016,1,0.0,215.58,215.58,128.42,87.16,Debit Card,Delivered,2.0,Women Product 16,Fashion,Women,203.86,Customer 221,East,Ranchi,2023-04-14,2025,8,Aug
ORD001169,2025-07-30,CUST00995,PROD0054,1,0.1,102.36,92.12,64.46,27.66,Debit Card,Delivered,3.0,Makeup Product 54,Beauty,Makeup,95.89,Customer 995,East,Bhubaneswar,2024-11-07,2025,7,Jul
ORD001170,2025-01-25,CUST00091,PROD0053,4,0.05,22.45,85.31,54.56,30.75,COD,Delivered,4.0,Self Help Product 53,Books,Self Help,22.79,Customer 91,East,Kolkata,2024-09-19,2025,1,Jan
ORD001171,2025-01-16,CUST00411,PROD0012,1,0.0,322.32,322.32,208.17,114.15,Credit Card,Delivered,2.0,Audio Product 12,Electronics,Audio,304.0,Customer 411,North,Lucknow,2023-01-22,2025,1,Jan
ORD001172,2025-07-01,CUST00008,PROD0020,2,0.15,100.16,170.27,132.34,37.93,Credit Card,Returned,3.0,Skincare Product 20,Beauty,Skincare,95.46,Customer 8,South,Chennai,2023-01-10,2025,7,Jul
ORD001173,2025-11-25,CUST00544,PROD0082,1,0.0,604.17,604.17,493.52,110.65,Debit Card,Delivered,3.0,Laptops Product 82,Electronics,Laptops,632.19,Customer 544,Central,Bhopal,2023-10-02,2025,11,Nov
ORD001174,2025-05-09,CUST00468,PROD0034,3,0.05,117.5,334.88,231.51,103.37,Credit Card,Delivered,2.0,Accessories Product 34,Fashion,Accessories,105.5,Customer 468,West,Mumbai,2023-10-28,2025,5,May
ORD001175,2025-02-11,CUST00320,PROD0119,2,0.1,511.81,921.26,605.48,315.78,Credit Card,Delivered,8.0,Smartphones Product 119,Electronics,Smartphones,516.56,Customer 320,East,Patna,2023-06-28,2025,2,Feb
ORD001176,2025-12-02,CUST01418,PROD0053,4,0.05,22.47,85.39,68.61,16.78,Net Banking,Delivered,5.0,Self Help Product 53,Books,Self Help,22.79,Customer 1418,South,Kochi,2024-05-01,2025,12,Dec
ORD001177,2025-08-24,CUST00269,PROD0064,2,0.15,493.56,839.05,587.43,251.62,COD,Cancelled,,Decor Product 64,Home & Kitchen,Decor,496.62,Customer 269,South,Bengaluru,2024-02-23,2025,8,Aug
ORD001178,2025-12-26,CUST01215,PROD0023,2,0.1,72.98,131.36,99.21,32.15,UPI,Delivered,4.0,Equipment Product 23,Sports,Equipment,77.77,Customer 1215,West,Mumbai,2024-01-15,2025,12,Dec
ORD001179,2025-02-03,CUST00061,PROD0109,2,0.05,47.75,90.72,61.63,29.09,UPI,Delivered,7.0,Fiction Product 109,Books,Fiction,45.69,Customer 61,Central,Indore,2023-12-20,2025,2,Feb
ORD001180,2025-12-11,CUST01462,PROD0027,4,0.0,417.13,1668.52,1048.85,619.67,Debit Card,Cancelled,,Decor Product 27,Home & Kitchen,Decor,431.04,Customer 1462,South,Kochi,2024-05-12,2025,12,Dec
ORD001181,2025-02-14,CUST01288,PROD0113,3,0.15,519.4,1324.47,976.36,348.11,Credit Card,Delivered,3.0,Smartphones Product 113,Electronics,Smartphones,480.63,Customer 1288,Central,Kanpur,2024-04-30,2025,2,Feb
ORD001182,2025-05-14,CUST00797,PROD0017,3,0.05,15.13,43.12,31.89,11.23,Debit Card,Delivered,4.0,Equipment Product 17,Sports,Equipment,15.15,Customer 797,Central,Bhopal,2024-09-23,2025,5,May
ORD001183,2025-01-21,CUST01119,PROD0048,1,0.2,110.86,88.69,61.24,27.45,Credit Card,Delivered,4.0,Fragrance Product 48,Beauty,Fragrance,109.58,Customer 1119,North,Lucknow,2025-06-06,2025,1,Jan
ORD001184,2025-05-02,CUST00553,PROD0021,4,0.05,13.65,51.87,33.45,18.42,Credit Card,Delivered,4.0,Technology Product 21,Books,Technology,13.01,Customer 553,Central,Bhopal,2025-04-12,2025,5,May
ORD001185,2025-03-11,CUST00926,PROD0050,1,0.15,101.88,86.6,67.52,19.08,UPI,Delivered,5.0,Smartphones Product 50,Electronics,Smartphones,95.0,Customer 926,South,Hyderabad,2024-07-27,2025,3,Mar
ORD001186,2025-12-18,CUST01494,PROD0040,4,0.2,261.54,836.93,540.72,296.21,Credit Card,Delivered,3.0,Appliances Product 40,Home & Kitchen,Appliances,270.68,Customer 1494,Central,Bhopal,2025-01-08,2025,12,Dec
ORD001187,2025-12-27,CUST00661,PROD0095,1,0.1,41.57,37.41,27.61,9.8,UPI,Delivered,4.0,Business Product 95,Books,Business,37.34,Customer 661,East,Bhubaneswar,2025-03-17,2025,12,Dec
ORD001188,2025-02-17,CUST00716,PROD0003,3,0.05,589.16,1679.11,1128.62,550.49,Debit Card,Delivered,2.0,Accessories Product 3,Electronics,Accessories,564.08,Customer 716,West,Mumbai,2024-09-25,2025,2,Feb
ORD001189,2025-02-08,CUST00779,PROD0017,1,0.1,13.96,12.56,8.71,3.85,COD,Delivered,6.0,Equipment Product 17,Sports,Equipment,15.15,Customer 779,Central,Kanpur,2024-07-27,2025,2,Feb
ORD001190,2025-10-14,CUST00194,PROD0061,4,0.1,87.57,315.25,198.84,116.41,UPI,Delivered,2.0,Outdoor Product 61,Sports,Outdoor,87.3,Customer 194,South,Kochi,2023-09-11,2025,10,Oct
ORD001191,2025-01-10,CUST00482,PROD0050,1,0.1,95.7,86.13,63.38,22.75,UPI,Delivered,8.0,Smartphones Product 50,Electronics,Smartphones,95.0,Customer 482,East,Ranchi,2025-03-10,2025,1,Jan
ORD001192,2025-01-30,CUST01360,PROD0090,1,0.0,177.95,177.95,112.86,65.09,UPI,Delivered,4.0,Outdoor Product 90,Sports,Outdoor,164.49,Customer 1360,Central,Kanpur,2023-07-07,2025,1,Jan
ORD001193,2025-09-01,CUST01459,PROD0087,1,0.1,178.06,160.25,111.63,48.62,UPI,Delivered,3.0,Equipment Product 87,Sports,Equipment,181.5,Customer 1459,North,Jaipur,2025-05-20,2025,9,Sep
ORD001194,2025-10-01,CUST01220,PROD0006,1,0.0,77.5,77.5,51.06,26.44,UPI,Delivered,3.0,Decor Product 6,Home & Kitchen,Decor,78.58,Customer 1220,North,Delhi,2025-02-23,2025,10,Oct
ORD001195,2025-03-29,CUST00855,PROD0028,2,0.0,15.36,30.72,24.92,5.8,Credit Card,Delivered,3.0,Equipment Product 28,Sports,Equipment,16.44,Customer 855,Central,Nagpur,2024-11-24,2025,3,Mar
ORD001196,2025-09-01,CUST01273,PROD0072,1,0.1,15.64,14.08,11.49,2.59,Credit Card,Delivered,5.0,Technology Product 72,Books,Technology,16.01,Customer 1273,East,Ranchi,2024-01-18,2025,9,Sep
ORD001197,2025-11-25,CUST00498,PROD0055,1,0.0,305.93,305.93,232.76,73.17,UPI,Delivered,2.0,Fitness Product 55,Sports,Fitness,287.69,Customer 498,South,Kochi,2024-01-02,2025,11,Nov
ORD001198,2025-01-15,CUST00212,PROD0058,2,0.15,203.06,345.2,281.73,63.47,Debit Card,Delivered,2.0,Footwear Product 58,Fashion,Footwear,193.95,Customer 212,North,Jaipur,2023-07-10,2025,1,Jan
ORD001199,2025-01-04,CUST00665,PROD0045,1,0.2,172.37,137.9,83.74,54.16,COD,Delivered,2.0,Kitchen Product 45,Home & Kitchen,Kitchen,184.1,Customer 665,South,Bengaluru,2023-08-01,2025,1,Jan
ORD001200,2025-07-10,CUST00670,PROD0072,2,0.2,15.1,24.16,19.77,4.39,UPI,Cancelled,,Technology Product 72,Books,Technology,16.01,Customer 670,Central,Nagpur,2024-06-30,2025,7,Jul
ORD001201,2025-06-17,CUST01490,PROD0019,1,0.1,212.85,191.56,115.87,75.69,Net Banking,Delivered,3.0,Decor Product 19,Home & Kitchen,Decor,213.84,Customer 1490,West,Surat,2024-11-24,2025,6,Jun
ORD001202,2025-01-09,CUST00221,PROD0102,1,0.1,55.83,50.25,34.16,16.09,UPI,Delivered,4.0,Makeup Product 102,Beauty,Makeup,52.24,Customer 221,East,Ranchi,2023-04-14,2025,1,Jan
ORD001203,2025-04-19,CUST00273,PROD0029,1,0.05,61.22,58.16,37.07,21.09,UPI,Delivered,8.0,Women Product 29,Fashion,Women,56.34,Customer 273,South,Bengaluru,2025-03-11,2025,4,Apr
ORD001204,2025-05-17,CUST01178,PROD0023,1,0.1,71.78,64.6,52.26,12.34,Credit Card,Delivered,6.0,Equipment Product 23,Sports,Equipment,77.77,Customer 1178,South,Hyderabad,2023-01-08,2025,5,May
ORD001205,2025-06-03,CUST01273,PROD0111,2,0.0,63.67,127.34,93.29,34.05,UPI,Delivered,6.0,Fiction Product 111,Books,Fiction,64.59,Customer 1273,East,Ranchi,2024-01-18,2025,6,Jun
ORD001206,2025-07-28,CUST00279,PROD0032,3,0.05,14.2,40.47,29.27,11.2,UPI,Delivered,4.0,Skincare Product 32,Beauty,Skincare,14.13,Customer 279,East,Patna,2024-12-28,2025,7,Jul
ORD001207,2025-09-29,CUST01464,PROD0010,2,0.15,979.5,1665.15,1364.4,300.75,UPI,Delivered,3.0,Smartphones Product 10,Electronics,Smartphones,888.66,Customer 1464,South,Hyderabad,2023-08-26,2025,9,Sep
ORD001208,2025-05-23,CUST00816,PROD0091,1,0.0,39.21,39.21,28.5,10.71,COD,Delivered,3.0,Technology Product 91,Books,Technology,38.43,Customer 816,South,Kochi,2025-06-17,2025,5,May
ORD001209,2025-04-09,CUST00276,PROD0049,3,0.05,398.71,1136.32,835.28,301.04,UPI,Delivered,2.0,Decor Product 49,Home & Kitchen,Decor,409.38,Customer 276,South,Hyderabad,2024-12-01,2025,4,Apr
ORD001210,2025-11-04,CUST01005,PROD0065,2,0.15,178.42,303.31,179.18,124.13,Debit Card,Delivered,2.0,Women Product 65,Fashion,Women,178.78,Customer 1005,East,Patna,2025-04-07,2025,11,Nov
ORD001211,2025-03-10,CUST00514,PROD0103,4,0.0,39.48,157.92,124.15,33.77,Debit Card,Delivered,3.0,Women Product 103,Fashion,Women,39.19,Customer 514,South,Chennai,2023-02-08,2025,3,Mar
ORD001212,2025-09-04,CUST01112,PROD0029,1,0.0,59.38,59.38,48.27,11.11,UPI,Delivered,6.0,Women Product 29,Fashion,Women,56.34,Customer 1112,South,Bengaluru,2023-10-15,2025,9,Sep
ORD001213,2025-09-18,CUST00923,PROD0059,4,0.0,90.29,361.16,292.71,68.45,UPI,Delivered,5.0,Haircare Product 59,Beauty,Haircare,97.27,Customer 923,East,Ranchi,2024-04-29,2025,9,Sep
ORD001214,2025-10-03,CUST00642,PROD0045,2,0.15,183.71,312.31,197.71,114.6,UPI,Delivered,8.0,Kitchen Product 45,Home & Kitchen,Kitchen,184.1,Customer 642,Central,Nagpur,2023-10-04,2025,10,Oct
ORD001215,2025-03-20,CUST00505,PROD0067,1,0.1,202.49,182.24,115.58,66.66,UPI,Delivered,2.0,Furniture Product 67,Home & Kitchen,Furniture,192.97,Customer 505,Central,Indore,2025-05-09,2025,3,Mar
ORD001216,2025-05-26,CUST00590,PROD0051,1,0.1,179.22,161.3,107.72,53.58,UPI,Delivered,3.0,Furniture Product 51,Home & Kitchen,Furniture,183.5,Customer 590,West,Pune,2024-07-02,2025,5,May
ORD001217,2025-04-21,CUST00772,PROD0111,4,0.0,67.07,268.28,175.58,92.7,UPI,Delivered,5.0,Fiction Product 111,Books,Fiction,64.59,Customer 772,South,Chennai,2023-01-07,2025,4,Apr
ORD001218,2025-09-15,CUST01265,PROD0101,1,0.1,320.13,288.12,188.24,99.88,UPI,Delivered,3.0,Laptops Product 101,Electronics,Laptops,322.89,Customer 1265,West,Ahmedabad,2023-02-05,2025,9,Sep
ORD001219,2025-04-03,CUST00740,PROD0095,1,0.1,40.02,36.02,26.12,9.9,UPI,Delivered,3.0,Business Product 95,Books,Business,37.34,Customer 740,West,Mumbai,2023-06-24,2025,4,Apr
ORD001220,2025-01-13,CUST00675,PROD0011,2,0.05,154.3,293.17,226.72,66.45,Credit Card,Delivered,5.0,Skincare Product 11,Beauty,Skincare,165.54,Customer 675,East,Kolkata,2023-09-18,2025,1,Jan
ORD001221,2025-09-17,CUST01260,PROD0086,1,0.05,398.78,378.84,304.9,73.94,UPI,Delivered,3.0,Audio Product 86,Electronics,Audio,361.35,Customer 1260,North,Chandigarh,2024-06-23,2025,9,Sep
ORD001222,2025-04-19,CUST01014,PROD0082,2,0.1,603.31,1085.96,647.54,438.42,COD,Delivered,6.0,Laptops Product 82,Electronics,Laptops,632.19,Customer 1014,North,Chandigarh,2024-11-29,2025,4,Apr
ORD001223,2025-11-26,CUST00128,PROD0099,4,0.1,183.56,660.82,427.36,233.46,UPI,Delivered,3.0,Fitness Product 99,Sports,Fitness,192.87,Customer 128,West,Ahmedabad,2024-08-03,2025,11,Nov
ORD001224,2025-07-08,CUST00503,PROD0006,2,0.1,85.51,153.92,98.69,55.23,Credit Card,Delivered,6.0,Decor Product 6,Home & Kitchen,Decor,78.58,Customer 503,North,Jaipur,2023-03-14,2025,7,Jul
ORD001225,2025-04-05,CUST01224,PROD0067,1,0.0,211.08,211.08,140.53,70.55,COD,Returned,3.0,Furniture Product 67,Home & Kitchen,Furniture,192.97,Customer 1224,North,Delhi,2024-05-08,2025,4,Apr
ORD001226,2025-04-15,CUST00902,PROD0062,3,0.1,157.27,424.63,289.53,135.1,UPI,Delivered,3.0,Accessories Product 62,Fashion,Accessories,167.56,Customer 902,Central,Indore,2023-07-30,2025,4,Apr
ORD001227,2025-01-08,CUST00543,PROD0005,1,0.1,260.47,234.42,157.86,76.56,Credit Card,Delivered,3.0,Men Product 5,Fashion,Men,236.42,Customer 543,West,Pune,2024-09-30,2025,1,Jan
ORD001228,2025-03-08,CUST00492,PROD0009,1,0.1,294.0,264.6,213.93,50.67,Credit Card,Cancelled,,Furniture Product 9,Home & Kitchen,Furniture,301.64,Customer 492,West,Mumbai,2024-02-23,2025,3,Mar
ORD001229,2025-07-10,CUST01045,PROD0028,2,0.1,17.16,30.89,21.16,9.73,COD,Delivered,3.0,Equipment Product 28,Sports,Equipment,16.44,Customer 1045,East,Patna,2024-02-04,2025,7,Jul
ORD001230,2025-09-13,CUST01258,PROD0083,1,0.2,38.53,30.82,21.96,8.86,Debit Card,Delivered,6.0,Business Product 83,Books,Business,41.27,Customer 1258,South,Chennai,2024-10-11,2025,9,Sep
ORD001231,2025-01-09,CUST00714,PROD0092,2,0.15,57.38,97.55,74.11,23.44,UPI,Delivered,5.0,Haircare Product 92,Beauty,Haircare,57.6,Customer 714,South,Kochi,2024-02-20,2025,1,Jan
ORD001232,2025-04-27,CUST00791,PROD0091,1,0.1,38.82,34.94,26.35,8.59,Debit Card,Delivered,3.0,Technology Product 91,Books,Technology,38.43,Customer 791,West,Pune,2024-01-15,2025,4,Apr
ORD001233,2025-09-24,CUST00416,PROD0077,1,0.15,143.57,122.03,87.85,34.18,Credit Card,Delivered,4.0,Accessories Product 77,Fashion,Accessories,138.05,Customer 416,Central,Kanpur,2024-10-30,2025,9,Sep
ORD001234,2025-04-09,CUST00148,PROD0038,4,0.0,741.48,2965.92,2332.99,632.93,UPI,Delivered,3.0,Laptops Product 38,Electronics,Laptops,723.36,Customer 148,Central,Kanpur,2023-07-31,2025,4,Apr
ORD001235,2025-10-25,CUST00970,PROD0043,1,0.15,51.38,43.67,31.87,11.8,Net Banking,Delivered,1.0,Skincare Product 43,Beauty,Skincare,50.76,Customer 970,South,Chennai,2023-05-09,2025,10,Oct
ORD001236,2025-06-13,CUST00029,PROD0117,1,0.1,303.29,272.96,215.62,57.34,Debit Card,Delivered,5.0,Furniture Product 117,Home & Kitchen,Furniture,272.76,Customer 29,North,Chandigarh,2024-09-16,2025,6,Jun
ORD001237,2025-05-21,CUST01385,PROD0021,2,0.05,12.45,23.65,15.44,8.21,UPI,Delivered,2.0,Technology Product 21,Books,Technology,13.01,Customer 1385,Central,Bhopal,2024-12-20,2025,5,May
ORD001238,2025-09-25,CUST00308,PROD0091,1,0.0,36.57,36.57,22.37,14.2,Net Banking,Delivered,6.0,Technology Product 91,Books,Technology,38.43,Customer 308,South,Kochi,2024-01-11,2025,9,Sep
ORD001239,2025-02-06,CUST00162,PROD0062,1,0.0,178.06,178.06,138.3,39.76,Credit Card,Delivered,3.0,Accessories Product 62,Fashion,Accessories,167.56,Customer 162,South,Chennai,2025-04-05,2025,2,Feb
ORD001240,2025-03-15,CUST00869,PROD0046,2,0.0,111.84,223.68,150.27,73.41,Debit Card,Delivered,4.0,Accessories Product 46,Electronics,Accessories,119.63,Customer 869,Central,Kanpur,2023-04-06,2025,3,Mar
ORD001241,2025-03-14,CUST00852,PROD0070,2,0.0,106.24,212.48,156.44,56.04,Credit Card,Delivered,5.0,Footwear Product 70,Fashion,Footwear,104.51,Customer 852,North,Chandigarh,2023-11-19,2025,3,Mar
ORD001242,2025-11-04,CUST00061,PROD0038,1,0.0,735.52,735.52,556.76,178.76,Net Banking,Delivered,2.0,Laptops Product 38,Electronics,Laptops,723.36,Customer 61,Central,Indore,2023-12-20,2025,11,Nov
ORD001243,2025-07-18,CUST00125,PROD0049,1,0.15,402.01,341.71,224.99,116.72,Debit Card,Delivered,4.0,Decor Product 49,Home & Kitchen,Decor,409.38,Customer 125,East,Bhubaneswar,2024-09-19,2025,7,Jul
ORD001244,2025-05-10,CUST01480,PROD0075,2,0.0,245.4,490.8,344.17,146.63,Credit Card,Delivered,2.0,Decor Product 75,Home & Kitchen,Decor,221.86,Customer 1480,East,Bhubaneswar,2023-12-30,2025,5,May
ORD001245,2025-09-03,CUST01095,PROD0111,4,0.05,63.07,239.67,190.49,49.18,COD,Delivered,3.0,Fiction Product 111,Books,Fiction,64.59,Customer 1095,South,Hyderabad,2024-06-23,2025,9,Sep
ORD001246,2025-11-08,CUST00838,PROD0105,1,0.15,169.18,143.8,113.77,30.03,UPI,Delivered,4.0,Fragrance Product 105,Beauty,Fragrance,173.04,Customer 838,Central,Indore,2023-04-26,2025,11,Nov
ORD001247,2025-03-01,CUST00466,PROD0117,3,0.0,263.72,791.16,601.16,190.0,UPI,Delivered,2.0,Furniture Product 117,Home & Kitchen,Furniture,272.76,Customer 466,North,Delhi,2024-03-24,2025,3,Mar
ORD001248,2025-10-06,CUST00243,PROD0081,1,0.15,318.62,270.83,206.66,64.17,Credit Card,Delivered,4.0,Accessories Product 81,Electronics,Accessories,335.69,Customer 243,Central,Indore,2023-12-06,2025,10,Oct
ORD001249,2025-04-13,CUST01245,PROD0120,2,0.1,13.2,23.76,18.9,4.86,Credit Card,Delivered,3.0,Self Help Product 120,Books,Self Help,13.3,Customer 1245,East,Ranchi,2024-08-06,2025,4,Apr
ORD001250,2025-10-23,CUST00473,PROD0039,2,0.05,178.61,339.36,256.8,82.56,Credit Card,Delivered,4.0,Smartphones Product 39,Electronics,Smartphones,169.11,Customer 473,Central,Indore,2023-06-13,2025,10,Oct
ORD001251,2025-11-16,CUST00959,PROD0071,1,0.0,34.95,34.95,23.12,11.83,Credit Card,Delivered,6.0,Footwear Product 71,Fashion,Footwear,32.71,Customer 959,South,Chennai,2025-01-05,2025,11,Nov
ORD001252,2025-12-07,CUST00533,PROD0030,2,0.0,363.4,726.8,442.61,284.19,Credit Card,Delivered,3.0,Decor Product 30,Home & Kitchen,Decor,335.65,Customer 533,West,Pune,2023-06-10,2025,12,Dec
ORD001253,2025-05-31,CUST00494,PROD0021,1,0.05,12.48,11.86,8.08,3.78,Credit Card,Delivered,3.0,Technology Product 21,Books,Technology,13.01,Customer 494,West,Ahmedabad,2024-05-21,2025,5,May
ORD001254,2025-06-06,CUST00899,PROD0001,1,0.0,365.52,365.52,219.66,145.86,Net Banking,Delivered,3.0,Kitchen Product 1,Home & Kitchen,Kitchen,394.25,Customer 899,West,Pune,2024-12-21,2025,6,Jun
ORD001255,2025-07-25,CUST00082,PROD0089,3,0.05,521.98,1487.64,904.17,583.47,Debit Card,Delivered,4.0,Kitchen Product 89,Home & Kitchen,Kitchen,468.17,Customer 82,North,Chandigarh,2024-10-06,2025,7,Jul
ORD001256,2025-06-28,CUST00856,PROD0032,1,0.0,13.04,13.04,10.54,2.5,Net Banking,Delivered,3.0,Skincare Product 32,Beauty,Skincare,14.13,Customer 856,West,Surat,2023-07-25,2025,6,Jun
ORD001257,2025-07-16,CUST00879,PROD0008,4,0.1,514.36,1851.7,1374.36,477.34,COD,Delivered,5.0,Decor Product 8,Home & Kitchen,Decor,462.5,Customer 879,West,Pune,2024-11-01,2025,7,Jul
ORD001258,2025-08-11,CUST00923,PROD0069,2,0.0,157.02,314.04,246.33,67.71,UPI,Delivered,3.0,Women Product 69,Fashion,Women,144.62,Customer 923,East,Ranchi,2024-04-29,2025,8,Aug
ORD001259,2025-03-30,CUST00012,PROD0030,1,0.15,370.03,314.53,230.96,83.57,Debit Card,Delivered,3.0,Decor Product 30,Home & Kitchen,Decor,335.65,Customer 12,West,Mumbai,2025-01-29,2025,3,Mar
ORD001260,2025-10-14,CUST01287,PROD0115,1,0.0,360.8,360.8,245.51,115.29,UPI,Delivered,4.0,Smartphones Product 115,Electronics,Smartphones,361.73,Customer 1287,South,Hyderabad,2023-07-11,2025,10,Oct
ORD001261,2025-10-03,CUST00449,PROD0008,1,0.15,443.74,377.18,221.04,156.14,Net Banking,Delivered,2.0,Decor Product 8,Home & Kitchen,Decor,462.5,Customer 449,West,Pune,2023-03-06,2025,10,Oct
ORD001262,2025-08-24,CUST01216,PROD0113,1,0.0,500.48,500.48,405.09,95.39,Debit Card,Delivered,2.0,Smartphones Product 113,Electronics,Smartphones,480.63,Customer 1216,West,Surat,2025-01-12,2025,8,Aug
ORD001263,2025-07-02,CUST00762,PROD0019,1,0.15,228.43,194.17,115.92,78.25,UPI,Delivered,2.0,Decor Product 19,Home & Kitchen,Decor,213.84,Customer 762,North,Lucknow,2024-10-01,2025,7,Jul
ORD001264,2025-07-28,CUST01138,PROD0108,3,0.05,353.39,1007.16,731.64,275.52,COD,Delivered,6.0,Kitchen Product 108,Home & Kitchen,Kitchen,373.49,Customer 1138,South,Kochi,2024-09-07,2025,7,Jul
ORD001265,2025-05-10,CUST00026,PROD0059,4,0.1,105.01,378.04,228.54,149.5,Debit Card,Delivered,1.0,Haircare Product 59,Beauty,Haircare,97.27,Customer 26,West,Ahmedabad,2024-08-28,2025,5,May
ORD001266,2025-06-02,CUST00508,PROD0055,1,0.0,276.68,276.68,179.34,97.34,COD,Delivered,2.0,Fitness Product 55,Sports,Fitness,287.69,Customer 508,West,Ahmedabad,2024-01-12,2025,6,Jun
ORD001267,2025-01-13,CUST00062,PROD0030,2,0.1,341.8,615.24,384.28,230.96,UPI,Delivered,5.0,Decor Product 30,Home & Kitchen,Decor,335.65,Customer 62,South,Kochi,2025-01-18,2025,1,Jan
ORD001268,2025-05-02,CUST00229,PROD0079,1,0.0,262.85,262.85,187.38,75.47,Net Banking,Delivered,7.0,Appliances Product 79,Home & Kitchen,Appliances,240.86,Customer 229,Central,Indore,2024-01-13,2025,5,May
ORD001269,2025-12-25,CUST00607,PROD0036,3,0.1,360.05,972.14,770.81,201.33,Debit Card,Delivered,4.0,Furniture Product 36,Home & Kitchen,Furniture,375.57,Customer 607,West,Surat,2025-05-24,2025,12,Dec
ORD001270,2025-08-08,CUST01059,PROD0055,4,0.0,278.59,1114.36,816.32,298.04,Credit Card,Delivered,6.0,Fitness Product 55,Sports,Fitness,287.69,Customer 1059,Central,Bhopal,2024-02-19,2025,8,Aug
ORD001271,2025-04-16,CUST01480,PROD0044,4,0.05,21.78,82.76,61.19,21.57,Net Banking,Delivered,5.0,Business Product 44,Books,Business,23.36,Customer 1480,East,Bhubaneswar,2023-12-30,2025,4,Apr
ORD001272,2025-03-11,CUST00891,PROD0027,1,0.0,409.2,409.2,326.6,82.6,Debit Card,Delivered,3.0,Decor Product 27,Home & Kitchen,Decor,431.04,Customer 891,East,Ranchi,2025-05-18,2025,3,Mar
ORD001273,2025-07-14,CUST00761,PROD0077,1,0.0,131.05,131.05,99.58,31.47,Debit Card,Delivered,3.0,Accessories Product 77,Fashion,Accessories,138.05,Customer 761,Central,Nagpur,2023-10-22,2025,7,Jul
ORD001274,2025-07-05,CUST00595,PROD0078,2,0.1,104.42,187.96,148.08,39.88,UPI,Delivered,4.0,Fitness Product 78,Sports,Fitness,108.69,Customer 595,East,Kolkata,2023-03-04,2025,7,Jul
ORD001275,2025-04-09,CUST01049,PROD0101,4,0.25,315.54,946.62,643.64,302.98,Net Banking,Delivered,4.0,Laptops Product 101,Electronics,Laptops,322.89,Customer 1049,South,Bengaluru,2025-03-13,2025,4,Apr
ORD001276,2025-03-23,CUST01056,PROD0054,1,0.05,103.85,98.66,77.71,20.95,Debit Card,Delivered,1.0,Makeup Product 54,Beauty,Makeup,95.89,Customer 1056,East,Bhubaneswar,2025-03-13,2025,3,Mar
ORD001277,2025-03-16,CUST01036,PROD0048,4,0.1,120.88,435.17,319.85,115.32,Net Banking,Delivered,7.0,Fragrance Product 48,Beauty,Fragrance,109.58,Customer 1036,West,Pune,2024-04-24,2025,3,Mar
ORD001278,2025-12-06,CUST01343,PROD0030,1,0.1,336.07,302.46,185.27,117.19,UPI,Delivered,4.0,Decor Product 30,Home & Kitchen,Decor,335.65,Customer 1343,East,Ranchi,2023-02-17,2025,12,Dec
ORD001279,2025-07-11,CUST00001,PROD0039,4,0.1,159.92,575.71,339.26,236.45,UPI,Delivered,6.0,Smartphones Product 39,Electronics,Smartphones,169.11,Customer 1,Central,Nagpur,2023-06-04,2025,7,Jul
ORD001280,2025-11-21,CUST01459,PROD0111,1,0.0,62.31,62.31,39.79,22.52,UPI,Delivered,5.0,Fiction Product 111,Books,Fiction,64.59,Customer 1459,North,Jaipur,2025-05-20,2025,11,Nov
ORD001281,2025-08-02,CUST01160,PROD0013,4,0.0,821.04,3284.16,2203.03,1081.13,Debit Card,Delivered,3.0,Laptops Product 13,Electronics,Laptops,769.31,Customer 1160,East,Ranchi,2024-10-04,2025,8,Aug
ORD001282,2025-11-11,CUST01220,PROD0016,4,0.2,215.17,688.54,537.76,150.78,UPI,Delivered,6.0,Women Product 16,Fashion,Women,203.86,Customer 1220,North,Delhi,2025-02-23,2025,11,Nov
ORD001283,2025-11-14,CUST00133,PROD0044,3,0.05,26.01,74.13,56.18,17.95,UPI,Delivered,5.0,Business Product 44,Books,Business,23.36,Customer 133,East,Bhubaneswar,2024-11-11,2025,11,Nov
ORD001284,2025-05-24,CUST00086,PROD0071,1,0.1,30.19,27.17,21.99,5.18,Debit Card,Delivered,3.0,Footwear Product 71,Fashion,Footwear,32.71,Customer 86,East,Bhubaneswar,2025-03-01,2025,5,May
ORD001285,2025-08-04,CUST01500,PROD0112,2,0.1,236.59,425.86,304.15,121.71,UPI,Delivered,5.0,Kitchen Product 112,Home & Kitchen,Kitchen,221.08,Customer 1500,South,Bengaluru,2025-02-21,2025,8,Aug
ORD001286,2025-12-27,CUST01348,PROD0119,2,0.05,527.49,1002.23,761.15,241.08,COD,Delivered,3.0,Smartphones Product 119,Electronics,Smartphones,516.56,Customer 1348,North,Lucknow,2024-12-08,2025,12,Dec
ORD001287,2025-11-20,CUST01204,PROD0119,1,0.05,568.49,540.07,348.92,191.15,Credit Card,Delivered,4.0,Smartphones Product 119,Electronics,Smartphones,516.56,Customer 1204,East,Ranchi,2025-01-20,2025,11,Nov
ORD001288,2025-01-15,CUST00516,PROD0027,2,0.1,446.23,803.21,596.86,206.35,COD,Delivered,2.0,Decor Product 27,Home & Kitchen,Decor,431.04,Customer 516,West,Ahmedabad,2025-01-26,2025,1,Jan
ORD001289,2025-08-05,CUST00175,PROD0045,2,0.0,185.82,371.64,278.54,93.1,UPI,Delivered,6.0,Kitchen Product 45,Home & Kitchen,Kitchen,184.1,Customer 175,North,Lucknow,2023-02-16,2025,8,Aug
ORD001290,2025-02-04,CUST00763,PROD0119,3,0.05,544.03,1550.49,1214.99,335.5,UPI,Delivered,4.0,Smartphones Product 119,Electronics,Smartphones,516.56,Customer 763,North,Delhi,2025-05-05,2025,2,Feb
ORD001291,2025-07-02,CUST01045,PROD0035,1,0.05,34.29,32.58,23.09,9.49,Credit Card,Delivered,2.0,Footwear Product 35,Fashion,Footwear,31.55,Customer 1045,East,Patna,2024-02-04,2025,7,Jul
ORD001292,2025-09-27,CUST00997,PROD0079,4,0.25,235.2,705.6,519.15,186.45,Debit Card,Delivered,1.0,Appliances Product 79,Home & Kitchen,Appliances,240.86,Customer 997,East,Kolkata,2024-06-17,2025,9,Sep
ORD001293,2025-12-24,CUST01129,PROD0028,2,0.05,15.48,29.41,18.49,10.92,UPI,Delivered,3.0,Equipment Product 28,Sports,Equipment,16.44,Customer 1129,North,Lucknow,2023-07-01,2025,12,Dec
ORD001294,2025-04-10,CUST00578,PROD0099,2,0.1,194.14,349.45,264.47,84.98,UPI,Delivered,4.0,Fitness Product 99,Sports,Fitness,192.87,Customer 578,West,Mumbai,2025-02-08,2025,4,Apr
ORD001295,2025-01-07,CUST01467,PROD0007,4,0.0,14.75,59.0,46.09,12.91,COD,Delivered,3.0,Haircare Product 7,Beauty,Haircare,15.32,Customer 1467,North,Lucknow,2025-02-19,2025,1,Jan
ORD001296,2025-01-30,CUST00049,PROD0062,1,0.0,168.55,168.55,121.78,46.77,UPI,Delivered,7.0,Accessories Product 62,Fashion,Accessories,167.56,Customer 49,East,Ranchi,2024-09-19,2025,1,Jan
ORD001297,2025-11-01,CUST00528,PROD0114,2,0.2,615.03,984.05,598.07,385.98,Debit Card,Delivered,6.0,Audio Product 114,Electronics,Audio,550.01,Customer 528,West,Pune,2023-10-23,2025,11,Nov
ORD001298,2025-05-24,CUST00145,PROD0110,2,0.15,419.49,713.13,467.16,245.97,Debit Card,Delivered,4.0,Kitchen Product 110,Home & Kitchen,Kitchen,405.37,Customer 145,East,Bhubaneswar,2024-09-06,2025,5,May
ORD001299,2025-04-21,CUST01364,PROD0114,1,0.05,582.31,553.19,383.98,169.21,UPI,Delivered,3.0,Audio Product 114,Electronics,Audio,550.01,Customer 1364,Central,Kanpur,2023-11-06,2025,4,Apr
ORD001300,2025-08-20,CUST00762,PROD0051,1,0.1,193.7,174.33,129.44,44.89,Debit Card,Delivered,6.0,Furniture Product 51,Home & Kitchen,Furniture,183.5,Customer 762,North,Lucknow,2024-10-01,2025,8,Aug
ORD001301,2025-06-28,CUST01378,PROD0046,1,0.0,129.7,129.7,85.2,44.5,Credit Card,Delivered,5.0,Accessories Product 46,Electronics,Accessories,119.63,Customer 1378,Central,Indore,2025-01-03,2025,6,Jun
ORD001302,2025-03-13,CUST01099,PROD0020,1,0.15,105.85,89.97,70.33,19.64,UPI,Delivered,2.0,Skincare Product 20,Beauty,Skincare,95.46,Customer 1099,Central,Indore,2025-06-19,2025,3,Mar
ORD001303,2025-07-29,CUST00929,PROD0096,2,0.0,221.08,442.16,295.91,146.25,UPI,Delivered,3.0,Footwear Product 96,Fashion,Footwear,210.2,Customer 929,West,Ahmedabad,2024-03-20,2025,7,Jul
ORD001304,2025-08-08,CUST00794,PROD0038,3,0.15,734.37,1872.64,1105.38,767.26,Net Banking,Delivered,8.0,Laptops Product 38,Electronics,Laptops,723.36,Customer 794,Central,Nagpur,2025-04-01,2025,8,Aug
ORD001305,2025-03-21,CUST00319,PROD0061,1,0.1,85.87,77.28,59.55,17.73,UPI,Delivered,3.0,Outdoor Product 61,Sports,Outdoor,87.3,Customer 319,Central,Indore,2024-08-17,2025,3,Mar
ORD001306,2025-03-24,CUST01111,PROD0104,1,0.05,68.32,64.9,47.68,17.22,Credit Card,Cancelled,,Footwear Product 104,Fashion,Footwear,68.87,Customer 1111,Central,Kanpur,2024-12-15,2025,3,Mar
ORD001307,2025-02-11,CUST00698,PROD0032,1,0.2,13.94,11.15,8.61,2.54,Debit Card,Delivered,7.0,Skincare Product 32,Beauty,Skincare,14.13,Customer 698,South,Chennai,2023-09-04,2025,2,Feb
ORD001308,2025-09-30,CUST00847,PROD0026,1,0.25,222.44,166.83,110.73,56.1,UPI,Delivered,3.0,Men Product 26,Fashion,Men,225.85,Customer 847,South,Hyderabad,2024-06-15,2025,9,Sep
ORD001309,2025-07-10,CUST00783,PROD0058,1,0.05,205.38,195.11,113.99,81.12,COD,Delivered,7.0,Footwear Product 58,Fashion,Footwear,193.95,Customer 783,West,Pune,2023-09-08,2025,7,Jul
ORD001310,2025-06-22,CUST00042,PROD0039,4,0.15,175.46,596.56,356.56,240.0,UPI,Delivered,2.0,Smartphones Product 39,Electronics,Smartphones,169.11,Customer 42,West,Ahmedabad,2023-11-20,2025,6,Jun
ORD001311,2025-01-07,CUST01117,PROD0020,1,0.15,91.68,77.93,47.29,30.64,UPI,Cancelled,,Skincare Product 20,Beauty,Skincare,95.46,Customer 1117,South,Kochi,2024-11-24,2025,1,Jan
ORD001312,2025-06-04,CUST00529,PROD0082,1,0.15,704.21,598.58,462.84,135.74,Debit Card,Delivered,3.0,Laptops Product 82,Electronics,Laptops,632.19,Customer 529,West,Ahmedabad,2023-07-22,2025,6,Jun
ORD001313,2025-01-10,CUST01289,PROD0050,3,0.25,95.53,214.94,140.21,74.73,UPI,Delivered,3.0,Smartphones Product 50,Electronics,Smartphones,95.0,Customer 1289,North,Chandigarh,2023-09-23,2025,1,Jan
ORD001314,2025-02-03,CUST00292,PROD0079,4,0.1,248.86,895.9,734.19,161.71,Credit Card,Delivered,2.0,Appliances Product 79,Home & Kitchen,Appliances,240.86,Customer 292,Central,Nagpur,2023-08-28,2025,2,Feb
ORD001315,2025-02-05,CUST00969,PROD0052,3,0.1,61.53,166.13,126.59,39.54,COD,Delivered,3.0,Self Help Product 52,Books,Self Help,58.02,Customer 969,Central,Bhopal,2023-03-02,2025,2,Feb
ORD001316,2025-01-06,CUST01488,PROD0086,4,0.15,376.79,1281.09,927.86,353.23,UPI,Delivered,2.0,Audio Product 86,Electronics,Audio,361.35,Customer 1488,North,Lucknow,2023-11-04,2025,1,Jan
ORD001317,2025-08-03,CUST00097,PROD0115,4,0.1,355.29,1279.04,1043.78,235.26,UPI,Delivered,3.0,Smartphones Product 115,Electronics,Smartphones,361.73,Customer 97,Central,Bhopal,2023-05-27,2025,8,Aug
ORD001318,2025-05-14,CUST01119,PROD0022,2,0.1,212.17,381.91,250.5,131.41,UPI,Delivered,5.0,Kitchen Product 22,Home & Kitchen,Kitchen,196.54,Customer 1119,North,Lucknow,2025-06-06,2025,5,May
ORD001319,2025-10-12,CUST01350,PROD0053,1,0.05,21.47,20.4,12.64,7.76,Net Banking,Delivered,4.0,Self Help Product 53,Books,Self Help,22.79,Customer 1350,West,Mumbai,2023-12-11,2025,10,Oct
ORD001320,2025-05-06,CUST00074,PROD0085,2,0.15,162.75,276.68,209.43,67.25,UPI,Delivered,5.0,Makeup Product 85,Beauty,Makeup,157.43,Customer 74,North,Lucknow,2024-02-07,2025,5,May
ORD001321,2025-12-03,CUST01360,PROD0066,1,0.1,35.82,32.24,20.85,11.39,UPI,Delivered,2.0,Self Help Product 66,Books,Self Help,36.75,Customer 1360,Central,Kanpur,2023-07-07,2025,12,Dec
ORD001322,2025-06-23,CUST01092,PROD0104,1,0.1,71.84,64.66,52.42,12.24,Credit Card,Delivered,3.0,Footwear Product 104,Fashion,Footwear,68.87,Customer 1092,North,Chandigarh,2024-10-12,2025,6,Jun
ORD001323,2025-06-01,CUST00758,PROD0117,2,0.05,262.83,499.38,408.06,91.32,Credit Card,Delivered,1.0,Furniture Product 117,Home & Kitchen,Furniture,272.76,Customer 758,Central,Indore,2023-09-02,2025,6,Jun
ORD001324,2025-11-27,CUST01101,PROD0043,2,0.0,54.54,109.08,87.52,21.56,UPI,Delivered,3.0,Skincare Product 43,Beauty,Skincare,50.76,Customer 1101,Central,Kanpur,2024-10-22,2025,11,Nov
ORD001325,2025-01-26,CUST00208,PROD0082,4,0.0,610.38,2441.52,1969.68,471.84,COD,Delivered,4.0,Laptops Product 82,Electronics,Laptops,632.19,Customer 208,North,Lucknow,2025-05-18,2025,1,Jan
ORD001326,2025-04-25,CUST01245,PROD0023,1,0.1,85.4,76.86,55.94,20.92,UPI,Delivered,4.0,Equipment Product 23,Sports,Equipment,77.77,Customer 1245,East,Ranchi,2024-08-06,2025,4,Apr
ORD001327,2025-10-11,CUST01286,PROD0077,1,0.05,150.79,143.25,106.88,36.37,Credit Card,Delivered,1.0,Accessories Product 77,Fashion,Accessories,138.05,Customer 1286,North,Delhi,2024-03-28,2025,10,Oct
ORD001328,2025-03-16,CUST00410,PROD0064,2,0.15,492.88,837.9,504.93,332.97,UPI,Delivered,1.0,Decor Product 64,Home & Kitchen,Decor,496.62,Customer 410,West,Pune,2023-06-15,2025,3,Mar
ORD001329,2025-06-15,CUST00331,PROD0105,3,0.1,172.55,465.89,355.54,110.35,Net Banking,Delivered,3.0,Fragrance Product 105,Beauty,Fragrance,173.04,Customer 331,East,Bhubaneswar,2025-06-19,2025,6,Jun
ORD001330,2025-07-08,CUST00344,PROD0009,1,0.2,319.83,255.86,160.81,95.05,UPI,Delivered,5.0,Furniture Product 9,Home & Kitchen,Furniture,301.64,Customer 344,East,Kolkata,2023-02-02,2025,7,Jul
ORD001331,2025-03-19,CUST00989,PROD0113,1,0.0,450.87,450.87,352.44,98.43,UPI,Cancelled,,Smartphones Product 113,Electronics,Smartphones,480.63,Customer 989,South,Hyderabad,2023-12-06,2025,3,Mar
ORD001332,2025-03-31,CUST00771,PROD0007,4,0.25,14.34,43.02,34.88,8.14,UPI,Delivered,4.0,Haircare Product 7,Beauty,Haircare,15.32,Customer 771,South,Kochi,2024-03-26,2025,3,Mar
ORD001333,2025-06-25,CUST00074,PROD0041,1,0.05,370.21,351.7,221.91,129.79,COD,Delivered,2.0,Accessories Product 41,Electronics,Accessories,390.82,Customer 74,North,Lucknow,2024-02-07,2025,6,Jun
ORD001334,2025-01-21,CUST00254,PROD0054,4,0.1,99.01,356.44,213.41,143.03,UPI,Delivered,7.0,Makeup Product 54,Beauty,Makeup,95.89,Customer 254,South,Chennai,2023-07-02,2025,1,Jan
ORD001335,2025-02-23,CUST00959,PROD0065,3,0.1,169.81,458.49,319.17,139.32,UPI,Cancelled,,Women Product 65,Fashion,Women,178.78,Customer 959,South,Chennai,2025-01-05,2025,2,Feb
ORD001336,2025-07-03,CUST00820,PROD0002,1,0.05,29.15,27.69,21.32,6.37,Credit Card,Delivered,1.0,Decor Product 2,Home & Kitchen,Decor,29.88,Customer 820,North,Lucknow,2023-02-26,2025,7,Jul
ORD001337,2025-12-25,CUST00986,PROD0004,4,0.0,11.42,45.68,34.94,10.74,UPI,Delivered,4.0,Technology Product 4,Books,Technology,10.88,Customer 986,West,Ahmedabad,2025-04-17,2025,12,Dec
ORD001338,2025-08-10,CUST00332,PROD0078,4,0.0,100.33,401.32,299.88,101.44,Net Banking,Delivered,3.0,Fitness Product 78,Sports,Fitness,108.69,Customer 332,East,Bhubaneswar,2023-10-10,2025,8,Aug
ORD001339,2025-11-11,CUST01422,PROD0032,1,0.15,13.51,11.48,8.92,2.56,Debit Card,Delivered,6.0,Skincare Product 32,Beauty,Skincare,14.13,Customer 1422,Central,Nagpur,2024-06-08,2025,11,Nov
ORD001340,2025-11-24,CUST01369,PROD0100,3,0.05,116.36,331.63,206.27,125.36,UPI,Delivered,4.0,Men Product 100,Fashion,Men,105.21,Customer 1369,East,Kolkata,2025-04-24,2025,11,Nov
ORD001341,2025-06-28,CUST00747,PROD0002,1,0.25,31.46,23.6,17.38,6.22,Credit Card,Delivered,4.0,Decor Product 2,Home & Kitchen,Decor,29.88,Customer 747,Central,Indore,2024-03-24,2025,6,Jun
ORD001342,2025-10-03,CUST00836,PROD0104,3,0.05,67.57,192.57,139.68,52.89,UPI,Delivered,5.0,Footwear Product 104,Fashion,Footwear,68.87,Customer 836,North,Jaipur,2023-12-01,2025,10,Oct
ORD001343,2025-04-22,CUST00455,PROD0114,3,0.25,510.99,1149.73,709.18,440.55,Credit Card,Delivered,3.0,Audio Product 114,Electronics,Audio,550.01,Customer 455,South,Kochi,2023-11-11,2025,4,Apr
ORD001344,2025-08-12,CUST01139,PROD0115,2,0.0,375.19,750.38,509.86,240.52,Debit Card,Delivered,5.0,Smartphones Product 115,Electronics,Smartphones,361.73,Customer 1139,South,Kochi,2024-02-10,2025,8,Aug
ORD001345,2025-08-02,CUST00313,PROD0064,2,0.0,479.03,958.06,751.7,206.36,Credit Card,Delivered,1.0,Decor Product 64,Home & Kitchen,Decor,496.62,Customer 313,West,Mumbai,2024-06-02,2025,8,Aug
ORD001346,2025-02-28,CUST01018,PROD0014,2,0.05,142.71,271.15,220.51,50.64,UPI,Delivered,5.0,Accessories Product 14,Electronics,Accessories,128.33,Customer 1018,West,Surat,2024-03-30,2025,2,Feb
ORD001347,2025-11-23,CUST00228,PROD0020,1,0.2,100.94,80.75,59.73,21.02,UPI,Delivered,4.0,Skincare Product 20,Beauty,Skincare,95.46,Customer 228,North,Lucknow,2024-02-11,2025,11,Nov
ORD001348,2025-04-19,CUST00834,PROD0089,1,0.1,521.93,469.74,376.39,93.35,Net Banking,Delivered,4.0,Kitchen Product 89,Home & Kitchen,Kitchen,468.17,Customer 834,West,Mumbai,2025-05-21,2025,4,Apr
ORD001349,2025-06-06,CUST00858,PROD0106,3,0.0,166.47,499.41,305.49,193.92,Net Banking,Delivered,3.0,Women Product 106,Fashion,Women,152.76,Customer 858,East,Kolkata,2023-02-09,2025,6,Jun
ORD001350,2025-07-10,CUST01269,PROD0049,2,0.0,416.18,832.36,677.55,154.81,UPI,Delivered,2.0,Decor Product 49,Home & Kitchen,Decor,409.38,Customer 1269,East,Kolkata,2024-05-30,2025,7,Jul
ORD001351,2025-07-19,CUST00818,PROD0008,1,0.05,487.43,463.06,272.3,190.76,UPI,Delivered,4.0,Decor Product 8,Home & Kitchen,Decor,462.5,Customer 818,South,Kochi,2024-11-23,2025,7,Jul
ORD001352,2025-11-08,CUST01018,PROD0092,2,0.1,62.35,112.23,79.3,32.93,COD,Delivered,3.0,Haircare Product 92,Beauty,Haircare,57.6,Customer 1018,West,Surat,2024-03-30,2025,11,Nov
ORD001353,2025-07-15,CUST00528,PROD0063,1,0.05,283.37,269.2,174.94,94.26,Credit Card,Delivered,2.0,Kitchen Product 63,Home & Kitchen,Kitchen,273.62,Customer 528,West,Pune,2023-10-23,2025,7,Jul
ORD001354,2025-02-04,CUST00950,PROD0046,4,0.15,111.53,379.2,294.01,85.19,Credit Card,Delivered,1.0,Accessories Product 46,Electronics,Accessories,119.63,Customer 950,West,Mumbai,2024-12-30,2025,2,Feb
ORD001355,2025-09-03,CUST00427,PROD0021,3,0.1,13.19,35.61,22.51,13.1,Debit Card,Delivered,4.0,Technology Product 21,Books,Technology,13.01,Customer 427,Central,Nagpur,2025-04-13,2025,9,Sep
ORD001356,2025-08-25,CUST00042,PROD0087,1,0.2,171.72,137.38,80.06,57.32,UPI,Delivered,2.0,Equipment Product 87,Sports,Equipment,181.5,Customer 42,West,Ahmedabad,2023-11-20,2025,8,Aug
ORD001357,2025-04-14,CUST00465,PROD0032,3,0.1,15.02,40.55,27.55,13.0,Credit Card,Delivered,6.0,Skincare Product 32,Beauty,Skincare,14.13,Customer 465,North,Lucknow,2023-10-11,2025,4,Apr
ORD001358,2025-01-07,CUST00278,PROD0008,1,0.05,488.46,464.04,276.28,187.76,Net Banking,Delivered,2.0,Decor Product 8,Home & Kitchen,Decor,462.5,Customer 278,East,Ranchi,2025-06-18,2025,1,Jan
ORD001359,2025-10-10,CUST00836,PROD0095,2,0.25,41.77,62.66,40.71,21.95,UPI,Delivered,1.0,Business Product 95,Books,Business,37.34,Customer 836,North,Jaipur,2023-12-01,2025,10,Oct
ORD001360,2025-01-01,CUST00019,PROD0101,1,0.05,337.67,320.79,235.62,85.17,Debit Card,Delivered,3.0,Laptops Product 101,Electronics,Laptops,322.89,Customer 19,Central,Indore,2024-08-23,2025,1,Jan
ORD001361,2025-08-07,CUST00066,PROD0016,1,0.05,220.17,209.16,136.11,73.05,Credit Card,Delivered,2.0,Women Product 16,Fashion,Women,203.86,Customer 66,East,Kolkata,2023-09-13,2025,8,Aug
ORD001362,2025-08-18,CUST00167,PROD0040,1,0.15,263.55,224.02,143.15,80.87,COD,Delivered,5.0,Appliances Product 40,Home & Kitchen,Appliances,270.68,Customer 167,East,Ranchi,2024-06-20,2025,8,Aug
ORD001363,2025-06-21,CUST01020,PROD0106,2,0.0,150.93,301.86,186.34,115.52,UPI,Delivered,3.0,Women Product 106,Fashion,Women,152.76,Customer 1020,East,Bhubaneswar,2023-03-18,2025,6,Jun
ORD001364,2025-03-28,CUST00403,PROD0027,1,0.05,475.61,451.83,276.72,175.11,Net Banking,Delivered,2.0,Decor Product 27,Home & Kitchen,Decor,431.04,Customer 403,East,Bhubaneswar,2023-12-11,2025,3,Mar
ORD001365,2025-02-10,CUST00409,PROD0104,1,0.0,73.76,73.76,52.09,21.67,UPI,Delivered,8.0,Footwear Product 104,Fashion,Footwear,68.87,Customer 409,Central,Bhopal,2024-08-08,2025,2,Feb
ORD001366,2025-05-03,CUST00112,PROD0105,1,0.0,181.87,181.87,135.23,46.64,Credit Card,Delivered,2.0,Fragrance Product 105,Beauty,Fragrance,173.04,Customer 112,South,Bengaluru,2023-10-10,2025,5,May
ORD001367,2025-11-27,CUST01298,PROD0018,3,0.0,213.93,641.79,441.97,199.82,UPI,Delivered,2.0,Furniture Product 18,Home & Kitchen,Furniture,220.36,Customer 1298,West,Mumbai,2023-05-25,2025,11,Nov
ORD001368,2025-10-25,CUST01431,PROD0035,1,0.0,33.43,33.43,20.38,13.05,Net Banking,Delivered,3.0,Footwear Product 35,Fashion,Footwear,31.55,Customer 1431,South,Bengaluru,2025-06-15,2025,10,Oct
ORD001369,2025-06-27,CUST01397,PROD0113,1,0.05,527.42,501.05,368.5,132.55,UPI,Delivered,3.0,Smartphones Product 113,Electronics,Smartphones,480.63,Customer 1397,West,Ahmedabad,2024-09-02,2025,6,Jun
ORD001370,2025-03-04,CUST00597,PROD0052,1,0.15,56.06,47.65,34.01,13.64,Net Banking,Delivered,5.0,Self Help Product 52,Books,Self Help,58.02,Customer 597,South,Chennai,2024-05-26,2025,3,Mar
ORD001371,2025-06-14,CUST00651,PROD0015,3,0.1,124.66,336.58,226.02,110.56,Credit Card,Returned,7.0,Kitchen Product 15,Home & Kitchen,Kitchen,117.47,Customer 651,East,Kolkata,2025-03-24,2025,6,Jun
ORD001372,2025-07-06,CUST01063,PROD0063,1,0.1,273.27,245.94,162.13,83.81,Net Banking,Delivered,5.0,Kitchen Product 63,Home & Kitchen,Kitchen,273.62,Customer 1063,West,Surat,2023-12-22,2025,7,Jul
ORD001373,2025-07-28,CUST00105,PROD0053,2,0.1,21.51,38.72,24.16,14.56,UPI,Delivered,4.0,Self Help Product 53,Books,Self Help,22.79,Customer 105,East,Ranchi,2025-06-08,2025,7,Jul
ORD001374,2025-08-15,CUST00324,PROD0091,2,0.15,41.22,70.07,43.1,26.97,UPI,Delivered,8.0,Technology Product 91,Books,Technology,38.43,Customer 324,East,Kolkata,2025-04-19,2025,8,Aug
ORD001375,2025-02-17,CUST00992,PROD0081,1,0.2,320.06,256.05,169.33,86.72,Credit Card,Delivered,5.0,Accessories Product 81,Electronics,Accessories,335.69,Customer 992,South,Bengaluru,2024-06-23,2025,2,Feb
ORD001376,2025-08-12,CUST01438,PROD0104,3,0.15,66.84,170.44,100.56,69.88,Credit Card,Delivered,2.0,Footwear Product 104,Fashion,Footwear,68.87,Customer 1438,South,Chennai,2023-10-06,2025,8,Aug
ORD001377,2025-01-03,CUST00429,PROD0066,1,0.15,39.56,33.63,23.03,10.6,UPI,Delivered,3.0,Self Help Product 66,Books,Self Help,36.75,Customer 429,Central,Kanpur,2023-11-05,2025,1,Jan
ORD001378,2025-06-24,CUST00635,PROD0113,1,0.0,513.52,513.52,371.98,141.54,Debit Card,Delivered,3.0,Smartphones Product 113,Electronics,Smartphones,480.63,Customer 635,East,Patna,2023-05-20,2025,6,Jun
ORD001379,2025-04-09,CUST00730,PROD0114,2,0.1,533.97,961.15,774.68,186.47,UPI,Delivered,3.0,Audio Product 114,Electronics,Audio,550.01,Customer 730,North,Lucknow,2023-05-27,2025,4,Apr
ORD001380,2025-04-26,CUST00889,PROD0031,1,0.1,281.08,252.97,184.72,68.25,Credit Card,Delivered,2.0,Furniture Product 31,Home & Kitchen,Furniture,253.64,Customer 889,Central,Kanpur,2023-09-07,2025,4,Apr
ORD001381,2025-09-27,CUST01085,PROD0061,1,0.1,84.07,75.66,55.22,20.44,UPI,Delivered,4.0,Outdoor Product 61,Sports,Outdoor,87.3,Customer 1085,South,Chennai,2023-03-15,2025,9,Sep
ORD001382,2025-09-10,CUST01331,PROD0064,1,0.1,555.58,500.02,334.94,165.08,UPI,Delivered,3.0,Decor Product 64,Home & Kitchen,Decor,496.62,Customer 1331,Central,Kanpur,2025-04-24,2025,9,Sep
ORD001383,2025-11-13,CUST01378,PROD0101,2,0.0,344.71,689.42,421.92,267.5,COD,Delivered,4.0,Laptops Product 101,Electronics,Laptops,322.89,Customer 1378,Central,Indore,2025-01-03,2025,11,Nov
ORD001384,2025-04-05,CUST00393,PROD0105,1,0.0,172.78,172.78,118.75,54.03,Credit Card,Delivered,3.0,Fragrance Product 105,Beauty,Fragrance,173.04,Customer 393,West,Surat,2024-04-18,2025,4,Apr
ORD001385,2025-09-30,CUST00204,PROD0105,1,0.2,163.71,130.97,94.78,36.19,Debit Card,Delivered,3.0,Fragrance Product 105,Beauty,Fragrance,173.04,Customer 204,East,Bhubaneswar,2024-03-11,2025,9,Sep
ORD001386,2025-01-24,CUST00258,PROD0098,3,0.1,121.12,327.02,246.5,80.52,UPI,Delivered,3.0,Fragrance Product 98,Beauty,Fragrance,123.08,Customer 258,South,Kochi,2024-04-18,2025,1,Jan
ORD001387,2025-04-26,CUST00486,PROD0034,1,0.05,101.15,96.09,74.78,21.31,UPI,Delivered,3.0,Accessories Product 34,Fashion,Accessories,105.5,Customer 486,West,Mumbai,2024-10-18,2025,4,Apr
ORD001388,2025-05-31,CUST00446,PROD0115,1,0.05,377.78,358.89,230.2,128.69,Credit Card,Delivered,5.0,Smartphones Product 115,Electronics,Smartphones,361.73,Customer 446,South,Bengaluru,2023-09-15,2025,5,May
ORD001389,2025-12-04,CUST01204,PROD0055,3,0.1,285.21,770.07,491.22,278.85,UPI,Delivered,6.0,Fitness Product 55,Sports,Fitness,287.69,Customer 1204,East,Ranchi,2025-01-20,2025,12,Dec
ORD001390,2025-02-19,CUST01024,PROD0059,1,0.05,95.23,90.47,64.75,25.72,UPI,Delivered,3.0,Haircare Product 59,Beauty,Haircare,97.27,Customer 1024,Central,Nagpur,2023-11-27,2025,2,Feb
ORD001391,2025-07-25,CUST00342,PROD0003,4,0.05,604.37,2296.61,1644.01,652.6,UPI,Delivered,4.0,Accessories Product 3,Electronics,Accessories,564.08,Customer 342,West,Mumbai,2025-06-06,2025,7,Jul
ORD001392,2025-12-01,CUST00133,PROD0017,2,0.0,14.64,29.28,18.51,10.77,UPI,Delivered,6.0,Equipment Product 17,Sports,Equipment,15.15,Customer 133,East,Bhubaneswar,2024-11-11,2025,12,Dec
ORD001393,2025-03-20,CUST00443,PROD0078,2,0.0,112.75,225.5,162.58,62.92,UPI,Cancelled,,Fitness Product 78,Sports,Fitness,108.69,Customer 443,North,Lucknow,2023-04-10,2025,3,Mar
ORD001394,2025-03-11,CUST00253,PROD0078,3,0.05,104.22,297.03,196.93,100.1,Net Banking,Delivered,2.0,Fitness Product 78,Sports,Fitness,108.69,Customer 253,Central,Bhopal,2023-04-19,2025,3,Mar
ORD001395,2025-01-27,CUST00265,PROD0046,2,0.1,127.16,228.89,167.88,61.01,Credit Card,Delivered,3.0,Accessories Product 46,Electronics,Accessories,119.63,Customer 265,North,Lucknow,2024-01-04,2025,1,Jan
ORD001396,2025-09-28,CUST00093,PROD0038,1,0.0,755.93,755.93,491.24,264.69,Debit Card,Delivered,3.0,Laptops Product 38,Electronics,Laptops,723.36,Customer 93,North,Delhi,2023-08-09,2025,9,Sep
ORD001397,2025-02-19,CUST01435,PROD0035,4,0.05,34.06,129.43,93.47,35.96,UPI,Delivered,8.0,Footwear Product 35,Fashion,Footwear,31.55,Customer 1435,Central,Indore,2023-11-24,2025,2,Feb
ORD001398,2025-10-19,CUST00138,PROD0001,2,0.1,368.11,662.6,506.49,156.11,Net Banking,Returned,4.0,Kitchen Product 1,Home & Kitchen,Kitchen,394.25,Customer 138,North,Delhi,2024-07-19,2025,10,Oct
ORD001399,2025-09-04,CUST01232,PROD0112,3,0.15,212.68,542.33,442.13,100.2,UPI,Delivered,4.0,Kitchen Product 112,Home & Kitchen,Kitchen,221.08,Customer 1232,East,Ranchi,2023-10-03,2025,9,Sep
ORD001400,2025-09-21,CUST01002,PROD0029,4,0.0,53.57,214.28,171.14,43.14,UPI,Delivered,4.0,Women Product 29,Fashion,Women,56.34,Customer 1002,South,Bengaluru,2024-11-05,2025,9,Sep
ORD001401,2025-03-20,CUST00307,PROD0004,1,0.15,10.42,8.86,6.21,2.65,UPI,Delivered,6.0,Technology Product 4,Books,Technology,10.88,Customer 307,Central,Indore,2024-05-28,2025,3,Mar
ORD001402,2025-07-09,CUST00266,PROD0061,2,0.25,82.11,123.16,85.87,37.29,Credit Card,Delivered,2.0,Outdoor Product 61,Sports,Outdoor,87.3,Customer 266,North,Delhi,2025-04-30,2025,7,Jul
ORD001403,2025-02-16,CUST00646,PROD0097,2,0.2,61.25,98.0,67.13,30.87,Net Banking,Delivered,4.0,Self Help Product 97,Books,Self Help,59.33,Customer 646,North,Lucknow,2023-02-21,2025,2,Feb
ORD001404,2025-12-27,CUST00318,PROD0017,1,0.15,15.74,13.38,7.85,5.53,UPI,Delivered,3.0,Equipment Product 17,Sports,Equipment,15.15,Customer 318,Central,Indore,2025-02-22,2025,12,Dec
ORD001405,2025-12-20,CUST01137,PROD0028,1,0.15,17.9,15.21,9.43,5.78,COD,Delivered,5.0,Equipment Product 28,Sports,Equipment,16.44,Customer 1137,South,Hyderabad,2024-10-16,2025,12,Dec
ORD001406,2025-12-18,CUST00901,PROD0050,4,0.0,95.34,381.36,226.61,154.75,Net Banking,Delivered,5.0,Smartphones Product 50,Electronics,Smartphones,95.0,Customer 901,South,Hyderabad,2024-04-29,2025,12,Dec
ORD001407,2025-07-08,CUST01402,PROD0090,4,0.1,168.85,607.86,454.15,153.71,UPI,Delivered,7.0,Outdoor Product 90,Sports,Outdoor,164.49,Customer 1402,Central,Nagpur,2023-03-17,2025,7,Jul
ORD001408,2025-09-13,CUST00454,PROD0008,3,0.1,517.2,1396.44,948.43,448.01,UPI,Delivered,3.0,Decor Product 8,Home & Kitchen,Decor,462.5,Customer 454,East,Kolkata,2023-03-20,2025,9,Sep
ORD001409,2025-08-10,CUST00191,PROD0034,2,0.05,108.28,205.73,122.47,83.26,COD,Cancelled,,Accessories Product 34,Fashion,Accessories,105.5,Customer 191,South,Kochi,2024-03-18,2025,8,Aug
ORD001410,2025-08-29,CUST01464,PROD0059,3,0.1,100.65,271.76,202.66,69.1,UPI,Delivered,6.0,Haircare Product 59,Beauty,Haircare,97.27,Customer 1464,South,Hyderabad,2023-08-26,2025,8,Aug
ORD001411,2025-09-26,CUST01211,PROD0018,4,0.1,246.62,887.83,652.26,235.57,Debit Card,Delivered,6.0,Furniture Product 18,Home & Kitchen,Furniture,220.36,Customer 1211,West,Pune,2025-06-03,2025,9,Sep
ORD001412,2025-01-01,CUST00831,PROD0095,2,0.25,41.78,62.67,47.18,15.49,COD,Delivered,2.0,Business Product 95,Books,Business,37.34,Customer 831,Central,Indore,2024-12-16,2025,1,Jan
ORD001413,2025-02-03,CUST01391,PROD0059,3,0.05,97.74,278.56,201.67,76.89,Debit Card,Delivered,3.0,Haircare Product 59,Beauty,Haircare,97.27,Customer 1391,North,Jaipur,2023-03-13,2025,2,Feb
ORD001414,2025-03-20,CUST01113,PROD0027,1,0.0,451.29,451.29,279.24,172.05,Debit Card,Delivered,3.0,Decor Product 27,Home & Kitchen,Decor,431.04,Customer 1113,West,Ahmedabad,2025-06-25,2025,3,Mar
ORD001415,2025-08-24,CUST00187,PROD0016,1,0.1,207.15,186.44,110.88,75.56,Net Banking,Delivered,3.0,Women Product 16,Fashion,Women,203.86,Customer 187,West,Ahmedabad,2024-07-24,2025,8,Aug
ORD001416,2025-11-30,CUST00819,PROD0010,1,0.0,945.66,945.66,733.94,211.72,Debit Card,Delivered,5.0,Smartphones Product 10,Electronics,Smartphones,888.66,Customer 819,South,Chennai,2024-06-25,2025,11,Nov
ORD001417,2025-12-15,CUST01021,PROD0104,4,0.1,76.29,274.64,173.52,101.12,Credit Card,Delivered,2.0,Footwear Product 104,Fashion,Footwear,68.87,Customer 1021,North,Jaipur,2023-08-18,2025,12,Dec
ORD001418,2025-04-08,CUST00132,PROD0076,3,0.0,105.24,315.72,224.23,91.49,UPI,Delivered,4.0,Women Product 76,Fashion,Women,107.18,Customer 132,West,Ahmedabad,2025-04-09,2025,4,Apr
ORD001419,2025-03-23,CUST00872,PROD0022,1,0.1,213.01,191.71,133.52,58.19,Net Banking,Delivered,3.0,Kitchen Product 22,Home & Kitchen,Kitchen,196.54,Customer 872,West,Pune,2023-08-23,2025,3,Mar
ORD001420,2025-07-11,CUST00635,PROD0016,1,0.1,214.25,192.82,154.46,38.36,COD,Delivered,2.0,Women Product 16,Fashion,Women,203.86,Customer 635,East,Patna,2023-05-20,2025,7,Jul
ORD001421,2025-09-10,CUST01400,PROD0012,2,0.0,296.72,593.44,422.88,170.56,Credit Card,Delivered,3.0,Audio Product 12,Electronics,Audio,304.0,Customer 1400,North,Delhi,2025-02-06,2025,9,Sep
ORD001422,2025-02-07,CUST00691,PROD0075,2,0.0,239.49,478.98,344.48,134.5,Credit Card,Delivered,4.0,Decor Product 75,Home & Kitchen,Decor,221.86,Customer 691,North,Delhi,2024-11-02,2025,2,Feb
ORD001423,2025-01-14,CUST00692,PROD0084,1,0.05,23.78,22.59,14.83,7.76,Credit Card,Delivered,6.0,Fiction Product 84,Books,Fiction,23.65,Customer 692,East,Bhubaneswar,2024-07-11,2025,1,Jan
ORD001424,2025-12-13,CUST01123,PROD0051,2,0.05,173.24,329.16,266.65,62.51,Net Banking,Delivered,4.0,Furniture Product 51,Home & Kitchen,Furniture,183.5,Customer 1123,South,Bengaluru,2024-10-06,2025,12,Dec
ORD001425,2025-11-06,CUST01058,PROD0001,4,0.1,441.04,1587.74,1154.24,433.5,UPI,Delivered,4.0,Kitchen Product 1,Home & Kitchen,Kitchen,394.25,Customer 1058,East,Ranchi,2023-06-15,2025,11,Nov
ORD001426,2025-07-28,CUST00582,PROD0027,2,0.1,433.25,779.85,453.25,326.6,Credit Card,Delivered,2.0,Decor Product 27,Home & Kitchen,Decor,431.04,Customer 582,South,Hyderabad,2023-05-03,2025,7,Jul
ORD001427,2025-12-23,CUST00171,PROD0067,1,0.05,198.43,188.51,134.49,54.02,COD,Delivered,1.0,Furniture Product 67,Home & Kitchen,Furniture,192.97,Customer 171,East,Ranchi,2023-07-04,2025,12,Dec
ORD001428,2025-03-30,CUST01390,PROD0012,1,0.1,328.8,295.92,197.48,98.44,UPI,Delivered,2.0,Audio Product 12,Electronics,Audio,304.0,Customer 1390,East,Bhubaneswar,2023-09-04,2025,3,Mar
ORD001429,2025-02-25,CUST00784,PROD0030,1,0.0,373.3,373.3,219.39,153.91,COD,Returned,2.0,Decor Product 30,Home & Kitchen,Decor,335.65,Customer 784,Central,Indore,2025-02-03,2025,2,Feb
ORD001430,2025-04-04,CUST01083,PROD0009,1,0.15,330.17,280.64,191.84,88.8,COD,Delivered,4.0,Furniture Product 9,Home & Kitchen,Furniture,301.64,Customer 1083,Central,Nagpur,2024-11-13,2025,4,Apr
ORD001431,2025-04-03,CUST00181,PROD0053,4,0.0,23.36,93.44,71.54,21.9,COD,Delivered,3.0,Self Help Product 53,Books,Self Help,22.79,Customer 181,East,Bhubaneswar,2023-01-22,2025,4,Apr
ORD001432,2025-12-06,CUST00019,PROD0061,1,0.15,89.84,76.36,53.52,22.84,Credit Card,Delivered,1.0,Outdoor Product 61,Sports,Outdoor,87.3,Customer 19,Central,Indore,2024-08-23,2025,12,Dec
ORD001433,2025-03-26,CUST01250,PROD0054,3,0.1,93.61,252.75,185.38,67.37,Credit Card,Cancelled,,Makeup Product 54,Beauty,Makeup,95.89,Customer 1250,Central,Kanpur,2025-06-25,2025,3,Mar
ORD001434,2025-09-02,CUST01497,PROD0037,2,0.1,196.39,353.5,259.31,94.19,Debit Card,Delivered,2.0,Sportswear Product 37,Sports,Sportswear,193.95,Customer 1497,East,Ranchi,2024-12-20,2025,9,Sep
ORD001435,2025-01-22,CUST01119,PROD0065,2,0.15,198.33,337.16,249.85,87.31,UPI,Delivered,8.0,Women Product 65,Fashion,Women,178.78,Customer 1119,North,Lucknow,2025-06-06,2025,1,Jan
ORD001436,2025-10-18,CUST00881,PROD0042,4,0.2,286.88,918.02,617.85,300.17,UPI,Delivered,3.0,Accessories Product 42,Electronics,Accessories,269.27,Customer 881,South,Chennai,2024-04-26,2025,10,Oct
ORD001437,2025-09-29,CUST01321,PROD0049,1,0.2,377.6,302.08,202.03,100.05,COD,Delivered,3.0,Decor Product 49,Home & Kitchen,Decor,409.38,Customer 1321,South,Kochi,2024-11-09,2025,9,Sep
ORD001438,2025-11-02,CUST00175,PROD0004,4,0.1,10.26,36.94,21.47,15.47,Debit Card,Delivered,4.0,Technology Product 4,Books,Technology,10.88,Customer 175,North,Lucknow,2023-02-16,2025,11,Nov
ORD001439,2025-05-02,CUST01246,PROD0064,2,0.0,548.65,1097.3,677.05,420.25,UPI,Returned,3.0,Decor Product 64,Home & Kitchen,Decor,496.62,Customer 1246,West,Pune,2023-10-23,2025,5,May
ORD001440,2025-05-08,CUST00054,PROD0079,1,0.2,262.48,209.98,169.7,40.28,UPI,Delivered,4.0,Appliances Product 79,Home & Kitchen,Appliances,240.86,Customer 54,North,Lucknow,2023-02-10,2025,5,May
ORD001441,2025-04-23,CUST00695,PROD0051,1,0.0,186.66,186.66,146.0,40.66,Debit Card,Delivered,6.0,Furniture Product 51,Home & Kitchen,Furniture,183.5,Customer 695,West,Pune,2024-09-15,2025,4,Apr
ORD001442,2025-09-30,CUST00863,PROD0091,4,0.15,40.1,136.34,88.08,48.26,Net Banking,Delivered,3.0,Technology Product 91,Books,Technology,38.43,Customer 863,South,Kochi,2024-07-25,2025,9,Sep
ORD001443,2025-12-02,CUST01427,PROD0072,2,0.1,15.66,28.19,19.06,9.13,Credit Card,Delivered,3.0,Technology Product 72,Books,Technology,16.01,Customer 1427,South,Chennai,2024-05-14,2025,12,Dec
ORD001444,2025-05-10,CUST01342,PROD0060,2,0.2,131.83,210.93,169.92,41.01,UPI,Returned,4.0,Outdoor Product 60,Sports,Outdoor,122.23,Customer 1342,West,Surat,2023-08-15,2025,5,May
ORD001445,2025-05-12,CUST00349,PROD0087,1,0.2,188.88,151.1,96.72,54.38,Debit Card,Delivered,4.0,Equipment Product 87,Sports,Equipment,181.5,Customer 349,South,Hyderabad,2023-01-19,2025,5,May
ORD001446,2025-03-26,CUST00443,PROD0079,1,0.0,255.06,255.06,180.53,74.53,UPI,Delivered,5.0,Appliances Product 79,Home & Kitchen,Appliances,240.86,Customer 443,North,Lucknow,2023-04-10,2025,3,Mar
ORD001447,2025-12-16,CUST00833,PROD0091,2,0.1,38.24,68.83,40.29,28.54,UPI,Delivered,3.0,Technology Product 91,Books,Technology,38.43,Customer 833,West,Surat,2023-07-04,2025,12,Dec
ORD001448,2025-03-22,CUST00580,PROD0031,1,0.0,255.18,255.18,185.96,69.22,Credit Card,Delivered,1.0,Furniture Product 31,Home & Kitchen,Furniture,253.64,Customer 580,West,Ahmedabad,2024-07-23,2025,3,Mar
ORD001449,2025-11-21,CUST00282,PROD0103,1,0.0,37.68,37.68,30.27,7.41,Credit Card,Delivered,4.0,Women Product 103,Fashion,Women,39.19,Customer 282,North,Jaipur,2025-06-20,2025,11,Nov
ORD001450,2025-03-10,CUST00360,PROD0111,2,0.05,71.67,136.17,107.89,28.28,Credit Card,Delivered,8.0,Fiction Product 111,Books,Fiction,64.59,Customer 360,Central,Nagpur,2024-11-24,2025,3,Mar
ORD001451,2025-05-28,CUST00915,PROD0072,3,0.0,17.76,53.28,37.32,15.96,Net Banking,Delivered,5.0,Technology Product 72,Books,Technology,16.01,Customer 915,West,Mumbai,2024-02-04,2025,5,May
ORD001452,2025-01-16,CUST00823,PROD0094,1,0.15,29.45,25.03,18.42,6.61,Credit Card,Delivered,5.0,Footwear Product 94,Fashion,Footwear,27.18,Customer 823,South,Kochi,2024-03-10,2025,1,Jan
ORD001453,2025-11-03,CUST00892,PROD0058,4,0.25,214.72,644.16,461.7,182.46,COD,Delivered,2.0,Footwear Product 58,Fashion,Footwear,193.95,Customer 892,South,Chennai,2024-01-03,2025,11,Nov
ORD001454,2025-04-15,CUST00953,PROD0119,1,0.1,543.97,489.57,291.82,197.75,Net Banking,Delivered,5.0,Smartphones Product 119,Electronics,Smartphones,516.56,Customer 953,West,Mumbai,2024-01-31,2025,4,Apr
ORD001455,2025-06-14,CUST00641,PROD0106,3,0.0,147.71,443.13,273.9,169.23,Debit Card,Returned,2.0,Women Product 106,Fashion,Women,152.76,Customer 641,North,Jaipur,2024-10-26,2025,6,Jun
ORD001456,2025-07-20,CUST01032,PROD0082,1,0.15,677.73,576.07,467.37,108.7,UPI,Delivered,3.0,Laptops Product 82,Electronics,Laptops,632.19,Customer 1032,West,Mumbai,2024-10-13,2025,7,Jul
ORD001457,2025-07-16,CUST00563,PROD0004,1,0.2,10.72,8.58,5.5,3.08,Net Banking,Delivered,3.0,Technology Product 4,Books,Technology,10.88,Customer 563,West,Pune,2024-05-23,2025,7,Jul
ORD001458,2025-07-04,CUST00491,PROD0111,2,0.15,65.11,110.69,74.41,36.28,COD,Delivered,6.0,Fiction Product 111,Books,Fiction,64.59,Customer 491,North,Delhi,2024-11-20,2025,7,Jul
ORD001459,2025-11-18,CUST00341,PROD0107,2,0.1,195.6,352.08,247.21,104.87,UPI,Cancelled,,Equipment Product 107,Sports,Equipment,200.64,Customer 341,East,Ranchi,2023-04-28,2025,11,Nov
ORD001460,2025-09-22,CUST00472,PROD0022,3,0.2,197.47,473.93,386.25,87.68,Credit Card,Delivered,5.0,Kitchen Product 22,Home & Kitchen,Kitchen,196.54,Customer 472,West,Ahmedabad,2023-05-17,2025,9,Sep
ORD001461,2025-12-29,CUST00249,PROD0003,2,0.0,595.59,1191.18,888.14,303.04,UPI,Cancelled,,Accessories Product 3,Electronics,Accessories,564.08,Customer 249,West,Mumbai,2024-07-14,2025,12,Dec
ORD001462,2025-04-10,CUST00235,PROD0079,2,0.2,226.92,363.07,265.44,97.63,UPI,Delivered,4.0,Appliances Product 79,Home & Kitchen,Appliances,240.86,Customer 235,East,Bhubaneswar,2024-02-22,2025,4,Apr
ORD001463,2025-12-08,CUST01107,PROD0099,2,0.2,181.5,290.4,204.98,85.42,Credit Card,Delivered,3.0,Fitness Product 99,Sports,Fitness,192.87,Customer 1107,West,Ahmedabad,2023-06-19,2025,12,Dec
ORD001464,2025-11-16,CUST01117,PROD0047,2,0.2,19.66,31.46,23.54,7.92,UPI,Delivered,7.0,Men Product 47,Fashion,Men,18.6,Customer 1117,South,Kochi,2024-11-24,2025,11,Nov
ORD001465,2025-08-02,CUST01418,PROD0038,1,0.05,778.27,739.36,546.66,192.7,UPI,Delivered,4.0,Laptops Product 38,Electronics,Laptops,723.36,Customer 1418,South,Kochi,2024-05-01,2025,8,Aug
ORD001466,2025-10-05,CUST00824,PROD0033,3,0.2,43.55,104.52,83.27,21.25,Credit Card,Delivered,3.0,Business Product 33,Books,Business,42.27,Customer 824,North,Jaipur,2024-01-19,2025,10,Oct
ORD001467,2025-06-11,CUST01292,PROD0078,1,0.1,103.94,93.55,66.42,27.13,Net Banking,Delivered,2.0,Fitness Product 78,Sports,Fitness,108.69,Customer 1292,East,Bhubaneswar,2023-08-26,2025,6,Jun
ORD001468,2025-06-06,CUST01441,PROD0048,2,0.1,110.25,198.45,135.18,63.27,Net Banking,Delivered,4.0,Fragrance Product 48,Beauty,Fragrance,109.58,Customer 1441,South,Chennai,2025-02-14,2025,6,Jun
ORD001469,2025-09-08,CUST00632,PROD0065,2,0.15,191.59,325.7,252.0,73.7,COD,Delivered,3.0,Women Product 65,Fashion,Women,178.78,Customer 632,Central,Nagpur,2023-03-10,2025,9,Sep
ORD001470,2025-04-07,CUST00529,PROD0117,1,0.0,288.35,288.35,222.59,65.76,Credit Card,Delivered,2.0,Furniture Product 117,Home & Kitchen,Furniture,272.76,Customer 529,West,Ahmedabad,2023-07-22,2025,4,Apr
ORD001471,2025-01-18,CUST01277,PROD0113,1,0.05,452.74,430.1,266.99,163.11,Credit Card,Delivered,4.0,Smartphones Product 113,Electronics,Smartphones,480.63,Customer 1277,Central,Kanpur,2024-04-15,2025,1,Jan
ORD001472,2025-11-23,CUST00122,PROD0026,4,0.15,251.56,855.3,544.68,310.62,Net Banking,Delivered,4.0,Men Product 26,Fashion,Men,225.85,Customer 122,South,Bengaluru,2024-04-15,2025,11,Nov
ORD001473,2025-04-07,CUST00892,PROD0008,2,0.15,446.16,758.47,614.42,144.05,Debit Card,Delivered,2.0,Decor Product 8,Home & Kitchen,Decor,462.5,Customer 892,South,Chennai,2024-01-03,2025,4,Apr
ORD001474,2025-01-01,CUST00010,PROD0050,3,0.15,91.59,233.55,160.35,73.2,UPI,Delivered,4.0,Smartphones Product 50,Electronics,Smartphones,95.0,Customer 10,North,Chandigarh,2023-09-22,2025,1,Jan
ORD001475,2025-08-04,CUST01340,PROD0080,1,0.0,39.76,39.76,28.02,11.74,Credit Card,Delivered,4.0,Skincare Product 80,Beauty,Skincare,39.29,Customer 1340,North,Delhi,2023-11-23,2025,8,Aug
ORD001476,2025-05-12,CUST00838,PROD0038,1,0.15,712.83,605.91,396.53,209.38,COD,Delivered,7.0,Laptops Product 38,Electronics,Laptops,723.36,Customer 838,Central,Indore,2023-04-26,2025,5,May
ORD001477,2025-09-17,CUST01297,PROD0010,2,0.0,992.45,1984.9,1380.41,604.49,UPI,Delivered,5.0,Smartphones Product 10,Electronics,Smartphones,888.66,Customer 1297,Central,Kanpur,2023-12-09,2025,9,Sep
ORD001478,2025-05-05,CUST01330,PROD0042,2,0.15,251.85,428.14,324.7,103.44,UPI,Delivered,3.0,Accessories Product 42,Electronics,Accessories,269.27,Customer 1330,South,Chennai,2023-03-23,2025,5,May
ORD001479,2025-03-23,CUST01234,PROD0037,1,0.0,190.32,190.32,132.42,57.9,Credit Card,Cancelled,,Sportswear Product 37,Sports,Sportswear,193.95,Customer 1234,North,Chandigarh,2023-12-24,2025,3,Mar
ORD001480,2025-10-10,CUST00753,PROD0026,1,0.15,225.07,191.31,125.41,65.9,COD,Delivered,3.0,Men Product 26,Fashion,Men,225.85,Customer 753,North,Lucknow,2023-04-03,2025,10,Oct
ORD001481,2025-06-20,CUST00886,PROD0092,2,0.1,58.68,105.62,63.69,41.93,UPI,Returned,2.0,Haircare Product 92,Beauty,Haircare,57.6,Customer 886,North,Jaipur,2024-02-13,2025,6,Jun
ORD001482,2025-02-28,CUST00464,PROD0012,1,0.25,280.68,210.51,168.99,41.52,Debit Card,Delivered,3.0,Audio Product 12,Electronics,Audio,304.0,Customer 464,West,Ahmedabad,2023-01-25,2025,2,Feb
ORD001483,2025-02-01,CUST00712,PROD0084,3,0.1,22.15,59.8,47.19,12.61,UPI,Delivered,5.0,Fiction Product 84,Books,Fiction,23.65,Customer 712,South,Hyderabad,2024-09-29,2025,2,Feb
ORD001484,2025-06-10,CUST00728,PROD0049,2,0.1,397.74,715.93,551.21,164.72,Credit Card,Delivered,7.0,Decor Product 49,Home & Kitchen,Decor,409.38,Customer 728,South,Chennai,2025-01-27,2025,6,Jun
ORD001485,2025-10-11,CUST00717,PROD0014,1,0.05,132.28,125.67,93.82,31.85,Credit Card,Delivered,8.0,Accessories Product 14,Electronics,Accessories,128.33,Customer 717,East,Ranchi,2024-10-11,2025,10,Oct
ORD001486,2025-04-16,CUST01440,PROD0046,2,0.15,128.43,218.33,153.64,64.69,UPI,Delivered,4.0,Accessories Product 46,Electronics,Accessories,119.63,Customer 1440,East,Bhubaneswar,2023-11-24,2025,4,Apr
ORD001487,2025-04-15,CUST01240,PROD0035,2,0.1,33.36,60.05,47.76,12.29,COD,Delivered,3.0,Footwear Product 35,Fashion,Footwear,31.55,Customer 1240,Central,Nagpur,2023-03-25,2025,4,Apr
ORD001488,2025-08-16,CUST00080,PROD0029,1,0.0,58.22,58.22,44.83,13.39,Net Banking,Returned,2.0,Women Product 29,Fashion,Women,56.34,Customer 80,West,Pune,2023-06-03,2025,8,Aug
ORD001489,2025-07-07,CUST00480,PROD0012,1,0.1,303.83,273.45,212.15,61.3,UPI,Returned,2.0,Audio Product 12,Electronics,Audio,304.0,Customer 480,South,Kochi,2023-02-15,2025,7,Jul
ORD001490,2025-03-11,CUST00902,PROD0116,2,0.15,56.33,95.76,62.66,33.1,UPI,Delivered,4.0,Men Product 116,Fashion,Men,51.48,Customer 902,Central,Indore,2023-07-30,2025,3,Mar
ORD001491,2025-11-14,CUST00891,PROD0082,3,0.0,639.75,1919.25,1308.22,611.03,UPI,Delivered,4.0,Laptops Product 82,Electronics,Laptops,632.19,Customer 891,East,Ranchi,2025-05-18,2025,11,Nov
ORD001492,2025-10-17,CUST00018,PROD0044,4,0.0,22.89,91.56,68.64,22.92,Net Banking,Delivered,3.0,Business Product 44,Books,Business,23.36,Customer 18,West,Surat,2024-11-02,2025,10,Oct
ORD001493,2025-03-28,CUST01189,PROD0066,2,0.1,38.44,69.19,46.29,22.9,UPI,Delivered,4.0,Self Help Product 66,Books,Self Help,36.75,Customer 1189,North,Jaipur,2024-06-02,2025,3,Mar
ORD001494,2025-12-28,CUST00202,PROD0002,1,0.15,31.63,26.89,18.78,8.11,UPI,Delivered,4.0,Decor Product 2,Home & Kitchen,Decor,29.88,Customer 202,Central,Kanpur,2025-04-15,2025,12,Dec
ORD001495,2025-02-25,CUST00741,PROD0059,1,0.0,97.24,97.24,71.49,25.75,Credit Card,Delivered,7.0,Haircare Product 59,Beauty,Haircare,97.27,Customer 741,South,Bengaluru,2023-10-16,2025,2,Feb
ORD001496,2025-04-23,CUST01370,PROD0017,1,0.2,14.02,11.22,7.69,3.53,UPI,Delivered,2.0,Equipment Product 17,Sports,Equipment,15.15,Customer 1370,Central,Indore,2024-11-02,2025,4,Apr
ORD001497,2025-01-13,CUST01390,PROD0010,1,0.2,834.3,667.44,514.15,153.29,UPI,Delivered,4.0,Smartphones Product 10,Electronics,Smartphones,888.66,Customer 1390,East,Bhubaneswar,2023-09-04,2025,1,Jan
ORD001498,2025-01-18,CUST01472,PROD0018,1,0.0,240.0,240.0,145.9,94.1,Credit Card,Delivered,3.0,Furniture Product 18,Home & Kitchen,Furniture,220.36,Customer 1472,South,Kochi,2024-07-20,2025,1,Jan
ORD001499,2025-07-01,CUST00319,PROD0022,3,0.05,183.04,521.66,392.46,129.2,UPI,Cancelled,,Kitchen Product 22,Home & Kitchen,Kitchen,196.54,Customer 319,Central,Indore,2024-08-17,2025,7,Jul
ORD001500,2025-04-23,CUST00217,PROD0083,2,0.15,42.85,72.84,44.79,28.05,Net Banking,Delivered,3.0,Business Product 83,Books,Business,41.27,Customer 217,West,Mumbai,2024-05-03,2025,4,Apr
ORD001501,2025-08-17,CUST01058,PROD0058,2,0.25,185.56,278.34,224.09,54.25,COD,Delivered,3.0,Footwear Product 58,Fashion,Footwear,193.95,Customer 1058,East,Ranchi,2023-06-15,2025,8,Aug
ORD001502,2025-06-20,CUST00266,PROD0053,1,0.15,22.01,18.71,12.26,6.45,Credit Card,Delivered,4.0,Self Help Product 53,Books,Self Help,22.79,Customer 266,North,Delhi,2025-04-30,2025,6,Jun
ORD001503,2025-10-22,CUST00724,PROD0001,2,0.05,384.26,730.09,562.83,167.26,Credit Card,Delivered,4.0,Kitchen Product 1,Home & Kitchen,Kitchen,394.25,Customer 724,Central,Kanpur,2023-07-25,2025,10,Oct
ORD001504,2025-07-08,CUST00775,PROD0088,2,0.0,75.78,151.56,106.87,44.69,Debit Card,Delivered,6.0,Accessories Product 88,Fashion,Accessories,81.69,Customer 775,Central,Indore,2023-04-13,2025,7,Jul
ORD001505,2025-03-20,CUST01104,PROD0061,2,0.1,83.41,150.14,90.36,59.78,Debit Card,Delivered,5.0,Outdoor Product 61,Sports,Outdoor,87.3,Customer 1104,North,Lucknow,2025-06-18,2025,3,Mar
ORD001506,2025-05-26,CUST00413,PROD0100,3,0.1,110.48,298.3,214.72,83.58,UPI,Delivered,3.0,Men Product 100,Fashion,Men,105.21,Customer 413,Central,Indore,2024-03-14,2025,5,May
ORD001507,2025-07-01,CUST01276,PROD0089,3,0.05,477.41,1360.62,1087.03,273.59,UPI,Delivered,6.0,Kitchen Product 89,Home & Kitchen,Kitchen,468.17,Customer 1276,North,Chandigarh,2024-01-11,2025,7,Jul
ORD001508,2025-10-13,CUST01036,PROD0100,1,0.1,113.57,102.21,63.14,39.07,Net Banking,Delivered,6.0,Men Product 100,Fashion,Men,105.21,Customer 1036,West,Pune,2024-04-24,2025,10,Oct
ORD001509,2025-09-07,CUST00401,PROD0031,3,0.0,236.46,709.38,466.14,243.24,UPI,Delivered,4.0,Furniture Product 31,Home & Kitchen,Furniture,253.64,Customer 401,East,Bhubaneswar,2025-02-16,2025,9,Sep
ORD001510,2025-12-20,CUST00724,PROD0031,1,0.1,278.44,250.6,171.76,78.84,Credit Card,Delivered,1.0,Furniture Product 31,Home & Kitchen,Furniture,253.64,Customer 724,Central,Kanpur,2023-07-25,2025,12,Dec
ORD001511,2025-11-10,CUST00282,PROD0066,2,0.0,41.13,82.26,53.14,29.12,Credit Card,Delivered,2.0,Self Help Product 66,Books,Self Help,36.75,Customer 282,North,Jaipur,2025-06-20,2025,11,Nov
ORD001512,2025-07-15,CUST01136,PROD0019,3,0.0,197.41,592.23,477.64,114.59,UPI,Delivered,5.0,Decor Product 19,Home & Kitchen,Decor,213.84,Customer 1136,North,Chandigarh,2023-07-12,2025,7,Jul
ORD001513,2025-11-19,CUST00723,PROD0053,1,0.2,25.38,20.3,13.61,6.69,Debit Card,Delivered,3.0,Self Help Product 53,Books,Self Help,22.79,Customer 723,Central,Kanpur,2023-01-11,2025,11,Nov
ORD001514,2025-03-12,CUST01402,PROD0076,2,0.0,103.66,207.32,152.99,54.33,Net Banking,Delivered,2.0,Women Product 76,Fashion,Women,107.18,Customer 1402,Central,Nagpur,2023-03-17,2025,3,Mar
ORD001515,2025-09-05,CUST00751,PROD0074,1,0.1,227.85,205.06,129.95,75.11,UPI,Delivered,3.0,Women Product 74,Fashion,Women,215.26,Customer 751,East,Kolkata,2025-01-27,2025,9,Sep
ORD001516,2025-05-26,CUST00268,PROD0095,2,0.0,36.54,73.08,46.24,26.84,Net Banking,Delivered,2.0,Business Product 95,Books,Business,37.34,Customer 268,West,Surat,2025-06-02,2025,5,May
ORD001517,2025-04-16,CUST00298,PROD0109,3,0.05,46.8,133.38,82.99,50.39,UPI,Delivered,6.0,Fiction Product 109,Books,Fiction,45.69,Customer 298,South,Hyderabad,2025-06-09,2025,4,Apr
ORD001518,2025-09-20,CUST01341,PROD0022,1,0.05,200.88,190.84,130.6,60.24,Net Banking,Delivered,6.0,Kitchen Product 22,Home & Kitchen,Kitchen,196.54,Customer 1341,East,Ranchi,2025-01-30,2025,9,Sep
ORD001519,2025-10-23,CUST00570,PROD0023,1,0.0,77.17,77.17,54.63,22.54,Debit Card,Delivered,3.0,Equipment Product 23,Sports,Equipment,77.77,Customer 570,West,Mumbai,2025-05-14,2025,10,Oct
ORD001520,2025-03-11,CUST00509,PROD0116,1,0.0,54.75,54.75,31.9,22.85,Credit Card,Delivered,2.0,Men Product 116,Fashion,Men,51.48,Customer 509,South,Kochi,2023-02-10,2025,3,Mar
ORD001521,2025-07-12,CUST00546,PROD0087,4,0.2,188.75,604.0,471.06,132.94,UPI,Delivered,3.0,Equipment Product 87,Sports,Equipment,181.5,Customer 546,Central,Bhopal,2024-03-18,2025,7,Jul
ORD001522,2025-03-09,CUST00775,PROD0015,1,0.0,120.01,120.01,84.37,35.64,UPI,Delivered,2.0,Kitchen Product 15,Home & Kitchen,Kitchen,117.47,Customer 775,Central,Indore,2023-04-13,2025,3,Mar
ORD001523,2025-11-01,CUST00365,PROD0026,2,0.0,252.18,504.36,311.56,192.8,COD,Delivered,3.0,Men Product 26,Fashion,Men,225.85,Customer 365,South,Hyderabad,2023-08-03,2025,11,Nov
ORD001524,2025-02-21,CUST00547,PROD0003,4,0.15,625.0,2125.0,1266.82,858.18,Credit Card,Delivered,5.0,Accessories Product 3,Electronics,Accessories,564.08,Customer 547,East,Kolkata,2023-11-15,2025,2,Feb
ORD001525,2025-12-29,CUST00271,PROD0087,4,0.05,201.66,766.31,456.08,310.23,Credit Card,Delivered,3.0,Equipment Product 87,Sports,Equipment,181.5,Customer 271,Central,Bhopal,2023-03-19,2025,12,Dec
ORD001526,2025-10-12,CUST01498,PROD0020,2,0.15,104.65,177.9,114.18,63.72,COD,Delivered,4.0,Skincare Product 20,Beauty,Skincare,95.46,Customer 1498,Central,Indore,2023-09-22,2025,10,Oct
ORD001527,2025-11-30,CUST00739,PROD0109,4,0.0,44.37,177.48,124.21,53.27,Credit Card,Delivered,2.0,Fiction Product 109,Books,Fiction,45.69,Customer 739,East,Bhubaneswar,2023-05-17,2025,11,Nov
ORD001528,2025-01-09,CUST00537,PROD0040,2,0.0,267.97,535.94,421.49,114.45,Credit Card,Delivered,3.0,Appliances Product 40,Home & Kitchen,Appliances,270.68,Customer 537,North,Jaipur,2024-08-28,2025,1,Jan
ORD001529,2025-09-08,CUST01258,PROD0039,4,0.1,163.4,588.24,468.66,119.58,Net Banking,Delivered,1.0,Smartphones Product 39,Electronics,Smartphones,169.11,Customer 1258,South,Chennai,2024-10-11,2025,9,Sep
ORD001530,2025-11-28,CUST00059,PROD0120,1,0.25,14.86,11.14,8.69,2.45,COD,Delivered,4.0,Self Help Product 120,Books,Self Help,13.3,Customer 59,South,Hyderabad,2024-02-05,2025,11,Nov
ORD001531,2025-10-25,CUST01275,PROD0072,1,0.0,15.22,15.22,10.03,5.19,UPI,Delivered,3.0,Technology Product 72,Books,Technology,16.01,Customer 1275,South,Bengaluru,2025-06-13,2025,10,Oct
ORD001532,2025-07-03,CUST00086,PROD0018,1,0.05,218.88,207.94,135.9,72.04,Credit Card,Delivered,6.0,Furniture Product 18,Home & Kitchen,Furniture,220.36,Customer 86,East,Bhubaneswar,2025-03-01,2025,7,Jul
ORD001533,2025-06-28,CUST00763,PROD0041,4,0.0,375.11,1500.44,1225.84,274.6,COD,Delivered,3.0,Accessories Product 41,Electronics,Accessories,390.82,Customer 763,North,Delhi,2025-05-05,2025,6,Jun
ORD001534,2025-07-17,CUST00390,PROD0070,2,0.0,100.82,201.64,149.92,51.72,UPI,Delivered,4.0,Footwear Product 70,Fashion,Footwear,104.51,Customer 390,South,Chennai,2023-11-14,2025,7,Jul
ORD001535,2025-05-08,CUST01204,PROD0027,2,0.2,417.86,668.58,436.71,231.87,UPI,Delivered,7.0,Decor Product 27,Home & Kitchen,Decor,431.04,Customer 1204,East,Ranchi,2025-01-20,2025,5,May
ORD001536,2025-01-20,CUST00719,PROD0100,2,0.0,110.25,220.5,145.3,75.2,Credit Card,Delivered,4.0,Men Product 100,Fashion,Men,105.21,Customer 719,West,Pune,2024-11-04,2025,1,Jan
ORD001537,2025-11-24,CUST00856,PROD0015,3,0.2,109.86,263.66,180.43,83.23,UPI,Delivered,3.0,Kitchen Product 15,Home & Kitchen,Kitchen,117.47,Customer 856,West,Surat,2023-07-25,2025,11,Nov
ORD001538,2025-03-06,CUST00149,PROD0037,1,0.0,200.64,200.64,146.31,54.33,Credit Card,Delivered,2.0,Sportswear Product 37,Sports,Sportswear,193.95,Customer 149,North,Chandigarh,2024-05-29,2025,3,Mar
ORD001539,2025-07-01,CUST00583,PROD0058,3,0.2,210.21,504.5,401.34,103.16,Debit Card,Delivered,5.0,Footwear Product 58,Fashion,Footwear,193.95,Customer 583,North,Chandigarh,2023-07-07,2025,7,Jul
ORD001540,2025-08-29,CUST00121,PROD0005,1,0.1,253.75,228.38,143.33,85.05,UPI,Delivered,4.0,Men Product 5,Fashion,Men,236.42,Customer 121,East,Ranchi,2024-03-08,2025,8,Aug
ORD001541,2025-01-24,CUST00765,PROD0103,3,0.2,37.24,89.38,53.65,35.73,Net Banking,Returned,2.0,Women Product 103,Fashion,Women,39.19,Customer 765,North,Lucknow,2023-01-17,2025,1,Jan
ORD001542,2025-03-24,CUST00605,PROD0073,3,0.0,10.35,31.05,21.03,10.02,UPI,Delivered,2.0,Business Product 73,Books,Business,9.38,Customer 605,East,Patna,2023-05-15,2025,3,Mar
ORD001543,2025-11-15,CUST00256,PROD0007,1,0.15,16.45,13.98,8.93,5.05,Credit Card,Delivered,4.0,Haircare Product 7,Beauty,Haircare,15.32,Customer 256,South,Hyderabad,2023-03-06,2025,11,Nov
ORD001544,2025-07-04,CUST00766,PROD0041,1,0.1,359.97,323.97,232.69,91.28,UPI,Delivered,1.0,Accessories Product 41,Electronics,Accessories,390.82,Customer 766,East,Ranchi,2023-03-12,2025,7,Jul
ORD001545,2025-11-12,CUST00864,PROD0084,1,0.1,25.25,22.72,16.99,5.73,Net Banking,Delivered,4.0,Fiction Product 84,Books,Fiction,23.65,Customer 864,East,Patna,2025-06-02,2025,11,Nov
ORD001546,2025-04-09,CUST00800,PROD0010,2,0.15,948.63,1612.67,1055.62,557.05,UPI,Delivered,2.0,Smartphones Product 10,Electronics,Smartphones,888.66,Customer 800,West,Surat,2023-04-03,2025,4,Apr
ORD001547,2025-03-03,CUST01333,PROD0062,3,0.1,170.8,461.16,343.34,117.82,UPI,Delivered,3.0,Accessories Product 62,Fashion,Accessories,167.56,Customer 1333,East,Kolkata,2023-07-20,2025,3,Mar
ORD001548,2025-10-13,CUST00059,PROD0026,3,0.2,209.86,503.66,333.6,170.06,COD,Delivered,2.0,Men Product 26,Fashion,Men,225.85,Customer 59,South,Hyderabad,2024-02-05,2025,10,Oct
ORD001549,2025-01-22,CUST01022,PROD0068,3,0.05,101.59,289.53,212.05,77.48,COD,Delivered,3.0,Kitchen Product 68,Home & Kitchen,Kitchen,98.06,Customer 1022,North,Chandigarh,2023-09-15,2025,1,Jan
ORD001550,2025-07-31,CUST01093,PROD0102,3,0.1,56.06,151.36,110.79,40.57,UPI,Delivered,2.0,Makeup Product 102,Beauty,Makeup,52.24,Customer 1093,Central,Nagpur,2024-09-13,2025,7,Jul
ORD001551,2025-05-06,CUST01470,PROD0024,3,0.2,274.69,659.26,426.38,232.88,UPI,Delivered,4.0,Equipment Product 24,Sports,Equipment,281.97,Customer 1470,South,Hyderabad,2024-10-22,2025,5,May
ORD001552,2025-02-11,CUST00388,PROD0078,2,0.0,114.5,229.0,167.76,61.24,Debit Card,Delivered,6.0,Fitness Product 78,Sports,Fitness,108.69,Customer 388,South,Bengaluru,2023-11-21,2025,2,Feb
ORD001553,2025-04-08,CUST01110,PROD0041,1,0.1,387.22,348.5,233.99,114.51,Debit Card,Delivered,5.0,Accessories Product 41,Electronics,Accessories,390.82,Customer 1110,West,Ahmedabad,2023-01-14,2025,4,Apr
ORD001554,2025-01-31,CUST00786,PROD0065,3,0.25,185.0,416.25,275.04,141.21,COD,Delivered,2.0,Women Product 65,Fashion,Women,178.78,Customer 786,Central,Nagpur,2023-07-26,2025,1,Jan
ORD001555,2025-06-07,CUST01251,PROD0017,2,0.1,15.1,27.18,17.65,9.53,UPI,Delivered,3.0,Equipment Product 17,Sports,Equipment,15.15,Customer 1251,North,Jaipur,2023-04-20,2025,6,Jun
ORD001556,2025-04-22,CUST00593,PROD0109,1,0.05,44.81,42.57,28.22,14.35,UPI,Delivered,3.0,Fiction Product 109,Books,Fiction,45.69,Customer 593,West,Mumbai,2024-06-13,2025,4,Apr
ORD001557,2025-09-04,CUST01208,PROD0024,3,0.05,307.68,876.89,674.17,202.72,Credit Card,Delivered,7.0,Equipment Product 24,Sports,Equipment,281.97,Customer 1208,North,Jaipur,2023-09-21,2025,9,Sep
ORD001558,2025-05-02,CUST01346,PROD0027,1,0.2,461.54,369.23,235.88,133.35,Credit Card,Delivered,5.0,Decor Product 27,Home & Kitchen,Decor,431.04,Customer 1346,West,Surat,2024-03-14,2025,5,May
ORD001559,2025-09-30,CUST00909,PROD0007,2,0.25,15.15,22.72,16.9,5.82,Debit Card,Delivered,2.0,Haircare Product 7,Beauty,Haircare,15.32,Customer 909,North,Jaipur,2023-09-22,2025,9,Sep
ORD001560,2025-10-21,CUST01342,PROD0073,1,0.25,9.44,7.08,5.64,1.44,Net Banking,Delivered,2.0,Business Product 73,Books,Business,9.38,Customer 1342,West,Surat,2023-08-15,2025,10,Oct
ORD001561,2025-07-26,CUST00566,PROD0107,1,0.1,212.35,191.12,126.92,64.2,Credit Card,Delivered,4.0,Equipment Product 107,Sports,Equipment,200.64,Customer 566,East,Bhubaneswar,2025-05-06,2025,7,Jul
ORD001562,2025-04-20,CUST00399,PROD0099,1,0.1,208.73,187.86,110.29,77.57,UPI,Delivered,2.0,Fitness Product 99,Sports,Fitness,192.87,Customer 399,West,Surat,2024-08-05,2025,4,Apr
ORD001563,2025-10-05,CUST00899,PROD0012,3,0.0,321.29,963.87,564.74,399.13,Credit Card,Delivered,7.0,Audio Product 12,Electronics,Audio,304.0,Customer 899,West,Pune,2024-12-21,2025,10,Oct
ORD001564,2025-02-25,CUST01317,PROD0085,3,0.0,161.87,485.61,297.91,187.7,UPI,Delivered,8.0,Makeup Product 85,Beauty,Makeup,157.43,Customer 1317,South,Kochi,2023-04-16,2025,2,Feb
ORD001565,2025-02-26,CUST00293,PROD0003,1,0.0,626.62,626.62,379.99,246.63,Credit Card,Delivered,5.0,Accessories Product 3,Electronics,Accessories,564.08,Customer 293,North,Delhi,2025-04-11,2025,2,Feb
ORD001566,2025-10-18,CUST00485,PROD0079,1,0.0,258.88,258.88,196.63,62.25,COD,Delivered,1.0,Appliances Product 79,Home & Kitchen,Appliances,240.86,Customer 485,North,Delhi,2023-06-15,2025,10,Oct
ORD001567,2025-04-24,CUST01471,PROD0085,2,0.2,148.48,237.57,154.6,82.97,Credit Card,Delivered,3.0,Makeup Product 85,Beauty,Makeup,157.43,Customer 1471,North,Chandigarh,2024-09-15,2025,4,Apr
ORD001568,2025-11-04,CUST00803,PROD0010,4,0.15,916.77,3117.02,2296.0,821.02,UPI,Cancelled,,Smartphones Product 10,Electronics,Smartphones,888.66,Customer 803,West,Surat,2023-12-02,2025,11,Nov
ORD001569,2025-12-07,CUST01436,PROD0033,1,0.1,42.35,38.12,22.5,15.62,Credit Card,Delivered,5.0,Business Product 33,Books,Business,42.27,Customer 1436,South,Hyderabad,2024-12-31,2025,12,Dec
ORD001570,2025-07-17,CUST00890,PROD0046,1,0.25,129.08,96.81,63.02,33.79,UPI,Delivered,3.0,Accessories Product 46,Electronics,Accessories,119.63,Customer 890,South,Kochi,2023-11-10,2025,7,Jul
ORD001571,2025-11-17,CUST00244,PROD0059,4,0.25,90.36,271.08,172.46,98.62,UPI,Delivered,3.0,Haircare Product 59,Beauty,Haircare,97.27,Customer 244,South,Chennai,2023-11-04,2025,11,Nov
ORD001572,2025-06-28,CUST01444,PROD0052,1,0.1,58.14,52.33,33.83,18.5,Debit Card,Delivered,2.0,Self Help Product 52,Books,Self Help,58.02,Customer 1444,East,Patna,2023-04-21,2025,6,Jun
ORD001573,2025-08-07,CUST00960,PROD0006,1,0.1,77.3,69.57,43.53,26.04,Credit Card,Delivered,3.0,Decor Product 6,Home & Kitchen,Decor,78.58,Customer 960,North,Chandigarh,2024-01-04,2025,8,Aug
ORD001574,2025-10-04,CUST01178,PROD0002,1,0.0,28.33,28.33,20.63,7.7,Credit Card,Delivered,7.0,Decor Product 2,Home & Kitchen,Decor,29.88,Customer 1178,South,Hyderabad,2023-01-08,2025,10,Oct
ORD001575,2025-01-16,CUST00816,PROD0029,1,0.1,56.1,50.49,37.31,13.18,Credit Card,Delivered,7.0,Women Product 29,Fashion,Women,56.34,Customer 816,South,Kochi,2025-06-17,2025,1,Jan
ORD001576,2025-03-02,CUST01448,PROD0119,1,0.0,544.74,544.74,335.36,209.38,UPI,Delivered,5.0,Smartphones Product 119,Electronics,Smartphones,516.56,Customer 1448,West,Pune,2024-05-11,2025,3,Mar
ORD001577,2025-02-23,CUST00273,PROD0040,4,0.05,268.61,1020.72,773.58,247.14,UPI,Delivered,6.0,Appliances Product 40,Home & Kitchen,Appliances,270.68,Customer 273,South,Bengaluru,2025-03-11,2025,2,Feb
ORD001578,2025-06-17,CUST00520,PROD0097,2,0.2,61.47,98.35,62.95,35.4,UPI,Delivered,2.0,Self Help Product 97,Books,Self Help,59.33,Customer 520,East,Patna,2024-03-11,2025,6,Jun
ORD001579,2025-01-26,CUST01152,PROD0061,1,0.05,90.67,86.14,55.81,30.33,Net Banking,Delivered,4.0,Outdoor Product 61,Sports,Outdoor,87.3,Customer 1152,West,Mumbai,2023-02-12,2025,1,Jan
ORD001580,2025-12-02,CUST01397,PROD0068,4,0.0,101.73,406.92,316.96,89.96,Net Banking,Delivered,3.0,Kitchen Product 68,Home & Kitchen,Kitchen,98.06,Customer 1397,West,Ahmedabad,2024-09-02,2025,12,Dec
ORD001581,2025-03-06,CUST00568,PROD0068,1,0.1,100.6,90.54,72.1,18.44,COD,Delivered,3.0,Kitchen Product 68,Home & Kitchen,Kitchen,98.06,Customer 568,Central,Indore,2024-01-04,2025,3,Mar
ORD001582,2025-04-10,CUST00638,PROD0029,1,0.1,53.15,47.84,37.22,10.62,Debit Card,Delivered,3.0,Women Product 29,Fashion,Women,56.34,Customer 638,South,Bengaluru,2023-11-08,2025,4,Apr
ORD001583,2025-03-15,CUST00159,PROD0101,4,0.0,311.17,1244.68,766.05,478.63,Credit Card,Delivered,6.0,Laptops Product 101,Electronics,Laptops,322.89,Customer 159,North,Lucknow,2023-06-18,2025,3,Mar
ORD001584,2025-07-11,CUST00652,PROD0062,1,0.0,180.97,180.97,148.36,32.61,UPI,Cancelled,,Accessories Product 62,Fashion,Accessories,167.56,Customer 652,Central,Bhopal,2024-06-27,2025,7,Jul
ORD001585,2025-06-20,CUST00176,PROD0060,1,0.25,124.73,93.55,69.35,24.2,UPI,Delivered,4.0,Outdoor Product 60,Sports,Outdoor,122.23,Customer 176,East,Patna,2025-06-04,2025,6,Jun
ORD001586,2025-09-30,CUST00620,PROD0084,1,0.0,25.1,25.1,17.63,7.47,Credit Card,Delivered,4.0,Fiction Product 84,Books,Fiction,23.65,Customer 620,North,Chandigarh,2023-12-07,2025,9,Sep
ORD001587,2025-07-06,CUST00211,PROD0041,4,0.15,404.1,1373.94,1111.74,262.2,Credit Card,Delivered,2.0,Accessories Product 41,Electronics,Accessories,390.82,Customer 211,West,Mumbai,2025-04-12,2025,7,Jul
ORD001588,2025-01-23,CUST00447,PROD0087,1,0.1,168.38,151.54,117.62,33.92,Debit Card,Delivered,1.0,Equipment Product 87,Sports,Equipment,181.5,Customer 447,West,Surat,2024-02-17,2025,1,Jan
ORD001589,2025-06-30,CUST00586,PROD0109,1,0.05,49.31,46.84,34.94,11.9,Credit Card,Delivered,5.0,Fiction Product 109,Books,Fiction,45.69,Customer 586,West,Surat,2024-02-24,2025,6,Jun
ORD001590,2025-11-23,CUST00167,PROD0082,4,0.05,589.75,2241.05,1750.74,490.31,COD,Delivered,3.0,Laptops Product 82,Electronics,Laptops,632.19,Customer 167,East,Ranchi,2024-06-20,2025,11,Nov
ORD001591,2025-04-18,CUST00460,PROD0113,2,0.15,532.84,905.83,609.18,296.65,Credit Card,Delivered,5.0,Smartphones Product 113,Electronics,Smartphones,480.63,Customer 460,Central,Nagpur,2025-02-28,2025,4,Apr
ORD001592,2025-12-01,CUST00916,PROD0089,2,0.2,450.88,721.41,536.92,184.49,UPI,Delivered,3.0,Kitchen Product 89,Home & Kitchen,Kitchen,468.17,Customer 916,South,Bengaluru,2024-12-27,2025,12,Dec
ORD001593,2025-06-11,CUST01381,PROD0065,1,0.05,182.8,173.66,108.67,64.99,Net Banking,Delivered,6.0,Women Product 65,Fashion,Women,178.78,Customer 1381,West,Pune,2024-10-04,2025,6,Jun
ORD001594,2025-10-29,CUST01328,PROD0118,1,0.0,122.11,122.11,99.78,22.33,Credit Card,Delivered,5.0,Kitchen Product 118,Home & Kitchen,Kitchen,130.92,Customer 1328,Central,Nagpur,2023-08-06,2025,10,Oct
ORD001595,2025-07-25,CUST01257,PROD0064,1,0.0,545.78,545.78,393.7,152.08,Net Banking,Delivered,3.0,Decor Product 64,Home & Kitchen,Decor,496.62,Customer 1257,Central,Kanpur,2023-03-01,2025,7,Jul
ORD001596,2025-03-19,CUST01351,PROD0079,1,0.15,268.8,228.48,177.17,51.31,UPI,Delivered,3.0,Appliances Product 79,Home & Kitchen,Appliances,240.86,Customer 1351,West,Ahmedabad,2023-08-12,2025,3,Mar
ORD001597,2025-01-16,CUST01206,PROD0063,1,0.05,259.74,246.75,167.24,79.51,Debit Card,Delivered,3.0,Kitchen Product 63,Home & Kitchen,Kitchen,273.62,Customer 1206,North,Delhi,2024-09-22,2025,1,Jan
ORD001598,2025-11-23,CUST01358,PROD0098,1,0.0,120.51,120.51,91.84,28.67,UPI,Returned,1.0,Fragrance Product 98,Beauty,Fragrance,123.08,Customer 1358,North,Lucknow,2024-01-25,2025,11,Nov
ORD001599,2025-04-06,CUST01053,PROD0048,1,0.05,101.16,96.1,64.67,31.43,UPI,Cancelled,,Fragrance Product 48,Beauty,Fragrance,109.58,Customer 1053,South,Bengaluru,2024-05-22,2025,4,Apr
ORD001600,2025-05-27,CUST00714,PROD0020,1,0.1,102.85,92.56,66.79,25.77,Debit Card,Delivered,3.0,Skincare Product 20,Beauty,Skincare,95.46,Customer 714,South,Kochi,2024-02-20,2025,5,May
ORD001601,2025-01-02,CUST01117,PROD0118,1,0.2,128.6,102.88,78.88,24.0,UPI,Delivered,6.0,Kitchen Product 118,Home & Kitchen,Kitchen,130.92,Customer 1117,South,Kochi,2024-11-24,2025,1,Jan
ORD001602,2025-01-10,CUST00841,PROD0037,1,0.1,201.28,181.15,110.13,71.02,UPI,Delivered,6.0,Sportswear Product 37,Sports,Sportswear,193.95,Customer 841,Central,Indore,2024-11-15,2025,1,Jan
ORD001603,2025-05-05,CUST00868,PROD0064,1,0.0,460.79,460.79,306.72,154.07,Net Banking,Delivered,4.0,Decor Product 64,Home & Kitchen,Decor,496.62,Customer 868,South,Hyderabad,2024-09-10,2025,5,May
ORD001604,2025-03-22,CUST00688,PROD0091,2,0.0,40.85,81.7,58.07,23.63,COD,Delivered,2.0,Technology Product 91,Books,Technology,38.43,Customer 688,North,Lucknow,2024-11-07,2025,3,Mar
ORD001605,2025-05-20,CUST00330,PROD0086,2,0.05,370.7,704.33,464.97,239.36,UPI,Delivered,2.0,Audio Product 86,Electronics,Audio,361.35,Customer 330,North,Chandigarh,2023-11-27,2025,5,May
ORD001606,2025-11-22,CUST01208,PROD0115,4,0.0,385.24,1540.96,1008.1,532.86,UPI,Delivered,5.0,Smartphones Product 115,Electronics,Smartphones,361.73,Customer 1208,North,Jaipur,2023-09-21,2025,11,Nov
ORD001607,2025-05-30,CUST00095,PROD0005,2,0.15,254.84,433.23,280.56,152.67,Debit Card,Delivered,6.0,Men Product 5,Fashion,Men,236.42,Customer 95,East,Bhubaneswar,2024-07-06,2025,5,May
ORD001608,2025-10-15,CUST00785,PROD0034,2,0.05,98.94,187.99,119.31,68.68,Net Banking,Delivered,3.0,Accessories Product 34,Fashion,Accessories,105.5,Customer 785,South,Hyderabad,2024-01-22,2025,10,Oct
ORD001609,2025-12-27,CUST00649,PROD0039,4,0.05,175.13,665.49,521.57,143.92,COD,Delivered,3.0,Smartphones Product 39,Electronics,Smartphones,169.11,Customer 649,West,Ahmedabad,2025-01-18,2025,12,Dec
ORD001610,2025-12-06,CUST00353,PROD0067,4,0.1,202.62,729.43,584.77,144.66,UPI,Delivered,3.0,Furniture Product 67,Home & Kitchen,Furniture,192.97,Customer 353,South,Kochi,2024-03-25,2025,12,Dec
ORD001611,2025-05-09,CUST00930,PROD0081,3,0.15,343.53,876.0,655.28,220.72,Credit Card,Delivered,5.0,Accessories Product 81,Electronics,Accessories,335.69,Customer 930,South,Chennai,2023-09-26,2025,5,May
ORD001612,2025-08-27,CUST00941,PROD0062,1,0.1,160.27,144.24,84.7,59.54,UPI,Delivered,4.0,Accessories Product 62,Fashion,Accessories,167.56,Customer 941,North,Lucknow,2024-08-28,2025,8,Aug
ORD001613,2025-02-27,CUST00984,PROD0088,1,0.15,88.15,74.93,57.6,17.33,UPI,Delivered,2.0,Accessories Product 88,Fashion,Accessories,81.69,Customer 984,East,Bhubaneswar,2025-03-01,2025,2,Feb
ORD001614,2025-07-17,CUST01289,PROD0024,2,0.1,315.66,568.19,402.09,166.1,UPI,Delivered,4.0,Equipment Product 24,Sports,Equipment,281.97,Customer 1289,North,Chandigarh,2023-09-23,2025,7,Jul
ORD001615,2025-07-30,CUST01043,PROD0003,1,0.15,628.3,534.05,406.92,127.13,UPI,Delivered,1.0,Accessories Product 3,Electronics,Accessories,564.08,Customer 1043,West,Surat,2023-12-17,2025,7,Jul
ORD001616,2025-02-14,CUST00646,PROD0109,4,0.1,49.14,176.9,121.17,55.73,Credit Card,Delivered,4.0,Fiction Product 109,Books,Fiction,45.69,Customer 646,North,Lucknow,2023-02-21,2025,2,Feb
ORD001617,2025-04-07,CUST00626,PROD0071,2,0.0,32.83,65.66,38.73,26.93,UPI,Delivered,5.0,Footwear Product 71,Fashion,Footwear,32.71,Customer 626,East,Ranchi,2024-03-30,2025,4,Apr
ORD001618,2025-10-06,CUST00139,PROD0089,1,0.0,462.3,462.3,343.77,118.53,Net Banking,Delivered,5.0,Kitchen Product 89,Home & Kitchen,Kitchen,468.17,Customer 139,Central,Nagpur,2023-11-22,2025,10,Oct
ORD001619,2025-01-23,CUST00716,PROD0120,3,0.2,12.42,29.81,20.47,9.34,Debit Card,Delivered,4.0,Self Help Product 120,Books,Self Help,13.3,Customer 716,West,Mumbai,2024-09-25,2025,1,Jan
ORD001620,2025-12-01,CUST00762,PROD0067,2,0.2,193.6,309.76,244.64,65.12,UPI,Delivered,2.0,Furniture Product 67,Home & Kitchen,Furniture,192.97,Customer 762,North,Lucknow,2024-10-01,2025,12,Dec
ORD001621,2025-02-13,CUST00255,PROD0079,4,0.15,229.11,778.97,589.8,189.17,Net Banking,Delivered,5.0,Appliances Product 79,Home & Kitchen,Appliances,240.86,Customer 255,East,Bhubaneswar,2023-07-11,2025,2,Feb
ORD001622,2025-01-27,CUST01109,PROD0093,1,0.15,362.52,308.14,205.31,102.83,COD,Delivered,6.0,Appliances Product 93,Home & Kitchen,Appliances,373.4,Customer 1109,Central,Indore,2024-11-08,2025,1,Jan
ORD001623,2025-10-09,CUST01482,PROD0050,4,0.05,104.35,396.53,298.9,97.63,Credit Card,Delivered,4.0,Smartphones Product 50,Electronics,Smartphones,95.0,Customer 1482,West,Mumbai,2024-07-18,2025,10,Oct
ORD001624,2025-04-07,CUST00676,PROD0029,2,0.1,62.75,112.95,78.94,34.01,UPI,Delivered,3.0,Women Product 29,Fashion,Women,56.34,Customer 676,Central,Nagpur,2024-03-01,2025,4,Apr
ORD001625,2025-02-05,CUST00092,PROD0074,2,0.25,238.88,358.32,224.98,133.34,UPI,Delivered,2.0,Women Product 74,Fashion,Women,215.26,Customer 92,West,Ahmedabad,2023-04-19,2025,2,Feb
ORD001626,2025-04-19,CUST01093,PROD0032,1,0.2,13.55,10.84,7.38,3.46,UPI,Delivered,2.0,Skincare Product 32,Beauty,Skincare,14.13,Customer 1093,Central,Nagpur,2024-09-13,2025,4,Apr
ORD001627,2025-02-24,CUST00037,PROD0087,3,0.05,199.68,569.09,360.47,208.62,Credit Card,Delivered,1.0,Equipment Product 87,Sports,Equipment,181.5,Customer 37,South,Bengaluru,2023-04-26,2025,2,Feb
ORD001628,2025-07-11,CUST00140,PROD0039,1,0.05,160.37,152.35,88.54,63.81,UPI,Delivered,1.0,Smartphones Product 39,Electronics,Smartphones,169.11,Customer 140,North,Jaipur,2023-12-23,2025,7,Jul
ORD001629,2025-08-07,CUST00867,PROD0009,3,0.1,308.13,831.95,531.81,300.14,Credit Card,Delivered,3.0,Furniture Product 9,Home & Kitchen,Furniture,301.64,Customer 867,North,Lucknow,2024-04-23,2025,8,Aug
ORD001630,2025-07-04,CUST00680,PROD0101,1,0.05,338.63,321.7,202.76,118.94,UPI,Delivered,6.0,Laptops Product 101,Electronics,Laptops,322.89,Customer 680,West,Pune,2024-04-15,2025,7,Jul
ORD001631,2025-03-10,CUST01202,PROD0116,3,0.05,52.12,148.54,86.31,62.23,Credit Card,Delivered,4.0,Men Product 116,Fashion,Men,51.48,Customer 1202,West,Pune,2023-08-22,2025,3,Mar
ORD001632,2025-11-13,CUST00137,PROD0104,4,0.1,76.47,275.29,211.46,63.83,Credit Card,Delivered,3.0,Footwear Product 104,Fashion,Footwear,68.87,Customer 137,East,Kolkata,2024-11-30,2025,11,Nov
ORD001633,2025-05-10,CUST00190,PROD0014,4,0.0,126.62,506.48,303.12,203.36,UPI,Delivered,1.0,Accessories Product 14,Electronics,Accessories,128.33,Customer 190,Central,Kanpur,2023-02-01,2025,5,May
ORD001634,2025-02-24,CUST00342,PROD0068,2,0.15,100.56,170.95,117.57,53.38,Credit Card,Delivered,8.0,Kitchen Product 68,Home & Kitchen,Kitchen,98.06,Customer 342,West,Mumbai,2025-06-06,2025,2,Feb
ORD001635,2025-04-07,CUST01029,PROD0064,1,0.15,464.38,394.72,268.52,126.2,Credit Card,Delivered,3.0,Decor Product 64,Home & Kitchen,Decor,496.62,Customer 1029,North,Jaipur,2024-11-18,2025,4,Apr
ORD001636,2025-12-02,CUST00972,PROD0020,4,0.15,104.09,353.91,220.68,133.23,Net Banking,Delivered,8.0,Skincare Product 20,Beauty,Skincare,95.46,Customer 972,Central,Kanpur,2023-06-05,2025,12,Dec
ORD001637,2025-03-28,CUST01281,PROD0028,2,0.15,16.48,28.02,22.75,5.27,Debit Card,Delivered,4.0,Equipment Product 28,Sports,Equipment,16.44,Customer 1281,South,Hyderabad,2024-01-10,2025,3,Mar
ORD001638,2025-10-21,CUST00662,PROD0014,2,0.1,136.04,244.87,177.51,67.36,Credit Card,Delivered,1.0,Accessories Product 14,Electronics,Accessories,128.33,Customer 662,Central,Kanpur,2025-04-27,2025,10,Oct
ORD001639,2025-04-29,CUST00243,PROD0044,2,0.15,24.68,41.96,32.53,9.43,COD,Delivered,5.0,Business Product 44,Books,Business,23.36,Customer 243,Central,Indore,2023-12-06,2025,4,Apr
ORD001640,2025-07-27,CUST00415,PROD0098,1,0.1,129.88,116.89,81.71,35.18,Debit Card,Delivered,4.0,Fragrance Product 98,Beauty,Fragrance,123.08,Customer 415,Central,Bhopal,2023-08-07,2025,7,Jul
ORD001641,2025-11-30,CUST00707,PROD0077,1,0.25,141.0,105.75,79.68,26.07,UPI,Delivered,3.0,Accessories Product 77,Fashion,Accessories,138.05,Customer 707,North,Delhi,2024-10-23,2025,11,Nov
ORD001642,2025-06-03,CUST00343,PROD0095,4,0.0,36.43,145.72,118.43,27.29,UPI,Delivered,5.0,Business Product 95,Books,Business,37.34,Customer 343,Central,Kanpur,2023-02-28,2025,6,Jun
ORD001643,2025-02-04,CUST00682,PROD0097,1,0.2,62.0,49.6,32.92,16.68,UPI,Cancelled,,Self Help Product 97,Books,Self Help,59.33,Customer 682,West,Surat,2025-04-04,2025,2,Feb
ORD001644,2025-03-20,CUST01403,PROD0116,1,0.05,57.26,54.4,38.14,16.26,UPI,Delivered,5.0,Men Product 116,Fashion,Men,51.48,Customer 1403,West,Mumbai,2023-06-26,2025,3,Mar
ORD001645,2025-03-08,CUST00653,PROD0039,1,0.0,183.79,183.79,129.29,54.5,Credit Card,Delivered,5.0,Smartphones Product 39,Electronics,Smartphones,169.11,Customer 653,Central,Nagpur,2024-07-20,2025,3,Mar
ORD001646,2025-12-09,CUST00146,PROD0028,2,0.05,15.48,29.41,24.06,5.35,Credit Card,Delivered,4.0,Equipment Product 28,Sports,Equipment,16.44,Customer 146,Central,Bhopal,2023-03-26,2025,12,Dec
ORD001647,2025-02-03,CUST00323,PROD0064,1,0.1,459.19,413.27,262.82,150.45,Net Banking,Delivered,4.0,Decor Product 64,Home & Kitchen,Decor,496.62,Customer 323,South,Chennai,2024-04-08,2025,2,Feb
ORD001648,2025-04-07,CUST00122,PROD0089,3,0.0,477.44,1432.32,1062.89,369.43,UPI,Cancelled,,Kitchen Product 89,Home & Kitchen,Kitchen,468.17,Customer 122,South,Bengaluru,2024-04-15,2025,4,Apr
ORD001649,2025-06-18,CUST01276,PROD0032,1,0.1,15.19,13.67,8.38,5.29,Credit Card,Delivered,4.0,Skincare Product 32,Beauty,Skincare,14.13,Customer 1276,North,Chandigarh,2024-01-11,2025,6,Jun
ORD001650,2025-06-18,CUST00311,PROD0009,1,0.15,296.45,251.98,202.21,49.77,Credit Card,Cancelled,,Furniture Product 9,Home & Kitchen,Furniture,301.64,Customer 311,West,Pune,2023-11-09,2025,6,Jun
ORD001651,2025-05-31,CUST00601,PROD0028,1,0.05,17.43,16.56,11.95,4.61,COD,Delivered,4.0,Equipment Product 28,Sports,Equipment,16.44,Customer 601,Central,Nagpur,2023-07-24,2025,5,May
ORD001652,2025-03-12,CUST00475,PROD0095,2,0.1,41.31,74.36,58.47,15.89,UPI,Delivered,2.0,Business Product 95,Books,Business,37.34,Customer 475,South,Hyderabad,2025-06-15,2025,3,Mar
ORD001653,2025-01-03,CUST00570,PROD0017,1,0.05,15.33,14.56,11.57,2.99,UPI,Delivered,1.0,Equipment Product 17,Sports,Equipment,15.15,Customer 570,West,Mumbai,2025-05-14,2025,1,Jan
ORD001654,2025-11-10,CUST00575,PROD0117,2,0.1,264.26,475.67,339.49,136.18,UPI,Delivered,2.0,Furniture Product 117,Home & Kitchen,Furniture,272.76,Customer 575,West,Mumbai,2024-07-21,2025,11,Nov
ORD001655,2025-02-01,CUST00347,PROD0087,3,0.1,200.29,540.78,402.17,138.61,Credit Card,Delivered,2.0,Equipment Product 87,Sports,Equipment,181.5,Customer 347,North,Delhi,2025-05-29,2025,2,Feb
ORD001656,2025-10-14,CUST00820,PROD0077,1,0.05,140.05,133.05,99.48,33.57,Credit Card,Delivered,2.0,Accessories Product 77,Fashion,Accessories,138.05,Customer 820,North,Lucknow,2023-02-26,2025,10,Oct
ORD001657,2025-03-23,CUST01497,PROD0055,3,0.25,288.14,648.31,447.67,200.64,Debit Card,Delivered,2.0,Fitness Product 55,Sports,Fitness,287.69,Customer 1497,East,Ranchi,2024-12-20,2025,3,Mar
ORD001658,2025-02-12,CUST00382,PROD0010,2,0.1,880.37,1584.67,1084.49,500.18,UPI,Delivered,4.0,Smartphones Product 10,Electronics,Smartphones,888.66,Customer 382,East,Patna,2024-10-30,2025,2,Feb
ORD001659,2025-04-15,CUST01304,PROD0080,2,0.15,39.47,67.1,41.92,25.18,UPI,Delivered,2.0,Skincare Product 80,Beauty,Skincare,39.29,Customer 1304,Central,Indore,2024-03-14,2025,4,Apr
ORD001660,2025-01-01,CUST00072,PROD0006,4,0.15,82.88,281.79,189.4,92.39,Credit Card,Delivered,3.0,Decor Product 6,Home & Kitchen,Decor,78.58,Customer 72,South,Kochi,2023-10-09,2025,1,Jan
ORD001661,2025-03-02,CUST00521,PROD0048,4,0.2,110.32,353.02,288.69,64.33,Net Banking,Delivered,5.0,Fragrance Product 48,Beauty,Fragrance,109.58,Customer 521,East,Patna,2023-02-16,2025,3,Mar
ORD001662,2025-09-27,CUST01390,PROD0075,1,0.0,218.5,218.5,140.88,77.62,Credit Card,Delivered,6.0,Decor Product 75,Home & Kitchen,Decor,221.86,Customer 1390,East,Bhubaneswar,2023-09-04,2025,9,Sep
ORD001663,2025-06-29,CUST00933,PROD0116,2,0.0,55.02,110.04,83.96,26.08,Net Banking,Delivered,3.0,Men Product 116,Fashion,Men,51.48,Customer 933,South,Hyderabad,2024-06-11,2025,6,Jun
ORD001664,2025-08-12,CUST01118,PROD0067,3,0.1,185.37,500.5,297.42,203.08,UPI,Delivered,6.0,Furniture Product 67,Home & Kitchen,Furniture,192.97,Customer 1118,East,Ranchi,2024-12-22,2025,8,Aug
ORD001665,2025-01-06,CUST01397,PROD0092,3,0.2,55.32,132.77,91.9,40.87,UPI,Delivered,4.0,Haircare Product 92,Beauty,Haircare,57.6,Customer 1397,West,Ahmedabad,2024-09-02,2025,1,Jan
ORD001666,2025-04-13,CUST00339,PROD0041,4,0.0,413.99,1655.96,983.67,672.29,Debit Card,Delivered,2.0,Accessories Product 41,Electronics,Accessories,390.82,Customer 339,South,Bengaluru,2025-04-25,2025,4,Apr
ORD001667,2025-01-10,CUST01461,PROD0079,4,0.25,263.34,790.02,548.43,241.59,UPI,Delivered,5.0,Appliances Product 79,Home & Kitchen,Appliances,240.86,Customer 1461,Central,Bhopal,2024-08-30,2025,1,Jan
ORD001668,2025-03-12,CUST01360,PROD0060,1,0.0,118.35,118.35,69.43,48.92,UPI,Delivered,6.0,Outdoor Product 60,Sports,Outdoor,122.23,Customer 1360,Central,Kanpur,2023-07-07,2025,3,Mar
ORD001669,2025-03-31,CUST00664,PROD0077,3,0.0,132.28,396.84,288.58,108.26,UPI,Delivered,4.0,Accessories Product 77,Fashion,Accessories,138.05,Customer 664,South,Kochi,2025-05-30,2025,3,Mar
ORD001670,2025-08-14,CUST00040,PROD0042,2,0.0,283.83,567.66,409.15,158.51,UPI,Delivered,2.0,Accessories Product 42,Electronics,Accessories,269.27,Customer 40,North,Lucknow,2023-04-01,2025,8,Aug
ORD001671,2025-06-07,CUST01383,PROD0116,1,0.1,53.75,48.38,37.32,11.06,UPI,Delivered,2.0,Men Product 116,Fashion,Men,51.48,Customer 1383,Central,Bhopal,2025-01-27,2025,6,Jun
ORD001672,2025-08-16,CUST00574,PROD0120,2,0.2,13.43,21.49,15.47,6.02,Credit Card,Delivered,2.0,Self Help Product 120,Books,Self Help,13.3,Customer 574,Central,Bhopal,2025-04-29,2025,8,Aug
ORD001673,2025-05-06,CUST01278,PROD0109,1,0.05,42.91,40.76,32.7,8.06,Credit Card,Delivered,3.0,Fiction Product 109,Books,Fiction,45.69,Customer 1278,North,Lucknow,2025-02-28,2025,5,May
ORD001674,2025-07-28,CUST00966,PROD0081,3,0.1,315.0,850.5,653.14,197.36,Credit Card,Returned,3.0,Accessories Product 81,Electronics,Accessories,335.69,Customer 966,West,Surat,2023-07-14,2025,7,Jul
ORD001675,2025-04-07,CUST00581,PROD0071,1,0.0,35.18,35.18,21.52,13.66,Credit Card,Delivered,3.0,Footwear Product 71,Fashion,Footwear,32.71,Customer 581,West,Mumbai,2023-12-29,2025,4,Apr
ORD001676,2025-03-15,CUST01422,PROD0028,2,0.1,16.61,29.9,19.25,10.65,UPI,Delivered,3.0,Equipment Product 28,Sports,Equipment,16.44,Customer 1422,Central,Nagpur,2024-06-08,2025,3,Mar
ORD001677,2025-04-25,CUST00170,PROD0102,2,0.0,57.02,114.04,66.86,47.18,Credit Card,Delivered,3.0,Makeup Product 102,Beauty,Makeup,52.24,Customer 170,West,Mumbai,2023-07-25,2025,4,Apr
ORD001678,2025-07-10,CUST00701,PROD0013,1,0.1,796.19,716.57,482.02,234.55,UPI,Delivered,3.0,Laptops Product 13,Electronics,Laptops,769.31,Customer 701,South,Hyderabad,2024-03-25,2025,7,Jul
ORD001679,2025-06-19,CUST00511,PROD0081,3,0.1,350.38,946.03,664.39,281.64,Debit Card,Delivered,2.0,Accessories Product 81,Electronics,Accessories,335.69,Customer 511,South,Chennai,2023-07-31,2025,6,Jun
ORD001680,2025-11-03,CUST01284,PROD0015,4,0.1,130.02,468.07,377.75,90.32,Credit Card,Delivered,3.0,Kitchen Product 15,Home & Kitchen,Kitchen,117.47,Customer 1284,West,Ahmedabad,2023-04-06,2025,11,Nov
ORD001681,2025-07-23,CUST00584,PROD0036,1,0.0,357.89,357.89,252.44,105.45,Credit Card,Delivered,8.0,Furniture Product 36,Home & Kitchen,Furniture,375.57,Customer 584,East,Kolkata,2025-01-11,2025,7,Jul
ORD001682,2025-02-25,CUST00984,PROD0092,1,0.0,59.25,59.25,45.47,13.78,Debit Card,Delivered,4.0,Haircare Product 92,Beauty,Haircare,57.6,Customer 984,East,Bhubaneswar,2025-03-01,2025,2,Feb
ORD001683,2025-07-27,CUST00459,PROD0015,2,0.1,109.44,196.99,126.93,70.06,UPI,Delivered,3.0,Kitchen Product 15,Home & Kitchen,Kitchen,117.47,Customer 459,West,Mumbai,2023-09-05,2025,7,Jul
ORD001684,2025-02-10,CUST00529,PROD0110,3,0.15,402.04,1025.2,632.3,392.9,Credit Card,Delivered,2.0,Kitchen Product 110,Home & Kitchen,Kitchen,405.37,Customer 529,West,Ahmedabad,2023-07-22,2025,2,Feb
ORD001685,2025-02-01,CUST00341,PROD0117,1,0.2,259.02,207.22,160.51,46.71,Credit Card,Delivered,2.0,Furniture Product 117,Home & Kitchen,Furniture,272.76,Customer 341,East,Ranchi,2023-04-28,2025,2,Feb
ORD001686,2025-01-15,CUST00057,PROD0075,2,0.15,212.45,361.16,230.92,130.24,Credit Card,Delivered,4.0,Decor Product 75,Home & Kitchen,Decor,221.86,Customer 57,Central,Kanpur,2025-06-08,2025,1,Jan
ORD001687,2025-03-03,CUST00218,PROD0056,1,0.25,92.87,69.65,54.96,14.69,Credit Card,Delivered,3.0,Women Product 56,Fashion,Women,83.9,Customer 218,Central,Indore,2025-06-13,2025,3,Mar
ORD001688,2025-06-04,CUST00619,PROD0095,3,0.05,38.91,110.89,68.84,42.05,UPI,Delivered,1.0,Business Product 95,Books,Business,37.34,Customer 619,South,Chennai,2023-02-07,2025,6,Jun
ORD001689,2025-10-11,CUST00816,PROD0004,4,0.05,11.95,45.41,35.62,9.79,UPI,Delivered,2.0,Technology Product 4,Books,Technology,10.88,Customer 816,South,Kochi,2025-06-17,2025,10,Oct
ORD001690,2025-07-28,CUST00731,PROD0099,1,0.0,194.55,194.55,148.92,45.63,Debit Card,Delivered,3.0,Fitness Product 99,Sports,Fitness,192.87,Customer 731,North,Lucknow,2023-04-28,2025,7,Jul
ORD001691,2025-11-16,CUST00464,PROD0098,3,0.05,127.95,364.66,265.0,99.66,UPI,Delivered,2.0,Fragrance Product 98,Beauty,Fragrance,123.08,Customer 464,West,Ahmedabad,2023-01-25,2025,11,Nov
ORD001692,2025-07-06,CUST00247,PROD0052,3,0.1,53.75,145.12,113.78,31.34,UPI,Delivered,7.0,Self Help Product 52,Books,Self Help,58.02,Customer 247,West,Ahmedabad,2023-12-03,2025,7,Jul
ORD001693,2025-05-10,CUST00730,PROD0091,1,0.15,38.96,33.12,21.84,11.28,COD,Delivered,1.0,Technology Product 91,Books,Technology,38.43,Customer 730,North,Lucknow,2023-05-27,2025,5,May
ORD001694,2025-05-07,CUST00373,PROD0010,1,0.05,917.82,871.93,540.46,331.47,UPI,Delivered,7.0,Smartphones Product 10,Electronics,Smartphones,888.66,Customer 373,West,Mumbai,2025-03-02,2025,5,May
ORD001695,2025-10-19,CUST00417,PROD0094,2,0.1,25.1,45.18,27.91,17.27,Credit Card,Delivered,4.0,Footwear Product 94,Fashion,Footwear,27.18,Customer 417,East,Kolkata,2024-05-09,2025,10,Oct
ORD001696,2025-04-24,CUST01055,PROD0045,1,0.1,198.44,178.6,115.18,63.42,Net Banking,Delivered,3.0,Kitchen Product 45,Home & Kitchen,Kitchen,184.1,Customer 1055,North,Delhi,2024-05-15,2025,4,Apr
ORD001697,2025-07-18,CUST00368,PROD0084,1,0.1,23.16,20.84,14.32,6.52,UPI,Delivered,4.0,Fiction Product 84,Books,Fiction,23.65,Customer 368,East,Bhubaneswar,2025-04-01,2025,7,Jul
ORD001698,2025-01-13,CUST00559,PROD0029,2,0.05,56.93,108.17,85.48,22.69,COD,Delivered,3.0,Women Product 29,Fashion,Women,56.34,Customer 559,Central,Indore,2024-05-08,2025,1,Jan
ORD001699,2025-09-28,CUST00108,PROD0053,1,0.15,23.41,19.9,11.97,7.93,UPI,Delivered,4.0,Self Help Product 53,Books,Self Help,22.79,Customer 108,Central,Kanpur,2025-06-15,2025,9,Sep
ORD001700,2025-03-30,CUST00584,PROD0029,2,0.0,63.01,126.02,100.77,25.25,UPI,Delivered,2.0,Women Product 29,Fashion,Women,56.34,Customer 584,East,Kolkata,2025-01-11,2025,3,Mar
ORD001701,2025-08-03,CUST00839,PROD0023,2,0.2,73.09,116.94,93.8,23.14,UPI,Delivered,2.0,Equipment Product 23,Sports,Equipment,77.77,Customer 839,South,Bengaluru,2025-04-04,2025,8,Aug
ORD001702,2025-10-05,CUST00418,PROD0057,1,0.25,31.88,23.91,18.04,5.87,Credit Card,Delivered,4.0,Fitness Product 57,Sports,Fitness,30.92,Customer 418,West,Mumbai,2023-08-18,2025,10,Oct
ORD001703,2025-07-22,CUST00821,PROD0050,1,0.05,97.48,92.61,73.72,18.89,COD,Delivered,1.0,Smartphones Product 50,Electronics,Smartphones,95.0,Customer 821,Central,Indore,2023-08-20,2025,7,Jul
ORD001704,2025-03-15,CUST01422,PROD0021,4,0.05,12.15,46.17,35.31,10.86,Net Banking,Delivered,3.0,Technology Product 21,Books,Technology,13.01,Customer 1422,Central,Nagpur,2024-06-08,2025,3,Mar
ORD001705,2025-01-25,CUST01296,PROD0112,1,0.15,231.42,196.71,139.03,57.68,Debit Card,Delivered,6.0,Kitchen Product 112,Home & Kitchen,Kitchen,221.08,Customer 1296,West,Ahmedabad,2024-03-21,2025,1,Jan
ORD001706,2025-04-11,CUST00683,PROD0043,3,0.1,49.61,133.95,97.0,36.95,UPI,Delivered,6.0,Skincare Product 43,Beauty,Skincare,50.76,Customer 683,Central,Indore,2025-06-13,2025,4,Apr
ORD001707,2025-06-25,CUST01140,PROD0010,1,0.0,836.01,836.01,610.93,225.08,Net Banking,Delivered,5.0,Smartphones Product 10,Electronics,Smartphones,888.66,Customer 1140,West,Mumbai,2024-12-26,2025,6,Jun
ORD001708,2025-04-27,CUST00256,PROD0105,4,0.2,165.38,529.22,323.06,206.16,Debit Card,Delivered,3.0,Fragrance Product 105,Beauty,Fragrance,173.04,Customer 256,South,Hyderabad,2023-03-06,2025,4,Apr
ORD001709,2025-06-15,CUST01105,PROD0076,1,0.05,116.26,110.45,69.18,41.27,UPI,Delivered,1.0,Women Product 76,Fashion,Women,107.18,Customer 1105,East,Kolkata,2025-01-27,2025,6,Jun
ORD001710,2025-02-10,CUST00780,PROD0030,1,0.0,315.79,315.79,222.82,92.97,Net Banking,Delivered,2.0,Decor Product 30,Home & Kitchen,Decor,335.65,Customer 780,Central,Kanpur,2024-06-12,2025,2,Feb
ORD001711,2025-12-10,CUST01152,PROD0051,1,0.1,185.96,167.36,101.7,65.66,Net Banking,Delivered,6.0,Furniture Product 51,Home & Kitchen,Furniture,183.5,Customer 1152,West,Mumbai,2023-02-12,2025,12,Dec
ORD001712,2025-04-30,CUST00838,PROD0033,1,0.0,40.54,40.54,32.9,7.64,Debit Card,Delivered,5.0,Business Product 33,Books,Business,42.27,Customer 838,Central,Indore,2023-04-26,2025,4,Apr
ORD001713,2025-04-07,CUST00915,PROD0018,1,0.0,209.88,209.88,147.28,62.6,UPI,Delivered,3.0,Furniture Product 18,Home & Kitchen,Furniture,220.36,Customer 915,West,Mumbai,2024-02-04,2025,4,Apr
ORD001714,2025-05-25,CUST00235,PROD0078,1,0.1,104.47,94.02,63.11,30.91,COD,Delivered,4.0,Fitness Product 78,Sports,Fitness,108.69,Customer 235,East,Bhubaneswar,2024-02-22,2025,5,May
ORD001715,2025-08-04,CUST00553,PROD0022,1,0.05,200.19,190.18,117.5,72.68,UPI,Delivered,5.0,Kitchen Product 22,Home & Kitchen,Kitchen,196.54,Customer 553,Central,Bhopal,2025-04-12,2025,8,Aug
ORD001716,2025-08-17,CUST00181,PROD0064,3,0.1,480.51,1297.38,882.18,415.2,Debit Card,Delivered,4.0,Decor Product 64,Home & Kitchen,Decor,496.62,Customer 181,East,Bhubaneswar,2023-01-22,2025,8,Aug
ORD001717,2025-11-09,CUST00157,PROD0021,3,0.25,12.22,27.5,17.95,9.55,UPI,Delivered,5.0,Technology Product 21,Books,Technology,13.01,Customer 157,South,Chennai,2024-02-24,2025,11,Nov
ORD001718,2025-05-10,CUST01478,PROD0001,1,0.2,425.9,340.72,204.81,135.91,COD,Delivered,2.0,Kitchen Product 1,Home & Kitchen,Kitchen,394.25,Customer 1478,South,Bengaluru,2023-06-29,2025,5,May
ORD001719,2025-12-18,CUST00571,PROD0113,2,0.0,494.07,988.14,802.45,185.69,UPI,Delivered,3.0,Smartphones Product 113,Electronics,Smartphones,480.63,Customer 571,North,Lucknow,2024-11-24,2025,12,Dec
ORD001720,2025-11-14,CUST00857,PROD0107,1,0.0,190.88,190.88,122.85,68.03,Credit Card,Delivered,4.0,Equipment Product 107,Sports,Equipment,200.64,Customer 857,South,Bengaluru,2025-04-11,2025,11,Nov
ORD001721,2025-05-17,CUST01048,PROD0116,4,0.1,52.22,187.99,140.19,47.8,UPI,Delivered,4.0,Men Product 116,Fashion,Men,51.48,Customer 1048,South,Kochi,2025-05-30,2025,5,May
ORD001722,2025-11-20,CUST01497,PROD0015,1,0.1,109.68,98.71,59.42,39.29,Credit Card,Cancelled,,Kitchen Product 15,Home & Kitchen,Kitchen,117.47,Customer 1497,East,Ranchi,2024-12-20,2025,11,Nov
ORD001723,2025-12-03,CUST01424,PROD0036,2,0.2,389.12,622.59,497.55,125.04,COD,Delivered,5.0,Furniture Product 36,Home & Kitchen,Furniture,375.57,Customer 1424,South,Kochi,2024-09-30,2025,12,Dec
ORD001724,2025-09-30,CUST00948,PROD0047,1,0.1,18.38,16.54,11.94,4.6,COD,Delivered,1.0,Men Product 47,Fashion,Men,18.6,Customer 948,East,Ranchi,2023-12-02,2025,9,Sep
ORD001725,2025-04-27,CUST00592,PROD0054,3,0.0,90.2,270.6,199.61,70.99,UPI,Delivered,2.0,Makeup Product 54,Beauty,Makeup,95.89,Customer 592,South,Hyderabad,2023-04-02,2025,4,Apr
ORD001726,2025-11-02,CUST00134,PROD0086,4,0.1,345.71,1244.56,955.36,289.2,UPI,Delivered,4.0,Audio Product 86,Electronics,Audio,361.35,Customer 134,Central,Indore,2025-04-04,2025,11,Nov
ORD001727,2025-04-04,CUST00421,PROD0032,1,0.15,13.98,11.88,8.62,3.26,UPI,Delivered,2.0,Skincare Product 32,Beauty,Skincare,14.13,Customer 421,East,Patna,2023-05-28,2025,4,Apr
ORD001728,2025-06-17,CUST00213,PROD0058,1,0.2,209.71,167.77,100.16,67.61,Credit Card,Delivered,2.0,Footwear Product 58,Fashion,Footwear,193.95,Customer 213,West,Surat,2024-12-29,2025,6,Jun
ORD001729,2025-07-22,CUST00900,PROD0046,1,0.0,114.22,114.22,78.02,36.2,Net Banking,Delivered,4.0,Accessories Product 46,Electronics,Accessories,119.63,Customer 900,South,Hyderabad,2023-12-21,2025,7,Jul
ORD001730,2025-12-07,CUST00482,PROD0054,2,0.1,90.32,162.58,104.52,58.06,Debit Card,Delivered,4.0,Makeup Product 54,Beauty,Makeup,95.89,Customer 482,East,Ranchi,2025-03-10,2025,12,Dec
ORD001731,2025-05-29,CUST00348,PROD0033,1,0.0,43.25,43.25,30.14,13.11,UPI,Delivered,5.0,Business Product 33,Books,Business,42.27,Customer 348,East,Ranchi,2024-05-03,2025,5,May
ORD001732,2025-07-02,CUST00166,PROD0105,1,0.1,178.53,160.68,108.79,51.89,Credit Card,Delivered,3.0,Fragrance Product 105,Beauty,Fragrance,173.04,Customer 166,South,Kochi,2025-05-18,2025,7,Jul
ORD001733,2025-06-01,CUST00937,PROD0039,3,0.0,158.63,475.89,370.42,105.47,Debit Card,Delivered,3.0,Smartphones Product 39,Electronics,Smartphones,169.11,Customer 937,West,Pune,2025-04-04,2025,6,Jun
ORD001734,2025-03-15,CUST00348,PROD0023,2,0.2,75.97,121.55,77.71,43.84,UPI,Delivered,2.0,Equipment Product 23,Sports,Equipment,77.77,Customer 348,East,Ranchi,2024-05-03,2025,3,Mar
ORD001735,2025-12-31,CUST00849,PROD0043,4,0.1,49.37,177.73,111.67,66.06,UPI,Returned,4.0,Skincare Product 43,Beauty,Skincare,50.76,Customer 849,North,Lucknow,2024-09-26,2025,12,Dec
ORD001736,2025-10-01,CUST00398,PROD0055,4,0.2,275.39,881.25,713.76,167.49,UPI,Delivered,4.0,Fitness Product 55,Sports,Fitness,287.69,Customer 398,Central,Kanpur,2023-07-23,2025,10,Oct
ORD001737,2025-02-11,CUST00583,PROD0002,2,0.25,29.38,44.07,35.6,8.47,UPI,Delivered,2.0,Decor Product 2,Home & Kitchen,Decor,29.88,Customer 583,North,Chandigarh,2023-07-07,2025,2,Feb
ORD001738,2025-07-31,CUST00726,PROD0066,4,0.0,34.08,136.32,111.57,24.75,UPI,Delivered,2.0,Self Help Product 66,Books,Self Help,36.75,Customer 726,South,Chennai,2023-09-04,2025,7,Jul
ORD001739,2025-04-11,CUST01459,PROD0038,2,0.1,759.75,1367.55,979.73,387.82,COD,Delivered,2.0,Laptops Product 38,Electronics,Laptops,723.36,Customer 1459,North,Jaipur,2025-05-20,2025,4,Apr
ORD001740,2025-02-14,CUST01245,PROD0119,3,0.2,577.36,1385.66,841.31,544.35,UPI,Delivered,5.0,Smartphones Product 119,Electronics,Smartphones,516.56,Customer 1245,East,Ranchi,2024-08-06,2025,2,Feb
ORD001741,2025-03-23,CUST00308,PROD0115,2,0.1,378.66,681.59,539.3,142.29,Net Banking,Delivered,2.0,Smartphones Product 115,Electronics,Smartphones,361.73,Customer 308,South,Kochi,2024-01-11,2025,3,Mar
ORD001742,2025-01-17,CUST00991,PROD0029,1,0.1,55.9,50.31,30.93,19.38,Credit Card,Delivered,2.0,Women Product 29,Fashion,Women,56.34,Customer 991,North,Lucknow,2023-06-10,2025,1,Jan
ORD001743,2025-03-14,CUST00798,PROD0116,1,0.05,54.24,51.53,31.81,19.72,Debit Card,Delivered,1.0,Men Product 116,Fashion,Men,51.48,Customer 798,West,Ahmedabad,2025-04-03,2025,3,Mar
ORD001744,2025-01-14,CUST00719,PROD0110,4,0.1,419.28,1509.41,945.52,563.89,UPI,Delivered,5.0,Kitchen Product 110,Home & Kitchen,Kitchen,405.37,Customer 719,West,Pune,2024-11-04,2025,1,Jan
ORD001745,2025-06-06,CUST00466,PROD0067,2,0.05,210.21,399.4,294.29,105.11,UPI,Delivered,2.0,Furniture Product 67,Home & Kitchen,Furniture,192.97,Customer 466,North,Delhi,2024-03-24,2025,6,Jun
ORD001746,2025-08-11,CUST00099,PROD0103,1,0.1,40.93,36.84,22.32,14.52,UPI,Delivered,1.0,Women Product 103,Fashion,Women,39.19,Customer 99,South,Kochi,2024-09-06,2025,8,Aug
ORD001747,2025-05-12,CUST01266,PROD0071,2,0.0,34.24,68.48,52.51,15.97,Debit Card,Delivered,1.0,Footwear Product 71,Fashion,Footwear,32.71,Customer 1266,East,Bhubaneswar,2023-04-11,2025,5,May
ORD001748,2025-12-04,CUST00158,PROD0036,1,0.0,362.17,362.17,215.12,147.05,Debit Card,Cancelled,,Furniture Product 36,Home & Kitchen,Furniture,375.57,Customer 158,South,Bengaluru,2025-01-20,2025,12,Dec
ORD001749,2025-02-16,CUST00610,PROD0029,3,0.0,56.52,169.56,102.84,66.72,COD,Delivered,4.0,Women Product 29,Fashion,Women,56.34,Customer 610,South,Hyderabad,2025-04-15,2025,2,Feb
ORD001750,2025-04-17,CUST00554,PROD0119,4,0.0,510.82,2043.28,1398.17,645.11,Credit Card,Delivered,3.0,Smartphones Product 119,Electronics,Smartphones,516.56,Customer 554,East,Patna,2025-06-06,2025,4,Apr
ORD001751,2025-04-18,CUST00651,PROD0037,1,0.1,178.88,160.99,108.02,52.97,Credit Card,Cancelled,,Sportswear Product 37,Sports,Sportswear,193.95,Customer 651,East,Kolkata,2025-03-24,2025,4,Apr
ORD001752,2025-09-22,CUST00920,PROD0113,1,0.0,472.29,472.29,386.11,86.18,Credit Card,Delivered,6.0,Smartphones Product 113,Electronics,Smartphones,480.63,Customer 920,East,Ranchi,2025-05-07,2025,9,Sep
ORD001753,2025-07-24,CUST00227,PROD0100,2,0.0,107.02,214.04,173.81,40.23,UPI,Delivered,5.0,Men Product 100,Fashion,Men,105.21,Customer 227,North,Jaipur,2023-01-01,2025,7,Jul
ORD001754,2025-03-20,CUST00423,PROD0087,1,0.15,188.75,160.44,100.36,60.08,UPI,Delivered,3.0,Equipment Product 87,Sports,Equipment,181.5,Customer 423,East,Bhubaneswar,2024-02-07,2025,3,Mar
ORD001755,2025-06-04,CUST01096,PROD0045,1,0.15,203.78,173.21,139.82,33.39,Net Banking,Delivered,2.0,Kitchen Product 45,Home & Kitchen,Kitchen,184.1,Customer 1096,South,Bengaluru,2024-12-09,2025,6,Jun
ORD001756,2025-09-28,CUST00243,PROD0016,4,0.15,197.3,670.82,500.53,170.29,UPI,Delivered,5.0,Women Product 16,Fashion,Women,203.86,Customer 243,Central,Indore,2023-12-06,2025,9,Sep
ORD001757,2025-09-04,CUST00530,PROD0112,1,0.2,210.13,168.1,113.99,54.11,Net Banking,Delivered,4.0,Kitchen Product 112,Home & Kitchen,Kitchen,221.08,Customer 530,East,Patna,2023-03-02,2025,9,Sep
ORD001758,2025-01-19,CUST01069,PROD0031,1,0.0,277.45,277.45,210.17,67.28,UPI,Delivered,7.0,Furniture Product 31,Home & Kitchen,Furniture,253.64,Customer 1069,West,Surat,2023-12-21,2025,1,Jan
ORD001759,2025-12-12,CUST01496,PROD0034,2,0.0,116.93,233.86,186.16,47.7,UPI,Delivered,6.0,Accessories Product 34,Fashion,Accessories,105.5,Customer 1496,West,Surat,2023-04-08,2025,12,Dec
ORD001760,2025-01-26,CUST00371,PROD0050,2,0.05,96.67,183.67,114.47,69.2,Credit Card,Delivered,4.0,Smartphones Product 50,Electronics,Smartphones,95.0,Customer 371,North,Jaipur,2024-02-08,2025,1,Jan
ORD001761,2025-08-05,CUST00652,PROD0065,1,0.2,168.6,134.88,84.57,50.31,UPI,Delivered,1.0,Women Product 65,Fashion,Women,178.78,Customer 652,Central,Bhopal,2024-06-27,2025,8,Aug
ORD001762,2025-06-03,CUST00689,PROD0082,4,0.15,642.99,2186.17,1482.43,703.74,COD,Cancelled,,Laptops Product 82,Electronics,Laptops,632.19,Customer 689,South,Bengaluru,2024-08-21,2025,6,Jun
ORD001763,2025-06-03,CUST00734,PROD0062,2,0.05,157.82,299.86,186.1,113.76,Net Banking,Delivered,5.0,Accessories Product 62,Fashion,Accessories,167.56,Customer 734,Central,Bhopal,2024-02-16,2025,6,Jun
ORD001764,2025-06-23,CUST00092,PROD0104,2,0.0,75.53,151.06,100.68,50.38,Debit Card,Delivered,4.0,Footwear Product 104,Fashion,Footwear,68.87,Customer 92,West,Ahmedabad,2023-04-19,2025,6,Jun
ORD001765,2025-04-02,CUST01046,PROD0043,3,0.1,53.89,145.5,106.94,38.56,COD,Delivered,4.0,Skincare Product 43,Beauty,Skincare,50.76,Customer 1046,Central,Indore,2023-09-10,2025,4,Apr
ORD001766,2025-12-04,CUST00172,PROD0056,2,0.05,81.23,154.34,119.63,34.71,UPI,Delivered,4.0,Women Product 56,Fashion,Women,83.9,Customer 172,South,Hyderabad,2024-01-17,2025,12,Dec
ORD001767,2025-06-30,CUST01216,PROD0120,1,0.1,14.59,13.13,8.57,4.56,Credit Card,Delivered,4.0,Self Help Product 120,Books,Self Help,13.3,Customer 1216,West,Surat,2025-01-12,2025,6,Jun
ORD001768,2025-05-11,CUST01101,PROD0015,1,0.2,123.06,98.45,63.76,34.69,Net Banking,Delivered,4.0,Kitchen Product 15,Home & Kitchen,Kitchen,117.47,Customer 1101,Central,Kanpur,2024-10-22,2025,5,May
ORD001769,2025-10-25,CUST01305,PROD0048,2,0.1,121.71,219.08,168.06,51.02,Credit Card,Delivered,2.0,Fragrance Product 48,Beauty,Fragrance,109.58,Customer 1305,Central,Nagpur,2023-04-16,2025,10,Oct
ORD001770,2025-10-02,CUST01388,PROD0049,1,0.2,456.91,365.53,245.43,120.1,UPI,Delivered,3.0,Decor Product 49,Home & Kitchen,Decor,409.38,Customer 1388,West,Pune,2024-02-26,2025,10,Oct
ORD001771,2025-09-30,CUST00179,PROD0081,4,0.05,309.06,1174.43,911.87,262.56,UPI,Cancelled,,Accessories Product 81,Electronics,Accessories,335.69,Customer 179,Central,Kanpur,2024-06-11,2025,9,Sep
ORD001772,2025-03-17,CUST00238,PROD0044,4,0.1,22.05,79.38,64.97,14.41,Credit Card,Delivered,4.0,Business Product 44,Books,Business,23.36,Customer 238,Central,Nagpur,2024-04-21,2025,3,Mar
ORD001773,2025-06-26,CUST01159,PROD0010,1,0.2,914.77,731.82,596.52,135.3,Debit Card,Delivered,3.0,Smartphones Product 10,Electronics,Smartphones,888.66,Customer 1159,Central,Bhopal,2023-06-15,2025,6,Jun
ORD001774,2025-07-03,CUST00877,PROD0020,1,0.1,106.07,95.46,70.55,24.91,UPI,Delivered,4.0,Skincare Product 20,Beauty,Skincare,95.46,Customer 877,Central,Bhopal,2025-06-23,2025,7,Jul
ORD001775,2025-11-15,CUST00902,PROD0070,2,0.1,116.93,210.47,141.03,69.44,Credit Card,Delivered,6.0,Footwear Product 70,Fashion,Footwear,104.51,Customer 902,Central,Indore,2023-07-30,2025,11,Nov
ORD001776,2025-05-11,CUST00280,PROD0008,1,0.15,477.99,406.29,242.03,164.26,UPI,Delivered,4.0,Decor Product 8,Home & Kitchen,Decor,462.5,Customer 280,Central,Indore,2023-11-11,2025,5,May
ORD001777,2025-12-29,CUST01043,PROD0045,1,0.2,175.77,140.62,106.47,34.15,Credit Card,Delivered,3.0,Kitchen Product 45,Home & Kitchen,Kitchen,184.1,Customer 1043,West,Surat,2023-12-17,2025,12,Dec
ORD001778,2025-02-18,CUST00740,PROD0034,4,0.0,100.5,402.0,327.51,74.49,Net Banking,Delivered,2.0,Accessories Product 34,Fashion,Accessories,105.5,Customer 740,West,Mumbai,2023-06-24,2025,2,Feb
ORD001779,2025-02-24,CUST00371,PROD0096,1,0.05,225.5,214.22,127.74,86.48,Credit Card,Delivered,2.0,Footwear Product 96,Fashion,Footwear,210.2,Customer 371,North,Jaipur,2024-02-08,2025,2,Feb
ORD001780,2025-06-03,CUST01136,PROD0051,1,0.05,190.54,181.01,105.25,75.76,Credit Card,Delivered,8.0,Furniture Product 51,Home & Kitchen,Furniture,183.5,Customer 1136,North,Chandigarh,2023-07-12,2025,6,Jun
ORD001781,2025-12-21,CUST00870,PROD0118,4,0.2,134.82,431.42,336.35,95.07,UPI,Returned,4.0,Kitchen Product 118,Home & Kitchen,Kitchen,130.92,Customer 870,North,Delhi,2025-05-08,2025,12,Dec
ORD001782,2025-07-19,CUST01019,PROD0106,1,0.25,154.77,116.08,70.18,45.9,UPI,Delivered,3.0,Women Product 106,Fashion,Women,152.76,Customer 1019,East,Bhubaneswar,2023-04-14,2025,7,Jul
ORD001783,2025-11-04,CUST00221,PROD0004,2,0.0,11.59,23.18,13.9,9.28,UPI,Delivered,2.0,Technology Product 4,Books,Technology,10.88,Customer 221,East,Ranchi,2023-04-14,2025,11,Nov
ORD001784,2025-12-22,CUST00920,PROD0108,1,0.0,407.71,407.71,325.55,82.16,Debit Card,Delivered,5.0,Kitchen Product 108,Home & Kitchen,Kitchen,373.49,Customer 920,East,Ranchi,2025-05-07,2025,12,Dec
ORD001785,2025-04-28,CUST00304,PROD0114,1,0.2,539.34,431.47,258.49,172.98,UPI,Delivered,3.0,Audio Product 114,Electronics,Audio,550.01,Customer 304,South,Chennai,2024-03-27,2025,4,Apr
ORD001786,2025-09-20,CUST01349,PROD0039,1,0.05,163.05,154.9,94.08,60.82,Credit Card,Delivered,3.0,Smartphones Product 39,Electronics,Smartphones,169.11,Customer 1349,North,Delhi,2023-07-06,2025,9,Sep
ORD001787,2025-02-15,CUST01461,PROD0084,1,0.0,24.93,24.93,17.87,7.06,Debit Card,Delivered,2.0,Fiction Product 84,Books,Fiction,23.65,Customer 1461,Central,Bhopal,2024-08-30,2025,2,Feb
ORD001788,2025-10-29,CUST00438,PROD0024,2,0.0,311.0,622.0,473.74,148.26,Debit Card,Delivered,2.0,Equipment Product 24,Sports,Equipment,281.97,Customer 438,South,Hyderabad,2023-12-18,2025,10,Oct
ORD001789,2025-12-22,CUST01194,PROD0088,3,0.05,80.84,230.39,155.72,74.67,Credit Card,Delivered,3.0,Accessories Product 88,Fashion,Accessories,81.69,Customer 1194,South,Kochi,2023-08-03,2025,12,Dec
ORD001790,2025-07-08,CUST00375,PROD0055,2,0.1,280.35,504.63,343.62,161.01,Credit Card,Delivered,4.0,Fitness Product 55,Sports,Fitness,287.69,Customer 375,Central,Bhopal,2025-04-10,2025,7,Jul
ORD001791,2025-11-06,CUST00381,PROD0026,2,0.05,218.0,414.2,303.12,111.08,UPI,Delivered,2.0,Men Product 26,Fashion,Men,225.85,Customer 381,West,Ahmedabad,2024-07-27,2025,11,Nov
ORD001792,2025-11-14,CUST00986,PROD0025,2,0.1,271.75,489.15,343.04,146.11,UPI,Delivered,1.0,Kitchen Product 25,Home & Kitchen,Kitchen,279.9,Customer 986,West,Ahmedabad,2025-04-17,2025,11,Nov
ORD001793,2025-05-09,CUST00014,PROD0036,4,0.2,355.66,1138.11,665.19,472.92,Credit Card,Delivered,3.0,Furniture Product 36,Home & Kitchen,Furniture,375.57,Customer 14,South,Kochi,2024-10-28,2025,5,May
ORD001794,2025-02-18,CUST00743,PROD0071,1,0.0,34.0,34.0,20.65,13.35,UPI,Cancelled,,Footwear Product 71,Fashion,Footwear,32.71,Customer 743,West,Ahmedabad,2023-01-19,2025,2,Feb
ORD001795,2025-01-25,CUST00669,PROD0074,1,0.0,210.13,210.13,151.21,58.92,UPI,Delivered,1.0,Women Product 74,Fashion,Women,215.26,Customer 669,South,Chennai,2023-04-19,2025,1,Jan
ORD001796,2025-09-23,CUST00500,PROD0058,2,0.2,202.29,323.66,249.37,74.29,Net Banking,Delivered,3.0,Footwear Product 58,Fashion,Footwear,193.95,Customer 500,North,Lucknow,2024-10-05,2025,9,Sep
ORD001797,2025-04-28,CUST01415,PROD0111,4,0.15,60.5,205.7,156.98,48.72,Debit Card,Delivered,1.0,Fiction Product 111,Books,Fiction,64.59,Customer 1415,West,Surat,2024-12-25,2025,4,Apr
ORD001798,2025-05-24,CUST00565,PROD0012,3,0.05,286.7,817.09,619.04,198.05,UPI,Delivered,5.0,Audio Product 12,Electronics,Audio,304.0,Customer 565,East,Kolkata,2024-09-10,2025,5,May
ORD001799,2025-07-19,CUST00530,PROD0001,1,0.05,404.98,384.73,294.36,90.37,UPI,Delivered,6.0,Kitchen Product 1,Home & Kitchen,Kitchen,394.25,Customer 530,East,Patna,2023-03-02,2025,7,Jul
ORD001800,2025-06-06,CUST00492,PROD0116,4,0.05,52.63,199.99,118.13,81.86,Credit Card,Delivered,7.0,Men Product 116,Fashion,Men,51.48,Customer 492,West,Mumbai,2024-02-23,2025,6,Jun
ORD001801,2025-12-14,CUST01409,PROD0050,1,0.1,92.56,83.3,66.21,17.09,UPI,Cancelled,,Smartphones Product 50,Electronics,Smartphones,95.0,Customer 1409,South,Hyderabad,2024-12-02,2025,12,Dec
ORD001802,2025-05-14,CUST01220,PROD0025,1,0.0,303.81,303.81,241.05,62.76,UPI,Delivered,4.0,Kitchen Product 25,Home & Kitchen,Kitchen,279.9,Customer 1220,North,Delhi,2025-02-23,2025,5,May
ORD001803,2025-05-28,CUST00755,PROD0080,1,0.1,37.62,33.86,23.96,9.9,Debit Card,Delivered,4.0,Skincare Product 80,Beauty,Skincare,39.29,Customer 755,North,Delhi,2023-07-24,2025,5,May
ORD001804,2025-12-02,CUST00300,PROD0005,1,0.0,234.56,234.56,150.04,84.52,UPI,Delivered,5.0,Men Product 5,Fashion,Men,236.42,Customer 300,North,Lucknow,2024-04-02,2025,12,Dec
ORD001805,2025-03-12,CUST00815,PROD0083,2,0.15,42.55,72.33,52.23,20.1,UPI,Delivered,5.0,Business Product 83,Books,Business,41.27,Customer 815,East,Ranchi,2025-02-21,2025,3,Mar
ORD001806,2025-08-21,CUST00547,PROD0068,2,0.05,107.22,203.72,145.43,58.29,Credit Card,Delivered,3.0,Kitchen Product 68,Home & Kitchen,Kitchen,98.06,Customer 547,East,Kolkata,2023-11-15,2025,8,Aug
ORD001807,2025-11-30,CUST00727,PROD0006,1,0.1,78.87,70.98,44.97,26.01,Net Banking,Delivered,4.0,Decor Product 6,Home & Kitchen,Decor,78.58,Customer 727,West,Mumbai,2024-07-12,2025,11,Nov
ORD001808,2025-10-26,CUST00731,PROD0026,4,0.0,225.79,903.16,654.57,248.59,Net Banking,Delivered,2.0,Men Product 26,Fashion,Men,225.85,Customer 731,North,Lucknow,2023-04-28,2025,10,Oct
ORD001809,2025-06-03,CUST00828,PROD0113,1,0.0,497.89,497.89,384.05,113.84,Net Banking,Delivered,4.0,Smartphones Product 113,Electronics,Smartphones,480.63,Customer 828,Central,Nagpur,2024-10-09,2025,6,Jun
ORD001810,2025-03-31,CUST00602,PROD0103,1,0.1,38.54,34.69,26.83,7.86,Credit Card,Delivered,5.0,Women Product 103,Fashion,Women,39.19,Customer 602,South,Chennai,2025-02-10,2025,3,Mar
ORD001811,2025-11-30,CUST01332,PROD0120,2,0.15,14.12,24.0,14.26,9.74,Net Banking,Delivered,5.0,Self Help Product 120,Books,Self Help,13.3,Customer 1332,West,Pune,2024-12-20,2025,11,Nov
ORD001812,2025-07-18,CUST01276,PROD0055,1,0.15,278.98,237.13,148.76,88.37,Net Banking,Delivered,5.0,Fitness Product 55,Sports,Fitness,287.69,Customer 1276,North,Chandigarh,2024-01-11,2025,7,Jul
ORD001813,2025-06-10,CUST01032,PROD0039,1,0.15,183.42,155.91,115.43,40.48,Credit Card,Delivered,3.0,Smartphones Product 39,Electronics,Smartphones,169.11,Customer 1032,West,Mumbai,2024-10-13,2025,6,Jun
ORD001814,2025-01-26,CUST00768,PROD0009,1,0.0,293.94,293.94,231.14,62.8,UPI,Delivered,6.0,Furniture Product 9,Home & Kitchen,Furniture,301.64,Customer 768,South,Kochi,2023-11-21,2025,1,Jan
ORD001815,2025-05-01,CUST00875,PROD0045,3,0.1,205.92,555.98,392.02,163.96,Debit Card,Delivered,8.0,Kitchen Product 45,Home & Kitchen,Kitchen,184.1,Customer 875,Central,Indore,2023-09-13,2025,5,May
ORD001816,2025-10-28,CUST01232,PROD0116,4,0.0,50.62,202.48,151.82,50.66,COD,Delivered,7.0,Men Product 116,Fashion,Men,51.48,Customer 1232,East,Ranchi,2023-10-03,2025,10,Oct
ORD001817,2025-07-31,CUST00937,PROD0014,1,0.0,140.62,140.62,82.27,58.35,COD,Delivered,4.0,Accessories Product 14,Electronics,Accessories,128.33,Customer 937,West,Pune,2025-04-04,2025,7,Jul
ORD001818,2025-03-04,CUST00131,PROD0112,2,0.15,220.96,375.63,272.72,102.91,UPI,Delivered,4.0,Kitchen Product 112,Home & Kitchen,Kitchen,221.08,Customer 131,South,Bengaluru,2023-06-30,2025,3,Mar
ORD001819,2025-03-09,CUST00608,PROD0055,4,0.2,278.83,892.26,723.5,168.76,COD,Delivered,3.0,Fitness Product 55,Sports,Fitness,287.69,Customer 608,South,Hyderabad,2025-04-01,2025,3,Mar
ORD001820,2025-09-10,CUST00026,PROD0009,1,0.15,291.15,247.48,182.8,64.68,Credit Card,Delivered,3.0,Furniture Product 9,Home & Kitchen,Furniture,301.64,Customer 26,West,Ahmedabad,2024-08-28,2025,9,Sep
ORD001821,2025-01-02,CUST01478,PROD0015,2,0.15,128.05,217.68,174.44,43.24,UPI,Delivered,3.0,Kitchen Product 15,Home & Kitchen,Kitchen,117.47,Customer 1478,South,Bengaluru,2023-06-29,2025,1,Jan
ORD001822,2025-04-18,CUST00635,PROD0037,4,0.25,190.41,571.23,408.91,162.32,COD,Delivered,2.0,Sportswear Product 37,Sports,Sportswear,193.95,Customer 635,East,Patna,2023-05-20,2025,4,Apr
ORD001823,2025-10-13,CUST01210,PROD0050,1,0.0,93.83,93.83,73.41,20.42,Net Banking,Delivered,7.0,Smartphones Product 50,Electronics,Smartphones,95.0,Customer 1210,East,Kolkata,2024-08-29,2025,10,Oct
ORD001824,2025-02-18,CUST00484,PROD0117,4,0.25,261.69,785.07,478.73,306.34,Debit Card,Delivered,4.0,Furniture Product 117,Home & Kitchen,Furniture,272.76,Customer 484,North,Chandigarh,2023-06-25,2025,2,Feb
ORD001825,2025-05-20,CUST00680,PROD0084,3,0.1,26.31,71.04,43.31,27.73,Net Banking,Delivered,6.0,Fiction Product 84,Books,Fiction,23.65,Customer 680,West,Pune,2024-04-15,2025,5,May
ORD001826,2025-08-06,CUST01075,PROD0072,4,0.15,15.51,52.73,32.1,20.63,Debit Card,Delivered,3.0,Technology Product 72,Books,Technology,16.01,Customer 1075,South,Bengaluru,2023-05-18,2025,8,Aug
ORD001827,2025-02-13,CUST00005,PROD0096,4,0.1,203.79,733.64,511.58,222.06,Credit Card,Delivered,3.0,Footwear Product 96,Fashion,Footwear,210.2,Customer 5,West,Pune,2025-05-25,2025,2,Feb
ORD001828,2025-09-26,CUST00589,PROD0111,4,0.1,71.62,257.83,169.98,87.85,COD,Delivered,2.0,Fiction Product 111,Books,Fiction,64.59,Customer 589,South,Hyderabad,2024-09-10,2025,9,Sep
ORD001829,2025-03-19,CUST01184,PROD0021,1,0.15,14.31,12.16,9.15,3.01,COD,Delivered,3.0,Technology Product 21,Books,Technology,13.01,Customer 1184,South,Kochi,2024-09-19,2025,3,Mar
ORD001830,2025-08-04,CUST00208,PROD0057,1,0.05,29.99,28.49,22.7,5.79,UPI,Delivered,6.0,Fitness Product 57,Sports,Fitness,30.92,Customer 208,North,Lucknow,2025-05-18,2025,8,Aug
ORD001831,2025-04-08,CUST00257,PROD0105,3,0.2,189.12,453.89,330.73,123.16,UPI,Delivered,4.0,Fragrance Product 105,Beauty,Fragrance,173.04,Customer 257,North,Jaipur,2025-04-28,2025,4,Apr
ORD001832,2025-08-24,CUST01229,PROD0019,1,0.0,207.42,207.42,130.92,76.5,Credit Card,Delivered,3.0,Decor Product 19,Home & Kitchen,Decor,213.84,Customer 1229,Central,Kanpur,2024-07-23,2025,8,Aug
ORD001833,2025-10-09,CUST00011,PROD0093,1,0.05,349.84,332.35,267.01,65.34,Net Banking,Returned,4.0,Appliances Product 93,Home & Kitchen,Appliances,373.4,Customer 11,Central,Nagpur,2024-03-13,2025,10,Oct
ORD001834,2025-05-29,CUST00949,PROD0058,1,0.0,210.26,210.26,148.59,61.67,Net Banking,Delivered,6.0,Footwear Product 58,Fashion,Footwear,193.95,Customer 949,Central,Kanpur,2024-08-15,2025,5,May
ORD001835,2025-10-31,CUST00008,PROD0095,2,0.05,40.11,76.21,57.37,18.84,COD,Delivered,2.0,Business Product 95,Books,Business,37.34,Customer 8,South,Chennai,2023-01-10,2025,10,Oct
ORD001836,2025-03-07,CUST01433,PROD0118,1,0.0,128.16,128.16,101.72,26.44,Credit Card,Delivered,7.0,Kitchen Product 118,Home & Kitchen,Kitchen,130.92,Customer 1433,West,Pune,2023-09-30,2025,3,Mar
ORD001837,2025-08-22,CUST00936,PROD0006,1,0.0,73.71,73.71,60.26,13.45,Debit Card,Delivered,4.0,Decor Product 6,Home & Kitchen,Decor,78.58,Customer 936,South,Chennai,2023-02-28,2025,8,Aug
ORD001838,2025-03-28,CUST00032,PROD0004,1,0.1,10.46,9.41,6.6,2.81,Net Banking,Delivered,5.0,Technology Product 4,Books,Technology,10.88,Customer 32,North,Chandigarh,2025-05-07,2025,3,Mar
ORD001839,2025-03-20,CUST00540,PROD0043,1,0.1,54.53,49.08,37.98,11.1,UPI,Delivered,4.0,Skincare Product 43,Beauty,Skincare,50.76,Customer 540,East,Patna,2024-10-11,2025,3,Mar
ORD001840,2025-07-24,CUST01005,PROD0093,2,0.0,415.58,831.16,595.15,236.01,Credit Card,Delivered,2.0,Appliances Product 93,Home & Kitchen,Appliances,373.4,Customer 1005,East,Patna,2025-04-07,2025,7,Jul
ORD001841,2025-10-06,CUST00387,PROD0042,1,0.05,261.68,248.6,173.21,75.39,Credit Card,Delivered,4.0,Accessories Product 42,Electronics,Accessories,269.27,Customer 387,North,Chandigarh,2024-07-23,2025,10,Oct
ORD001842,2025-12-03,CUST01252,PROD0003,1,0.25,611.27,458.45,325.06,133.39,Debit Card,Cancelled,,Accessories Product 3,Electronics,Accessories,564.08,Customer 1252,East,Patna,2023-07-11,2025,12,Dec
ORD001843,2025-09-11,CUST00640,PROD0001,3,0.0,380.68,1142.04,795.12,346.92,Debit Card,Delivered,5.0,Kitchen Product 1,Home & Kitchen,Kitchen,394.25,Customer 640,North,Chandigarh,2024-06-18,2025,9,Sep
ORD001844,2025-10-31,CUST01499,PROD0108,1,0.05,394.38,374.66,255.16,119.5,Net Banking,Delivered,4.0,Kitchen Product 108,Home & Kitchen,Kitchen,373.49,Customer 1499,North,Jaipur,2025-03-10,2025,10,Oct
ORD001845,2025-05-10,CUST00207,PROD0055,3,0.0,269.49,808.47,609.34,199.13,UPI,Delivered,3.0,Fitness Product 55,Sports,Fitness,287.69,Customer 207,Central,Kanpur,2024-09-26,2025,5,May
ORD001846,2025-03-25,CUST01342,PROD0015,1,0.0,121.82,121.82,77.96,43.86,UPI,Delivered,3.0,Kitchen Product 15,Home & Kitchen,Kitchen,117.47,Customer 1342,West,Surat,2023-08-15,2025,3,Mar
ORD001847,2025-10-03,CUST00557,PROD0047,1,0.1,18.11,16.3,11.87,4.43,Net Banking,Delivered,6.0,Men Product 47,Fashion,Men,18.6,Customer 557,South,Bengaluru,2025-02-14,2025,10,Oct
ORD001848,2025-07-06,CUST00348,PROD0085,4,0.05,173.99,661.16,496.6,164.56,UPI,Delivered,5.0,Makeup Product 85,Beauty,Makeup,157.43,Customer 348,East,Ranchi,2024-05-03,2025,7,Jul
ORD001849,2025-02-15,CUST00793,PROD0046,2,0.1,116.99,210.58,167.22,43.36,UPI,Delivered,5.0,Accessories Product 46,Electronics,Accessories,119.63,Customer 793,East,Patna,2023-01-25,2025,2,Feb
ORD001850,2025-07-02,CUST00234,PROD0058,2,0.0,193.89,387.78,255.8,131.98,UPI,Delivered,3.0,Footwear Product 58,Fashion,Footwear,193.95,Customer 234,West,Surat,2024-08-15,2025,7,Jul
ORD001851,2025-09-25,CUST01068,PROD0095,1,0.1,40.63,36.57,28.76,7.81,UPI,Delivered,6.0,Business Product 95,Books,Business,37.34,Customer 1068,Central,Kanpur,2024-03-17,2025,9,Sep
ORD001852,2025-10-23,CUST01006,PROD0071,3,0.15,32.96,84.05,67.82,16.23,Debit Card,Delivered,2.0,Footwear Product 71,Fashion,Footwear,32.71,Customer 1006,South,Bengaluru,2023-04-30,2025,10,Oct
ORD001853,2025-11-18,CUST00737,PROD0081,1,0.0,324.84,324.84,238.98,85.86,Debit Card,Delivered,1.0,Accessories Product 81,Electronics,Accessories,335.69,Customer 737,Central,Kanpur,2023-12-29,2025,11,Nov
ORD001854,2025-04-10,CUST00942,PROD0120,4,0.0,13.69,54.76,41.9,12.86,Credit Card,Delivered,3.0,Self Help Product 120,Books,Self Help,13.3,Customer 942,South,Chennai,2025-01-03,2025,4,Apr
ORD001855,2025-03-19,CUST01166,PROD0083,1,0.0,44.9,44.9,30.41,14.49,Debit Card,Delivered,6.0,Business Product 83,Books,Business,41.27,Customer 1166,South,Kochi,2025-04-13,2025,3,Mar
ORD001856,2025-09-29,CUST00176,PROD0039,4,0.1,170.23,612.83,495.48,117.35,UPI,Delivered,4.0,Smartphones Product 39,Electronics,Smartphones,169.11,Customer 176,East,Patna,2025-06-04,2025,9,Sep
ORD001857,2025-12-05,CUST00449,PROD0003,2,0.0,533.95,1067.9,791.32,276.58,UPI,Delivered,2.0,Accessories Product 3,Electronics,Accessories,564.08,Customer 449,West,Pune,2023-03-06,2025,12,Dec
ORD001858,2025-06-11,CUST00592,PROD0030,1,0.1,334.51,301.06,197.02,104.04,Net Banking,Delivered,4.0,Decor Product 30,Home & Kitchen,Decor,335.65,Customer 592,South,Hyderabad,2023-04-02,2025,6,Jun
ORD001859,2025-02-13,CUST00082,PROD0035,2,0.0,35.05,70.1,47.46,22.64,Credit Card,Delivered,5.0,Footwear Product 35,Fashion,Footwear,31.55,Customer 82,North,Chandigarh,2024-10-06,2025,2,Feb
ORD001860,2025-08-26,CUST00135,PROD0057,1,0.0,28.89,28.89,21.04,7.85,UPI,Delivered,4.0,Fitness Product 57,Sports,Fitness,30.92,Customer 135,West,Surat,2024-05-23,2025,8,Aug
ORD001861,2025-05-14,CUST00856,PROD0029,1,0.0,56.44,56.44,35.91,20.53,Debit Card,Cancelled,,Women Product 29,Fashion,Women,56.34,Customer 856,West,Surat,2023-07-25,2025,5,May
ORD001862,2025-07-11,CUST01201,PROD0050,3,0.05,99.71,284.17,216.24,67.93,UPI,Delivered,4.0,Smartphones Product 50,Electronics,Smartphones,95.0,Customer 1201,Central,Bhopal,2025-03-15,2025,7,Jul
ORD001863,2025-12-22,CUST01407,PROD0062,4,0.0,156.79,627.16,397.57,229.59,UPI,Delivered,2.0,Accessories Product 62,Fashion,Accessories,167.56,Customer 1407,West,Mumbai,2023-09-12,2025,12,Dec
ORD001864,2025-10-05,CUST01267,PROD0052,1,0.05,57.38,54.51,39.36,15.15,UPI,Delivered,5.0,Self Help Product 52,Books,Self Help,58.02,Customer 1267,South,Hyderabad,2025-03-04,2025,10,Oct
ORD001865,2025-01-18,CUST01165,PROD0118,3,0.1,145.07,391.69,292.7,98.99,COD,Delivered,2.0,Kitchen Product 118,Home & Kitchen,Kitchen,130.92,Customer 1165,Central,Bhopal,2023-01-13,2025,1,Jan
ORD001866,2025-01-12,CUST01481,PROD0014,2,0.05,118.85,225.81,177.56,48.25,Credit Card,Delivered,6.0,Accessories Product 14,Electronics,Accessories,128.33,Customer 1481,Central,Nagpur,2024-04-23,2025,1,Jan
ORD001867,2025-06-29,CUST00440,PROD0035,1,0.15,33.77,28.7,21.7,7.0,UPI,Delivered,4.0,Footwear Product 35,Fashion,Footwear,31.55,Customer 440,South,Kochi,2023-11-22,2025,6,Jun
ORD001868,2025-05-03,CUST01080,PROD0028,2,0.15,17.89,30.41,23.47,6.94,Debit Card,Delivered,5.0,Equipment Product 28,Sports,Equipment,16.44,Customer 1080,East,Patna,2024-06-24,2025,5,May
ORD001869,2025-09-03,CUST00697,PROD0058,2,0.1,189.18,340.52,272.11,68.41,Net Banking,Cancelled,,Footwear Product 58,Fashion,Footwear,193.95,Customer 697,West,Mumbai,2024-02-05,2025,9,Sep
ORD001870,2025-08-10,CUST00419,PROD0030,1,0.2,323.21,258.57,187.07,71.5,Credit Card,Delivered,3.0,Decor Product 30,Home & Kitchen,Decor,335.65,Customer 419,South,Bengaluru,2023-01-20,2025,8,Aug
ORD001871,2025-02-20,CUST00088,PROD0090,1,0.0,181.43,181.43,142.08,39.35,UPI,Delivered,3.0,Outdoor Product 90,Sports,Outdoor,164.49,Customer 88,Central,Nagpur,2023-03-25,2025,2,Feb
ORD001872,2025-03-12,CUST00656,PROD0007,2,0.0,16.44,32.88,20.9,11.98,UPI,Delivered,5.0,Haircare Product 7,Beauty,Haircare,15.32,Customer 656,North,Jaipur,2024-07-01,2025,3,Mar
ORD001873,2025-02-17,CUST01032,PROD0039,2,0.1,159.42,286.96,222.55,64.41,UPI,Delivered,2.0,Smartphones Product 39,Electronics,Smartphones,169.11,Customer 1032,West,Mumbai,2024-10-13,2025,2,Feb
ORD001874,2025-01-19,CUST00215,PROD0095,2,0.1,35.94,64.69,40.96,23.73,Debit Card,Delivered,1.0,Business Product 95,Books,Business,37.34,Customer 215,South,Kochi,2025-03-14,2025,1,Jan
ORD001875,2025-09-19,CUST00552,PROD0069,3,0.1,151.02,407.75,327.96,79.79,Credit Card,Delivered,4.0,Women Product 69,Fashion,Women,144.62,Customer 552,Central,Nagpur,2025-05-19,2025,9,Sep
ORD001876,2025-03-25,CUST00503,PROD0035,2,0.0,31.67,63.34,41.75,21.59,UPI,Delivered,2.0,Footwear Product 35,Fashion,Footwear,31.55,Customer 503,North,Jaipur,2023-03-14,2025,3,Mar
ORD001877,2025-06-04,CUST00699,PROD0114,1,0.1,561.47,505.32,313.93,191.39,Debit Card,Delivered,2.0,Audio Product 114,Electronics,Audio,550.01,Customer 699,South,Kochi,2024-09-07,2025,6,Jun
ORD001878,2025-02-22,CUST00245,PROD0111,2,0.2,71.71,114.74,70.63,44.11,Credit Card,Delivered,7.0,Fiction Product 111,Books,Fiction,64.59,Customer 245,North,Lucknow,2023-09-02,2025,2,Feb
ORD001879,2025-04-17,CUST00309,PROD0052,2,0.05,58.25,110.68,69.17,41.51,COD,Delivered,4.0,Self Help Product 52,Books,Self Help,58.02,Customer 309,South,Kochi,2023-01-22,2025,4,Apr
ORD001880,2025-12-23,CUST00231,PROD0014,4,0.25,140.69,422.07,290.14,131.93,Credit Card,Delivered,5.0,Accessories Product 14,Electronics,Accessories,128.33,Customer 231,North,Lucknow,2024-05-23,2025,12,Dec
ORD001881,2025-10-31,CUST01407,PROD0063,1,0.05,287.89,273.5,192.9,80.6,Credit Card,Delivered,6.0,Kitchen Product 63,Home & Kitchen,Kitchen,273.62,Customer 1407,West,Mumbai,2023-09-12,2025,10,Oct
ORD001882,2025-05-15,CUST00155,PROD0036,3,0.0,354.66,1063.98,850.45,213.53,Net Banking,Delivered,2.0,Furniture Product 36,Home & Kitchen,Furniture,375.57,Customer 155,North,Lucknow,2023-02-07,2025,5,May
ORD001883,2025-03-10,CUST01199,PROD0091,3,0.05,41.08,117.08,78.61,38.47,UPI,Delivered,6.0,Technology Product 91,Books,Technology,38.43,Customer 1199,South,Bengaluru,2023-06-28,2025,3,Mar
ORD001884,2025-01-11,CUST00848,PROD0024,1,0.1,288.75,259.88,164.3,95.58,UPI,Delivered,6.0,Equipment Product 24,Sports,Equipment,281.97,Customer 848,South,Kochi,2023-08-09,2025,1,Jan
ORD001885,2025-05-23,CUST00115,PROD0040,2,0.1,261.21,470.18,356.64,113.54,Net Banking,Delivered,1.0,Appliances Product 40,Home & Kitchen,Appliances,270.68,Customer 115,North,Jaipur,2023-06-13,2025,5,May
ORD001886,2025-07-11,CUST01414,PROD0029,3,0.1,55.1,148.77,91.09,57.68,Credit Card,Delivered,7.0,Women Product 29,Fashion,Women,56.34,Customer 1414,Central,Nagpur,2025-02-04,2025,7,Jul
ORD001887,2025-03-10,CUST00311,PROD0053,4,0.1,23.51,84.64,67.22,17.42,Credit Card,Delivered,3.0,Self Help Product 53,Books,Self Help,22.79,Customer 311,West,Pune,2023-11-09,2025,3,Mar
ORD001888,2025-01-23,CUST00993,PROD0109,4,0.0,47.53,190.12,128.95,61.17,Net Banking,Delivered,7.0,Fiction Product 109,Books,Fiction,45.69,Customer 993,South,Bengaluru,2024-01-27,2025,1,Jan
ORD001889,2025-06-30,CUST00300,PROD0022,1,0.05,218.87,207.93,151.23,56.7,Credit Card,Delivered,5.0,Kitchen Product 22,Home & Kitchen,Kitchen,196.54,Customer 300,North,Lucknow,2024-04-02,2025,6,Jun
ORD001890,2025-10-20,CUST01042,PROD0072,1,0.05,17.47,16.6,10.37,6.23,Net Banking,Delivered,3.0,Technology Product 72,Books,Technology,16.01,Customer 1042,South,Chennai,2024-11-05,2025,10,Oct
ORD001891,2025-01-09,CUST00784,PROD0015,1,0.25,112.91,84.68,52.07,32.61,Net Banking,Delivered,4.0,Kitchen Product 15,Home & Kitchen,Kitchen,117.47,Customer 784,Central,Indore,2025-02-03,2025,1,Jan
ORD001892,2025-09-28,CUST00012,PROD0113,2,0.05,516.58,981.5,757.44,224.06,UPI,Delivered,3.0,Smartphones Product 113,Electronics,Smartphones,480.63,Customer 12,West,Mumbai,2025-01-29,2025,9,Sep
ORD001893,2025-04-03,CUST01428,PROD0069,2,0.2,133.29,213.26,145.68,67.58,Debit Card,Delivered,3.0,Women Product 69,Fashion,Women,144.62,Customer 1428,East,Kolkata,2024-12-17,2025,4,Apr
ORD001894,2025-01-17,CUST00232,PROD0116,4,0.05,48.7,185.06,151.16,33.9,COD,Delivered,2.0,Men Product 116,Fashion,Men,51.48,Customer 232,North,Lucknow,2024-09-29,2025,1,Jan
ORD001895,2025-06-03,CUST00955,PROD0064,4,0.0,476.73,1906.92,1345.96,560.96,Credit Card,Delivered,6.0,Decor Product 64,Home & Kitchen,Decor,496.62,Customer 955,North,Lucknow,2025-05-07,2025,6,Jun
ORD001896,2025-11-24,CUST00730,PROD0004,1,0.0,11.31,11.31,8.86,2.45,Debit Card,Delivered,4.0,Technology Product 4,Books,Technology,10.88,Customer 730,North,Lucknow,2023-05-27,2025,11,Nov
ORD001897,2025-05-29,CUST01302,PROD0075,1,0.05,212.75,202.11,164.76,37.35,Credit Card,Delivered,5.0,Decor Product 75,Home & Kitchen,Decor,221.86,Customer 1302,South,Kochi,2024-05-04,2025,5,May
ORD001898,2025-09-24,CUST01377,PROD0018,4,0.25,218.83,656.49,425.06,231.43,UPI,Returned,4.0,Furniture Product 18,Home & Kitchen,Furniture,220.36,Customer 1377,East,Bhubaneswar,2023-02-22,2025,9,Sep
ORD001899,2025-11-24,CUST01018,PROD0042,1,0.1,260.8,234.72,181.25,53.47,UPI,Delivered,2.0,Accessories Product 42,Electronics,Accessories,269.27,Customer 1018,West,Surat,2024-03-30,2025,11,Nov
ORD001900,2025-04-16,CUST00999,PROD0113,3,0.2,474.61,1139.06,666.67,472.39,Credit Card,Delivered,4.0,Smartphones Product 113,Electronics,Smartphones,480.63,Customer 999,North,Lucknow,2025-06-11,2025,4,Apr
ORD001901,2025-02-04,CUST00303,PROD0030,3,0.15,372.06,948.75,705.06,243.69,Credit Card,Delivered,3.0,Decor Product 30,Home & Kitchen,Decor,335.65,Customer 303,East,Bhubaneswar,2023-04-05,2025,2,Feb
ORD001902,2025-04-29,CUST00541,PROD0015,4,0.1,131.5,473.4,359.24,114.16,Credit Card,Delivered,1.0,Kitchen Product 15,Home & Kitchen,Kitchen,117.47,Customer 541,South,Bengaluru,2023-12-04,2025,4,Apr
ORD001903,2025-01-14,CUST00470,PROD0070,3,0.1,110.48,298.3,207.19,91.11,COD,Delivered,4.0,Footwear Product 70,Fashion,Footwear,104.51,Customer 470,North,Lucknow,2023-01-07,2025,1,Jan
ORD001904,2025-01-14,CUST00813,PROD0055,1,0.1,297.6,267.84,165.77,102.07,UPI,Delivered,5.0,Fitness Product 55,Sports,Fitness,287.69,Customer 813,Central,Bhopal,2024-10-20,2025,1,Jan
ORD001905,2025-09-23,CUST00077,PROD0053,2,0.1,24.2,43.56,31.71,11.85,Credit Card,Delivered,4.0,Self Help Product 53,Books,Self Help,22.79,Customer 77,West,Pune,2023-07-18,2025,9,Sep
ORD001906,2025-05-20,CUST01020,PROD0016,3,0.05,219.01,624.18,496.48,127.7,Credit Card,Delivered,2.0,Women Product 16,Fashion,Women,203.86,Customer 1020,East,Bhubaneswar,2023-03-18,2025,5,May
ORD001907,2025-10-21,CUST00024,PROD0111,1,0.05,68.97,65.52,52.65,12.87,COD,Delivered,5.0,Fiction Product 111,Books,Fiction,64.59,Customer 24,West,Ahmedabad,2024-02-08,2025,10,Oct
ORD001908,2025-12-30,CUST01039,PROD0104,4,0.1,64.49,232.16,176.22,55.94,Credit Card,Delivered,3.0,Footwear Product 104,Fashion,Footwear,68.87,Customer 1039,West,Ahmedabad,2024-03-26,2025,12,Dec
ORD001909,2025-04-29,CUST00676,PROD0073,3,0.0,9.21,27.63,17.77,9.86,Debit Card,Delivered,2.0,Business Product 73,Books,Business,9.38,Customer 676,Central,Nagpur,2024-03-01,2025,4,Apr
ORD001910,2025-08-26,CUST00525,PROD0107,2,0.1,198.37,357.07,281.68,75.39,Debit Card,Delivered,7.0,Equipment Product 107,Sports,Equipment,200.64,Customer 525,South,Bengaluru,2023-03-10,2025,8,Aug
ORD001911,2025-02-03,CUST00347,PROD0034,4,0.2,104.85,335.52,266.17,69.35,Credit Card,Delivered,1.0,Accessories Product 34,Fashion,Accessories,105.5,Customer 347,North,Delhi,2025-05-29,2025,2,Feb
ORD001912,2025-06-18,CUST00172,PROD0027,1,0.1,426.24,383.62,256.31,127.31,UPI,Delivered,2.0,Decor Product 27,Home & Kitchen,Decor,431.04,Customer 172,South,Hyderabad,2024-01-17,2025,6,Jun
ORD001913,2025-01-10,CUST01351,PROD0013,1,0.1,828.87,745.98,465.43,280.55,UPI,Delivered,3.0,Laptops Product 13,Electronics,Laptops,769.31,Customer 1351,West,Ahmedabad,2023-08-12,2025,1,Jan
ORD001914,2025-05-02,CUST00712,PROD0100,1,0.0,112.52,112.52,88.88,23.64,UPI,Delivered,2.0,Men Product 100,Fashion,Men,105.21,Customer 712,South,Hyderabad,2024-09-29,2025,5,May
ORD001915,2025-05-25,CUST00489,PROD0027,2,0.15,396.95,674.82,534.74,140.08,UPI,Delivered,2.0,Decor Product 27,Home & Kitchen,Decor,431.04,Customer 489,East,Kolkata,2025-03-05,2025,5,May
ORD001916,2025-08-11,CUST01486,PROD0073,1,0.05,9.19,8.73,5.27,3.46,UPI,Cancelled,,Business Product 73,Books,Business,9.38,Customer 1486,East,Bhubaneswar,2024-02-21,2025,8,Aug
ORD001917,2025-09-14,CUST00378,PROD0069,2,0.25,151.09,226.64,184.05,42.59,Credit Card,Delivered,5.0,Women Product 69,Fashion,Women,144.62,Customer 378,West,Mumbai,2024-07-22,2025,9,Sep
ORD001918,2025-09-25,CUST01188,PROD0115,1,0.25,341.49,256.12,181.32,74.8,UPI,Delivered,4.0,Smartphones Product 115,Electronics,Smartphones,361.73,Customer 1188,West,Surat,2025-01-16,2025,9,Sep
ORD001919,2025-12-25,CUST00372,PROD0086,1,0.2,337.59,270.07,221.05,49.02,UPI,Delivered,2.0,Audio Product 86,Electronics,Audio,361.35,Customer 372,South,Kochi,2023-01-29,2025,12,Dec
ORD001920,2025-01-04,CUST01000,PROD0031,2,0.0,275.37,550.74,378.25,172.49,Debit Card,Delivered,6.0,Furniture Product 31,Home & Kitchen,Furniture,253.64,Customer 1000,Central,Kanpur,2024-02-09,2025,1,Jan
ORD001921,2025-12-20,CUST00977,PROD0003,4,0.05,570.02,2166.08,1533.56,632.52,UPI,Cancelled,,Accessories Product 3,Electronics,Accessories,564.08,Customer 977,North,Jaipur,2025-06-21,2025,12,Dec
ORD001922,2025-04-16,CUST01448,PROD0030,2,0.2,366.24,585.98,377.29,208.69,UPI,Delivered,3.0,Decor Product 30,Home & Kitchen,Decor,335.65,Customer 1448,West,Pune,2024-05-11,2025,4,Apr
ORD001923,2025-03-26,CUST00757,PROD0021,2,0.15,14.11,23.99,19.09,4.9,COD,Delivered,4.0,Technology Product 21,Books,Technology,13.01,Customer 757,South,Bengaluru,2024-03-08,2025,3,Mar
ORD001924,2025-08-02,CUST00477,PROD0099,4,0.2,211.9,678.08,465.5,212.58,UPI,Delivered,3.0,Fitness Product 99,Sports,Fitness,192.87,Customer 477,Central,Kanpur,2024-02-24,2025,8,Aug
ORD001925,2025-05-01,CUST00382,PROD0006,1,0.1,73.05,65.74,50.98,14.76,UPI,Delivered,4.0,Decor Product 6,Home & Kitchen,Decor,78.58,Customer 382,East,Patna,2024-10-30,2025,5,May
ORD001926,2025-05-12,CUST00155,PROD0092,4,0.1,55.14,198.5,118.93,79.57,UPI,Delivered,7.0,Haircare Product 92,Beauty,Haircare,57.6,Customer 155,North,Lucknow,2023-02-07,2025,5,May
ORD001927,2025-12-04,CUST00257,PROD0032,4,0.0,13.84,55.36,42.58,12.78,Net Banking,Delivered,8.0,Skincare Product 32,Beauty,Skincare,14.13,Customer 257,North,Jaipur,2025-04-28,2025,12,Dec
ORD001928,2025-07-16,CUST00674,PROD0042,3,0.15,255.06,650.4,453.76,196.64,Credit Card,Delivered,3.0,Accessories Product 42,Electronics,Accessories,269.27,Customer 674,Central,Indore,2024-09-21,2025,7,Jul
ORD001929,2025-01-19,CUST00068,PROD0101,1,0.15,328.41,279.15,162.27,116.88,UPI,Delivered,2.0,Laptops Product 101,Electronics,Laptops,322.89,Customer 68,West,Surat,2025-04-03,2025,1,Jan
ORD001930,2025-05-10,CUST00344,PROD0062,1,0.0,180.93,180.93,114.76,66.17,Credit Card,Delivered,3.0,Accessories Product 62,Fashion,Accessories,167.56,Customer 344,East,Kolkata,2023-02-02,2025,5,May
ORD001931,2025-01-12,CUST01301,PROD0089,1,0.0,519.78,519.78,325.64,194.14,UPI,Delivered,3.0,Kitchen Product 89,Home & Kitchen,Kitchen,468.17,Customer 1301,East,Bhubaneswar,2025-01-04,2025,1,Jan
ORD001932,2025-03-22,CUST00673,PROD0032,1,0.1,15.51,13.96,10.62,3.34,Credit Card,Delivered,4.0,Skincare Product 32,Beauty,Skincare,14.13,Customer 673,Central,Indore,2024-02-29,2025,3,Mar
ORD001933,2025-11-26,CUST00391,PROD0099,2,0.1,195.08,351.14,243.88,107.26,Debit Card,Delivered,7.0,Fitness Product 99,Sports,Fitness,192.87,Customer 391,South,Kochi,2024-11-11,2025,11,Nov
ORD001934,2025-12-20,CUST01473,PROD0086,1,0.0,378.44,378.44,234.0,144.44,UPI,Delivered,3.0,Audio Product 86,Electronics,Audio,361.35,Customer 1473,Central,Bhopal,2025-04-28,2025,12,Dec
ORD001935,2025-09-19,CUST00259,PROD0088,2,0.0,78.92,157.84,101.28,56.56,Credit Card,Returned,4.0,Accessories Product 88,Fashion,Accessories,81.69,Customer 259,North,Delhi,2025-02-21,2025,9,Sep
ORD001936,2025-05-05,CUST00307,PROD0039,2,0.0,169.21,338.42,237.23,101.19,Credit Card,Delivered,3.0,Smartphones Product 39,Electronics,Smartphones,169.11,Customer 307,Central,Indore,2024-05-28,2025,5,May
ORD001937,2025-11-03,CUST01119,PROD0064,2,0.0,543.42,1086.84,635.49,451.35,COD,Delivered,6.0,Decor Product 64,Home & Kitchen,Decor,496.62,Customer 1119,North,Lucknow,2025-06-06,2025,11,Nov
ORD001938,2025-09-24,CUST00950,PROD0118,1,0.2,121.21,96.97,66.11,30.86,COD,Delivered,8.0,Kitchen Product 118,Home & Kitchen,Kitchen,130.92,Customer 950,West,Mumbai,2024-12-30,2025,9,Sep
ORD001939,2025-05-20,CUST01488,PROD0030,1,0.15,344.56,292.88,217.53,75.35,Debit Card,Delivered,6.0,Decor Product 30,Home & Kitchen,Decor,335.65,Customer 1488,North,Lucknow,2023-11-04,2025,5,May
ORD001940,2025-11-25,CUST00970,PROD0063,1,0.15,299.49,254.57,179.28,75.29,Net Banking,Delivered,3.0,Kitchen Product 63,Home & Kitchen,Kitchen,273.62,Customer 970,South,Chennai,2023-05-09,2025,11,Nov
ORD001941,2025-01-02,CUST00246,PROD0114,4,0.15,519.43,1766.06,1277.82,488.24,Debit Card,Returned,3.0,Audio Product 114,Electronics,Audio,550.01,Customer 246,West,Pune,2024-05-29,2025,1,Jan
ORD001942,2025-01-08,CUST00733,PROD0096,1,0.05,234.69,222.96,146.79,76.17,Net Banking,Delivered,3.0,Footwear Product 96,Fashion,Footwear,210.2,Customer 733,North,Lucknow,2024-01-17,2025,1,Jan
ORD001943,2025-09-07,CUST00187,PROD0031,1,0.15,233.98,198.88,124.09,74.79,Credit Card,Returned,5.0,Furniture Product 31,Home & Kitchen,Furniture,253.64,Customer 187,West,Ahmedabad,2024-07-24,2025,9,Sep
ORD001944,2025-05-19,CUST00925,PROD0087,1,0.25,199.15,149.36,115.66,33.7,Credit Card,Delivered,1.0,Equipment Product 87,Sports,Equipment,181.5,Customer 925,Central,Kanpur,2024-04-14,2025,5,May
ORD001945,2025-05-04,CUST00785,PROD0040,2,0.1,268.17,482.71,384.89,97.82,Net Banking,Delivered,8.0,Appliances Product 40,Home & Kitchen,Appliances,270.68,Customer 785,South,Hyderabad,2024-01-22,2025,5,May
ORD001946,2025-11-05,CUST01397,PROD0033,1,0.05,40.01,38.01,26.7,11.31,COD,Delivered,6.0,Business Product 33,Books,Business,42.27,Customer 1397,West,Ahmedabad,2024-09-02,2025,11,Nov
ORD001947,2025-08-16,CUST01430,PROD0063,3,0.15,260.34,663.87,433.65,230.22,UPI,Returned,1.0,Kitchen Product 63,Home & Kitchen,Kitchen,273.62,Customer 1430,Central,Indore,2024-04-25,2025,8,Aug
ORD001948,2025-01-10,CUST00408,PROD0025,4,0.2,296.76,949.63,667.29,282.34,UPI,Delivered,3.0,Kitchen Product 25,Home & Kitchen,Kitchen,279.9,Customer 408,South,Kochi,2025-03-02,2025,1,Jan
ORD001949,2025-07-31,CUST01149,PROD0036,1,0.0,410.93,410.93,325.03,85.9,COD,Delivered,4.0,Furniture Product 36,Home & Kitchen,Furniture,375.57,Customer 1149,Central,Kanpur,2023-04-22,2025,7,Jul
ORD001950,2025-04-22,CUST01361,PROD0024,1,0.05,295.56,280.78,209.44,71.34,Credit Card,Delivered,2.0,Equipment Product 24,Sports,Equipment,281.97,Customer 1361,South,Chennai,2025-05-07,2025,4,Apr
ORD001951,2025-01-08,CUST00341,PROD0095,4,0.2,41.29,132.13,103.86,28.27,COD,Delivered,2.0,Business Product 95,Books,Business,37.34,Customer 341,East,Ranchi,2023-04-28,2025,1,Jan
ORD001952,2025-10-19,CUST00563,PROD0058,1,0.2,211.11,168.89,111.27,57.62,Net Banking,Delivered,4.0,Footwear Product 58,Fashion,Footwear,193.95,Customer 563,West,Pune,2024-05-23,2025,10,Oct
ORD001953,2025-12-28,CUST01202,PROD0039,4,0.1,155.89,561.2,421.39,139.81,Net Banking,Delivered,6.0,Smartphones Product 39,Electronics,Smartphones,169.11,Customer 1202,West,Pune,2023-08-22,2025,12,Dec
ORD001954,2025-09-10,CUST00651,PROD0046,2,0.05,126.08,239.55,176.48,63.07,Credit Card,Delivered,7.0,Accessories Product 46,Electronics,Accessories,119.63,Customer 651,East,Kolkata,2025-03-24,2025,9,Sep
ORD001955,2025-01-14,CUST00952,PROD0077,2,0.05,135.42,257.3,184.53,72.77,UPI,Delivered,1.0,Accessories Product 77,Fashion,Accessories,138.05,Customer 952,Central,Bhopal,2023-06-27,2025,1,Jan
ORD001956,2025-08-28,CUST01194,PROD0010,4,0.1,898.35,3234.06,2285.75,948.31,Credit Card,Delivered,6.0,Smartphones Product 10,Electronics,Smartphones,888.66,Customer 1194,South,Kochi,2023-08-03,2025,8,Aug
ORD001957,2025-08-30,CUST01063,PROD0087,3,0.2,170.39,408.94,291.26,117.68,Net Banking,Delivered,4.0,Equipment Product 87,Sports,Equipment,181.5,Customer 1063,West,Surat,2023-12-22,2025,8,Aug
ORD001958,2025-12-08,CUST00069,PROD0082,2,0.0,617.28,1234.56,967.8,266.76,Debit Card,Delivered,2.0,Laptops Product 82,Electronics,Laptops,632.19,Customer 69,Central,Nagpur,2024-10-22,2025,12,Dec
ORD001959,2025-05-29,CUST01260,PROD0032,1,0.05,14.79,14.05,11.24,2.81,Credit Card,Delivered,4.0,Skincare Product 32,Beauty,Skincare,14.13,Customer 1260,North,Chandigarh,2024-06-23,2025,5,May
ORD001960,2025-08-24,CUST00381,PROD0097,2,0.2,57.17,91.47,55.53,35.94,Debit Card,Delivered,8.0,Self Help Product 97,Books,Self Help,59.33,Customer 381,West,Ahmedabad,2024-07-27,2025,8,Aug
ORD001961,2025-11-02,CUST00057,PROD0036,4,0.05,394.16,1497.81,1073.19,424.62,Debit Card,Delivered,3.0,Furniture Product 36,Home & Kitchen,Furniture,375.57,Customer 57,Central,Kanpur,2025-06-08,2025,11,Nov
ORD001962,2025-06-16,CUST01301,PROD0028,3,0.15,18.16,46.31,37.07,9.24,COD,Delivered,3.0,Equipment Product 28,Sports,Equipment,16.44,Customer 1301,East,Bhubaneswar,2025-01-04,2025,6,Jun
ORD001963,2025-01-20,CUST00850,PROD0016,3,0.05,187.75,535.09,327.66,207.43,UPI,Delivered,4.0,Women Product 16,Fashion,Women,203.86,Customer 850,Central,Kanpur,2025-01-15,2025,1,Jan
ORD001964,2025-08-04,CUST01123,PROD0016,1,0.15,219.59,186.65,126.75,59.9,UPI,Delivered,1.0,Women Product 16,Fashion,Women,203.86,Customer 1123,South,Bengaluru,2024-10-06,2025,8,Aug
ORD001965,2025-12-09,CUST00916,PROD0018,2,0.25,231.0,346.5,208.38,138.12,Credit Card,Delivered,5.0,Furniture Product 18,Home & Kitchen,Furniture,220.36,Customer 916,South,Bengaluru,2024-12-27,2025,12,Dec
ORD001966,2025-05-15,CUST00325,PROD0008,1,0.05,429.81,408.32,247.95,160.37,UPI,Delivered,4.0,Decor Product 8,Home & Kitchen,Decor,462.5,Customer 325,Central,Nagpur,2023-05-04,2025,5,May
ORD001967,2025-05-09,CUST00461,PROD0106,1,0.15,164.68,139.98,111.56,28.42,COD,Delivered,5.0,Women Product 106,Fashion,Women,152.76,Customer 461,West,Mumbai,2025-05-17,2025,5,May
ORD001968,2025-10-21,CUST00179,PROD0080,1,0.25,37.91,28.43,19.53,8.9,UPI,Delivered,2.0,Skincare Product 80,Beauty,Skincare,39.29,Customer 179,Central,Kanpur,2024-06-11,2025,10,Oct
ORD001969,2025-09-03,CUST00844,PROD0119,1,0.25,502.7,377.02,280.99,96.03,COD,Delivered,5.0,Smartphones Product 119,Electronics,Smartphones,516.56,Customer 844,North,Lucknow,2023-11-29,2025,9,Sep
ORD001970,2025-07-08,CUST00574,PROD0120,2,0.05,12.48,23.71,14.54,9.17,COD,Delivered,3.0,Self Help Product 120,Books,Self Help,13.3,Customer 574,Central,Bhopal,2025-04-29,2025,7,Jul
ORD001971,2025-02-13,CUST00119,PROD0075,2,0.1,227.82,410.08,240.01,170.07,UPI,Delivered,2.0,Decor Product 75,Home & Kitchen,Decor,221.86,Customer 119,North,Lucknow,2025-04-14,2025,2,Feb
ORD001972,2025-03-27,CUST01493,PROD0070,1,0.05,106.56,101.23,80.35,20.88,Net Banking,Delivered,6.0,Footwear Product 70,Fashion,Footwear,104.51,Customer 1493,West,Surat,2023-02-13,2025,3,Mar
ORD001973,2025-02-13,CUST00549,PROD0001,3,0.05,390.08,1111.73,798.1,313.63,Credit Card,Delivered,4.0,Kitchen Product 1,Home & Kitchen,Kitchen,394.25,Customer 549,East,Patna,2024-05-18,2025,2,Feb
ORD001974,2025-11-26,CUST00646,PROD0062,1,0.1,159.81,143.83,84.11,59.72,Debit Card,Delivered,2.0,Accessories Product 62,Fashion,Accessories,167.56,Customer 646,North,Lucknow,2023-02-21,2025,11,Nov
ORD001975,2025-05-25,CUST01479,PROD0076,1,0.0,116.57,116.57,95.37,21.2,UPI,Delivered,2.0,Women Product 76,Fashion,Women,107.18,Customer 1479,South,Bengaluru,2024-12-14,2025,5,May
ORD001976,2025-02-20,CUST00026,PROD0038,4,0.15,792.28,2693.75,1880.58,813.17,COD,Delivered,3.0,Laptops Product 38,Electronics,Laptops,723.36,Customer 26,West,Ahmedabad,2024-08-28,2025,2,Feb
ORD001977,2025-08-30,CUST01032,PROD0092,4,0.1,59.22,213.19,148.0,65.19,Credit Card,Delivered,7.0,Haircare Product 92,Beauty,Haircare,57.6,Customer 1032,West,Mumbai,2024-10-13,2025,8,Aug
ORD001978,2025-10-21,CUST00969,PROD0045,2,0.2,178.36,285.38,208.05,77.33,Net Banking,Delivered,6.0,Kitchen Product 45,Home & Kitchen,Kitchen,184.1,Customer 969,Central,Bhopal,2023-03-02,2025,10,Oct
ORD001979,2025-02-20,CUST00533,PROD0058,4,0.15,182.16,619.34,360.39,258.95,Debit Card,Delivered,3.0,Footwear Product 58,Fashion,Footwear,193.95,Customer 533,West,Pune,2023-06-10,2025,2,Feb
ORD001980,2025-09-23,CUST00149,PROD0081,1,0.05,367.15,348.79,249.94,98.85,Credit Card,Cancelled,,Accessories Product 81,Electronics,Accessories,335.69,Customer 149,North,Chandigarh,2024-05-29,2025,9,Sep
ORD001981,2025-04-30,CUST01049,PROD0001,1,0.1,370.28,333.25,243.63,89.62,UPI,Delivered,3.0,Kitchen Product 1,Home & Kitchen,Kitchen,394.25,Customer 1049,South,Bengaluru,2025-03-13,2025,4,Apr
ORD001982,2025-07-19,CUST00655,PROD0032,4,0.15,13.04,44.34,28.88,15.46,UPI,Delivered,5.0,Skincare Product 32,Beauty,Skincare,14.13,Customer 655,Central,Nagpur,2024-01-24,2025,7,Jul
ORD001983,2025-09-05,CUST00945,PROD0008,1,0.0,468.92,468.92,353.77,115.15,Credit Card,Cancelled,,Decor Product 8,Home & Kitchen,Decor,462.5,Customer 945,North,Chandigarh,2023-10-27,2025,9,Sep
ORD001984,2025-03-11,CUST00555,PROD0118,1,0.0,139.59,139.59,93.61,45.98,Net Banking,Delivered,3.0,Kitchen Product 118,Home & Kitchen,Kitchen,130.92,Customer 555,West,Mumbai,2024-08-25,2025,3,Mar
ORD001985,2025-12-07,CUST00425,PROD0040,1,0.2,273.79,219.03,164.77,54.26,UPI,Delivered,4.0,Appliances Product 40,Home & Kitchen,Appliances,270.68,Customer 425,West,Surat,2024-04-27,2025,12,Dec
ORD001986,2025-02-26,CUST00293,PROD0056,3,0.0,78.05,234.15,143.89,90.26,COD,Delivered,6.0,Women Product 56,Fashion,Women,83.9,Customer 293,North,Delhi,2025-04-11,2025,2,Feb
ORD001987,2025-02-08,CUST01209,PROD0063,1,0.2,289.49,231.59,185.11,46.48,Net Banking,Delivered,4.0,Kitchen Product 63,Home & Kitchen,Kitchen,273.62,Customer 1209,North,Delhi,2023-07-26,2025,2,Feb
ORD001988,2025-10-16,CUST00554,PROD0107,1,0.2,210.36,168.29,133.13,35.16,Credit Card,Delivered,6.0,Equipment Product 107,Sports,Equipment,200.64,Customer 554,East,Patna,2025-06-06,2025,10,Oct
ORD001989,2025-01-18,CUST00431,PROD0110,3,0.1,428.19,1156.11,712.34,443.77,UPI,Delivered,6.0,Kitchen Product 110,Home & Kitchen,Kitchen,405.37,Customer 431,West,Mumbai,2025-04-14,2025,1,Jan
ORD001990,2025-08-08,CUST00604,PROD0088,1,0.15,78.61,66.82,53.81,13.01,COD,Delivered,4.0,Accessories Product 88,Fashion,Accessories,81.69,Customer 604,North,Lucknow,2023-09-13,2025,8,Aug
ORD001991,2025-11-09,CUST00317,PROD0074,2,0.05,232.3,441.37,315.08,126.29,UPI,Delivered,3.0,Women Product 74,Fashion,Women,215.26,Customer 317,South,Kochi,2024-09-17,2025,11,Nov
ORD001992,2025-09-01,CUST00398,PROD0111,4,0.2,65.61,209.95,157.13,52.82,UPI,Delivered,4.0,Fiction Product 111,Books,Fiction,64.59,Customer 398,Central,Kanpur,2023-07-23,2025,9,Sep
ORD001993,2025-12-18,CUST01348,PROD0103,2,0.15,40.26,68.44,53.5,14.94,UPI,Delivered,2.0,Women Product 103,Fashion,Women,39.19,Customer 1348,North,Lucknow,2024-12-08,2025,12,Dec
ORD001994,2025-10-31,CUST00596,PROD0103,4,0.0,40.33,161.32,96.8,64.52,COD,Delivered,3.0,Women Product 103,Fashion,Women,39.19,Customer 596,East,Kolkata,2024-10-23,2025,10,Oct
ORD001995,2025-10-25,CUST00546,PROD0074,2,0.1,210.39,378.7,235.03,143.67,Credit Card,Delivered,5.0,Women Product 74,Fashion,Women,215.26,Customer 546,Central,Bhopal,2024-03-18,2025,10,Oct
ORD001996,2025-10-10,CUST00076,PROD0036,1,0.1,364.31,327.88,213.02,114.86,UPI,Delivered,5.0,Furniture Product 36,Home & Kitchen,Furniture,375.57,Customer 76,Central,Nagpur,2024-11-30,2025,10,Oct
ORD001997,2025-03-15,CUST00865,PROD0089,2,0.0,431.16,862.32,598.91,263.41,UPI,Delivered,3.0,Kitchen Product 89,Home & Kitchen,Kitchen,468.17,Customer 865,West,Ahmedabad,2025-04-22,2025,3,Mar
ORD001998,2025-04-20,CUST00916,PROD0114,1,0.25,549.64,412.23,273.33,138.9,Credit Card,Delivered,4.0,Audio Product 114,Electronics,Audio,550.01,Customer 916,South,Bengaluru,2024-12-27,2025,4,Apr
ORD001999,2025-06-29,CUST00709,PROD0057,2,0.05,31.45,59.76,41.92,17.84,UPI,Delivered,3.0,Fitness Product 57,Sports,Fitness,30.92,Customer 709,East,Kolkata,2023-10-16,2025,6,Jun
ORD002000,2025-02-01,CUST00486,PROD0074,2,0.1,230.02,414.04,258.62,155.42,Net Banking,Delivered,3.0,Women Product 74,Fashion,Women,215.26,Customer 486,West,Mumbai,2024-10-18,2025,2,Feb
ORD002001,2025-08-22,CUST01112,PROD0083,2,0.0,38.52,77.04,57.3,19.74,Credit Card,Delivered,4.0,Business Product 83,Books,Business,41.27,Customer 1112,South,Bengaluru,2023-10-15,2025,8,Aug
ORD002002,2025-10-09,CUST00747,PROD0110,4,0.1,447.85,1612.26,956.68,655.58,Debit Card,Delivered,4.0,Kitchen Product 110,Home & Kitchen,Kitchen,405.37,Customer 747,Central,Indore,2024-03-24,2025,10,Oct
ORD002003,2025-01-25,CUST01256,PROD0045,2,0.15,179.09,304.45,202.99,101.46,UPI,Delivered,5.0,Kitchen Product 45,Home & Kitchen,Kitchen,184.1,Customer 1256,North,Jaipur,2024-07-21,2025,1,Jan
ORD002004,2025-11-27,CUST01031,PROD0079,2,0.1,239.26,430.67,268.29,162.38,Credit Card,Delivered,7.0,Appliances Product 79,Home & Kitchen,Appliances,240.86,Customer 1031,Central,Nagpur,2023-10-03,2025,11,Nov
ORD002005,2025-10-06,CUST00550,PROD0080,2,0.15,36.53,62.1,46.9,15.2,UPI,Delivered,3.0,Skincare Product 80,Beauty,Skincare,39.29,Customer 550,West,Surat,2024-11-16,2025,10,Oct
ORD002006,2025-08-14,CUST00976,PROD0002,1,0.15,31.39,26.68,21.13,5.55,Net Banking,Delivered,2.0,Decor Product 2,Home & Kitchen,Decor,29.88,Customer 976,North,Chandigarh,2025-05-17,2025,8,Aug
ORD002007,2025-02-26,CUST01076,PROD0093,1,0.0,396.47,396.47,237.45,159.02,Debit Card,Delivered,4.0,Appliances Product 93,Home & Kitchen,Appliances,373.4,Customer 1076,Central,Kanpur,2023-12-05,2025,2,Feb
ORD002008,2025-06-29,CUST00942,PROD0068,3,0.05,108.43,309.03,237.46,71.57,UPI,Delivered,3.0,Kitchen Product 68,Home & Kitchen,Kitchen,98.06,Customer 942,South,Chennai,2025-01-03,2025,6,Jun
ORD002009,2025-08-20,CUST00919,PROD0117,1,0.0,269.31,269.31,214.09,55.22,UPI,Delivered,5.0,Furniture Product 117,Home & Kitchen,Furniture,272.76,Customer 919,West,Mumbai,2024-07-29,2025,8,Aug
ORD002010,2025-12-09,CUST01420,PROD0050,1,0.0,92.29,92.29,75.1,17.19,Net Banking,Delivered,2.0,Smartphones Product 50,Electronics,Smartphones,95.0,Customer 1420,East,Patna,2024-02-10,2025,12,Dec
ORD002011,2025-10-14,CUST01245,PROD0029,3,0.0,60.01,180.03,129.45,50.58,UPI,Delivered,4.0,Women Product 29,Fashion,Women,56.34,Customer 1245,East,Ranchi,2024-08-06,2025,10,Oct
ORD002012,2025-03-05,CUST01452,PROD0095,2,0.2,39.63,63.41,41.76,21.65,Credit Card,Delivered,3.0,Business Product 95,Books,Business,37.34,Customer 1452,North,Delhi,2023-09-29,2025,3,Mar
ORD002013,2025-08-20,CUST01167,PROD0081,1,0.25,371.75,278.81,183.25,95.56,Credit Card,Delivered,3.0,Accessories Product 81,Electronics,Accessories,335.69,Customer 1167,West,Pune,2025-03-15,2025,8,Aug
ORD002014,2025-10-16,CUST00363,PROD0010,1,0.0,854.06,854.06,573.03,281.03,UPI,Delivered,4.0,Smartphones Product 10,Electronics,Smartphones,888.66,Customer 363,North,Jaipur,2023-08-03,2025,10,Oct
ORD002015,2025-08-01,CUST00382,PROD0027,2,0.05,457.36,868.98,631.78,237.2,Credit Card,Delivered,4.0,Decor Product 27,Home & Kitchen,Decor,431.04,Customer 382,East,Patna,2024-10-30,2025,8,Aug
ORD002016,2025-09-15,CUST01301,PROD0117,1,0.0,254.59,254.59,177.62,76.97,Credit Card,Delivered,5.0,Furniture Product 117,Home & Kitchen,Furniture,272.76,Customer 1301,East,Bhubaneswar,2025-01-04,2025,9,Sep
ORD002017,2025-01-18,CUST00271,PROD0105,1,0.15,175.82,149.45,110.13,39.32,Credit Card,Delivered,2.0,Fragrance Product 105,Beauty,Fragrance,173.04,Customer 271,Central,Bhopal,2023-03-19,2025,1,Jan
ORD002018,2025-06-24,CUST01038,PROD0015,1,0.1,110.88,99.79,58.82,40.97,UPI,Delivered,3.0,Kitchen Product 15,Home & Kitchen,Kitchen,117.47,Customer 1038,Central,Indore,2024-04-02,2025,6,Jun
ORD002019,2025-08-17,CUST00298,PROD0060,4,0.1,128.42,462.31,279.89,182.42,Net Banking,Delivered,4.0,Outdoor Product 60,Sports,Outdoor,122.23,Customer 298,South,Hyderabad,2025-06-09,2025,8,Aug
ORD002020,2025-08-14,CUST01004,PROD0108,2,0.1,388.54,699.37,569.55,129.82,UPI,Delivered,3.0,Kitchen Product 108,Home & Kitchen,Kitchen,373.49,Customer 1004,South,Chennai,2024-05-31,2025,8,Aug
ORD002021,2025-03-25,CUST01488,PROD0031,3,0.15,235.83,601.37,492.46,108.91,Credit Card,Delivered,4.0,Furniture Product 31,Home & Kitchen,Furniture,253.64,Customer 1488,North,Lucknow,2023-11-04,2025,3,Mar
ORD002022,2025-10-18,CUST00234,PROD0021,4,0.05,12.8,48.64,36.93,11.71,UPI,Delivered,2.0,Technology Product 21,Books,Technology,13.01,Customer 234,West,Surat,2024-08-15,2025,10,Oct
ORD002023,2025-09-03,CUST00575,PROD0060,4,0.0,122.11,488.44,313.35,175.09,Net Banking,Delivered,3.0,Outdoor Product 60,Sports,Outdoor,122.23,Customer 575,West,Mumbai,2024-07-21,2025,9,Sep
ORD002024,2025-04-20,CUST00027,PROD0058,2,0.0,188.06,376.12,304.21,71.91,UPI,Delivered,3.0,Footwear Product 58,Fashion,Footwear,193.95,Customer 27,South,Hyderabad,2024-11-05,2025,4,Apr
ORD002025,2025-09-11,CUST01495,PROD0041,1,0.05,362.58,344.45,217.45,127.0,Debit Card,Delivered,8.0,Accessories Product 41,Electronics,Accessories,390.82,Customer 1495,West,Ahmedabad,2025-04-22,2025,9,Sep
ORD002026,2025-03-29,CUST00093,PROD0046,2,0.2,117.69,188.3,142.27,46.03,Credit Card,Delivered,5.0,Accessories Product 46,Electronics,Accessories,119.63,Customer 93,North,Delhi,2023-08-09,2025,3,Mar
ORD002027,2025-03-13,CUST00617,PROD0045,2,0.05,198.56,377.26,229.25,148.01,Net Banking,Delivered,5.0,Kitchen Product 45,Home & Kitchen,Kitchen,184.1,Customer 617,North,Lucknow,2024-01-20,2025,3,Mar
ORD002028,2025-01-30,CUST00309,PROD0026,4,0.0,224.05,896.2,659.37,236.83,Credit Card,Delivered,4.0,Men Product 26,Fashion,Men,225.85,Customer 309,South,Kochi,2023-01-22,2025,1,Jan
ORD002029,2025-06-21,CUST00052,PROD0102,2,0.2,51.44,82.3,62.74,19.56,Credit Card,Delivered,3.0,Makeup Product 102,Beauty,Makeup,52.24,Customer 52,South,Kochi,2023-11-11,2025,6,Jun
ORD002030,2025-11-05,CUST00319,PROD0051,2,0.0,203.38,406.76,319.84,86.92,Net Banking,Delivered,1.0,Furniture Product 51,Home & Kitchen,Furniture,183.5,Customer 319,Central,Indore,2024-08-17,2025,11,Nov
ORD002031,2025-12-09,CUST00181,PROD0036,1,0.0,348.65,348.65,263.66,84.99,Credit Card,Delivered,2.0,Furniture Product 36,Home & Kitchen,Furniture,375.57,Customer 181,East,Bhubaneswar,2023-01-22,2025,12,Dec
ORD002032,2025-06-26,CUST01144,PROD0052,1,0.2,62.28,49.82,39.94,9.88,Net Banking,Delivered,6.0,Self Help Product 52,Books,Self Help,58.02,Customer 1144,South,Chennai,2024-03-05,2025,6,Jun
ORD002033,2025-05-19,CUST00875,PROD0081,2,0.15,341.27,580.16,409.03,171.13,UPI,Delivered,4.0,Accessories Product 81,Electronics,Accessories,335.69,Customer 875,Central,Indore,2023-09-13,2025,5,May
ORD002034,2025-07-13,CUST01067,PROD0051,1,0.05,203.48,193.31,143.55,49.76,Credit Card,Delivered,8.0,Furniture Product 51,Home & Kitchen,Furniture,183.5,Customer 1067,North,Jaipur,2023-08-23,2025,7,Jul
ORD002035,2025-07-05,CUST00647,PROD0003,2,0.15,563.34,957.68,640.39,317.29,Net Banking,Cancelled,,Accessories Product 3,Electronics,Accessories,564.08,Customer 647,North,Lucknow,2025-05-05,2025,7,Jul
ORD002036,2025-08-06,CUST01284,PROD0014,3,0.15,136.24,347.41,202.36,145.05,Net Banking,Returned,3.0,Accessories Product 14,Electronics,Accessories,128.33,Customer 1284,West,Ahmedabad,2023-04-06,2025,8,Aug
ORD002037,2025-06-13,CUST00197,PROD0049,1,0.0,382.36,382.36,291.21,91.15,Net Banking,Delivered,3.0,Decor Product 49,Home & Kitchen,Decor,409.38,Customer 197,East,Ranchi,2024-04-24,2025,6,Jun
ORD002038,2025-06-10,CUST00645,PROD0077,1,0.1,152.65,137.39,108.37,29.02,Credit Card,Delivered,6.0,Accessories Product 77,Fashion,Accessories,138.05,Customer 645,West,Ahmedabad,2025-06-08,2025,6,Jun
ORD002039,2025-01-13,CUST00971,PROD0105,4,0.1,171.12,616.03,383.01,233.02,COD,Delivered,3.0,Fragrance Product 105,Beauty,Fragrance,173.04,Customer 971,North,Jaipur,2024-11-15,2025,1,Jan
ORD002040,2025-10-23,CUST00255,PROD0091,1,0.25,39.38,29.54,17.34,12.2,UPI,Delivered,2.0,Technology Product 91,Books,Technology,38.43,Customer 255,East,Bhubaneswar,2023-07-11,2025,10,Oct
ORD002041,2025-03-30,CUST00732,PROD0001,1,0.25,373.63,280.22,173.59,106.63,UPI,Delivered,3.0,Kitchen Product 1,Home & Kitchen,Kitchen,394.25,Customer 732,North,Lucknow,2025-06-29,2025,3,Mar
ORD002042,2025-11-20,CUST00336,PROD0057,3,0.05,34.29,97.73,77.68,20.05,UPI,Delivered,4.0,Fitness Product 57,Sports,Fitness,30.92,Customer 336,Central,Kanpur,2023-04-07,2025,11,Nov
ORD002043,2025-02-11,CUST00990,PROD0017,4,0.1,15.98,57.53,37.45,20.08,COD,Delivered,2.0,Equipment Product 17,Sports,Equipment,15.15,Customer 990,West,Mumbai,2023-07-23,2025,2,Feb
ORD002044,2025-07-29,CUST00900,PROD0112,2,0.0,205.78,411.56,261.79,149.77,UPI,Delivered,2.0,Kitchen Product 112,Home & Kitchen,Kitchen,221.08,Customer 900,South,Hyderabad,2023-12-21,2025,7,Jul
ORD002045,2025-08-17,CUST01279,PROD0050,1,0.0,90.35,90.35,52.72,37.63,Debit Card,Delivered,3.0,Smartphones Product 50,Electronics,Smartphones,95.0,Customer 1279,West,Surat,2024-10-03,2025,8,Aug
ORD002046,2025-12-16,CUST00514,PROD0098,3,0.05,123.08,350.78,228.46,122.32,UPI,Delivered,2.0,Fragrance Product 98,Beauty,Fragrance,123.08,Customer 514,South,Chennai,2023-02-08,2025,12,Dec
ORD002047,2025-10-02,CUST00242,PROD0014,1,0.1,123.63,111.27,83.65,27.62,UPI,Delivered,3.0,Accessories Product 14,Electronics,Accessories,128.33,Customer 242,East,Patna,2023-09-19,2025,10,Oct
ORD002048,2025-10-06,CUST00149,PROD0118,2,0.1,128.42,231.16,187.28,43.88,Credit Card,Delivered,3.0,Kitchen Product 118,Home & Kitchen,Kitchen,130.92,Customer 149,North,Chandigarh,2024-05-29,2025,10,Oct
ORD002049,2025-09-08,CUST01323,PROD0119,4,0.05,578.29,2197.5,1439.49,758.01,Credit Card,Delivered,3.0,Smartphones Product 119,Electronics,Smartphones,516.56,Customer 1323,West,Pune,2025-04-28,2025,9,Sep
ORD002050,2025-11-06,CUST00757,PROD0059,2,0.15,102.3,173.91,110.91,63.0,UPI,Delivered,3.0,Haircare Product 59,Beauty,Haircare,97.27,Customer 757,South,Bengaluru,2024-03-08,2025,11,Nov
ORD002051,2025-07-27,CUST00620,PROD0081,2,0.15,370.75,630.28,499.9,130.38,Credit Card,Cancelled,,Accessories Product 81,Electronics,Accessories,335.69,Customer 620,North,Chandigarh,2023-12-07,2025,7,Jul
ORD002052,2025-11-17,CUST00453,PROD0003,2,0.15,568.12,965.8,757.77,208.03,UPI,Delivered,3.0,Accessories Product 3,Electronics,Accessories,564.08,Customer 453,Central,Kanpur,2025-03-31,2025,11,Nov
ORD002053,2025-05-20,CUST01417,PROD0098,2,0.0,130.72,261.44,172.23,89.21,Credit Card,Delivered,3.0,Fragrance Product 98,Beauty,Fragrance,123.08,Customer 1417,West,Mumbai,2024-08-18,2025,5,May
ORD002054,2025-10-07,CUST00212,PROD0040,1,0.15,273.91,232.82,138.88,93.94,UPI,Delivered,5.0,Appliances Product 40,Home & Kitchen,Appliances,270.68,Customer 212,North,Jaipur,2023-07-10,2025,10,Oct
ORD002055,2025-02-03,CUST00668,PROD0089,3,0.2,461.45,1107.48,906.0,201.48,Debit Card,Delivered,4.0,Kitchen Product 89,Home & Kitchen,Kitchen,468.17,Customer 668,West,Mumbai,2023-01-06,2025,2,Feb
ORD002056,2025-11-05,CUST00594,PROD0066,2,0.0,37.63,75.26,55.95,19.31,UPI,Delivered,6.0,Self Help Product 66,Books,Self Help,36.75,Customer 594,South,Hyderabad,2025-05-15,2025,11,Nov
ORD002057,2025-01-18,CUST00131,PROD0034,2,0.05,106.08,201.55,161.72,39.83,Credit Card,Delivered,4.0,Accessories Product 34,Fashion,Accessories,105.5,Customer 131,South,Bengaluru,2023-06-30,2025,1,Jan
ORD002058,2025-02-26,CUST01353,PROD0090,1,0.25,183.59,137.69,91.16,46.53,UPI,Delivered,2.0,Outdoor Product 90,Sports,Outdoor,164.49,Customer 1353,West,Pune,2024-05-02,2025,2,Feb
ORD002059,2025-04-22,CUST00612,PROD0095,3,0.1,38.06,102.76,75.57,27.19,Credit Card,Delivered,3.0,Business Product 95,Books,Business,37.34,Customer 612,Central,Nagpur,2023-05-09,2025,4,Apr
ORD002060,2025-01-05,CUST00256,PROD0009,4,0.1,326.44,1175.18,871.84,303.34,UPI,Delivered,5.0,Furniture Product 9,Home & Kitchen,Furniture,301.64,Customer 256,South,Hyderabad,2023-03-06,2025,1,Jan
ORD002061,2025-07-01,CUST00561,PROD0094,2,0.0,28.63,57.26,45.21,12.05,Debit Card,Delivered,5.0,Footwear Product 94,Fashion,Footwear,27.18,Customer 561,East,Bhubaneswar,2024-12-21,2025,7,Jul
ORD002062,2025-01-13,CUST00063,PROD0084,4,0.1,24.03,86.51,70.79,15.72,Debit Card,Delivered,2.0,Fiction Product 84,Books,Fiction,23.65,Customer 63,Central,Bhopal,2025-01-02,2025,1,Jan
ORD002063,2025-12-05,CUST01335,PROD0021,1,0.05,13.2,12.54,7.6,4.94,COD,Delivered,2.0,Technology Product 21,Books,Technology,13.01,Customer 1335,West,Ahmedabad,2025-04-23,2025,12,Dec
ORD002064,2025-10-12,CUST00407,PROD0093,3,0.0,369.06,1107.18,809.87,297.31,COD,Delivered,6.0,Appliances Product 93,Home & Kitchen,Appliances,373.4,Customer 407,South,Bengaluru,2024-09-27,2025,10,Oct
ORD002065,2025-09-16,CUST00802,PROD0025,3,0.1,263.5,711.45,470.09,241.36,Debit Card,Returned,3.0,Kitchen Product 25,Home & Kitchen,Kitchen,279.9,Customer 802,East,Kolkata,2024-08-20,2025,9,Sep
ORD002066,2025-03-31,CUST01129,PROD0102,1,0.0,56.02,56.02,43.4,12.62,Debit Card,Delivered,3.0,Makeup Product 102,Beauty,Makeup,52.24,Customer 1129,North,Lucknow,2023-07-01,2025,3,Mar
ORD002067,2025-04-14,CUST00015,PROD0044,1,0.15,25.78,21.91,16.67,5.24,Credit Card,Delivered,3.0,Business Product 44,Books,Business,23.36,Customer 15,South,Hyderabad,2024-06-29,2025,4,Apr
ORD002068,2025-07-05,CUST00259,PROD0025,1,0.25,269.71,202.28,160.65,41.63,Debit Card,Delivered,2.0,Kitchen Product 25,Home & Kitchen,Kitchen,279.9,Customer 259,North,Delhi,2025-02-21,2025,7,Jul
ORD002069,2025-09-07,CUST00723,PROD0009,1,0.1,333.35,300.02,198.76,101.26,Credit Card,Delivered,4.0,Furniture Product 9,Home & Kitchen,Furniture,301.64,Customer 723,Central,Kanpur,2023-01-11,2025,9,Sep
ORD002070,2025-09-12,CUST01436,PROD0103,4,0.1,37.88,136.37,85.13,51.24,UPI,Delivered,5.0,Women Product 103,Fashion,Women,39.19,Customer 1436,South,Hyderabad,2024-12-31,2025,9,Sep
ORD002071,2025-03-17,CUST01283,PROD0062,1,0.05,171.92,163.32,95.58,67.74,UPI,Delivered,5.0,Accessories Product 62,Fashion,Accessories,167.56,Customer 1283,South,Kochi,2023-10-29,2025,3,Mar
ORD002072,2025-04-18,CUST00614,PROD0108,1,0.0,369.28,369.28,236.83,132.45,Credit Card,Delivered,1.0,Kitchen Product 108,Home & Kitchen,Kitchen,373.49,Customer 614,North,Chandigarh,2023-01-03,2025,4,Apr
ORD002073,2025-06-05,CUST01284,PROD0026,1,0.25,212.95,159.71,106.71,53.0,Debit Card,Delivered,4.0,Men Product 26,Fashion,Men,225.85,Customer 1284,West,Ahmedabad,2023-04-06,2025,6,Jun
ORD002074,2025-03-23,CUST01069,PROD0057,1,0.0,28.77,28.77,23.22,5.55,Credit Card,Delivered,2.0,Fitness Product 57,Sports,Fitness,30.92,Customer 1069,West,Surat,2023-12-21,2025,3,Mar
ORD002075,2025-03-18,CUST00813,PROD0037,2,0.0,192.61,385.22,268.86,116.36,UPI,Delivered,7.0,Sportswear Product 37,Sports,Sportswear,193.95,Customer 813,Central,Bhopal,2024-10-20,2025,3,Mar
ORD002076,2025-09-15,CUST00331,PROD0016,1,0.1,189.48,170.53,121.68,48.85,Credit Card,Delivered,3.0,Women Product 16,Fashion,Women,203.86,Customer 331,East,Bhubaneswar,2025-06-19,2025,9,Sep
ORD002077,2025-05-07,CUST00165,PROD0037,1,0.1,182.48,164.23,129.94,34.29,COD,Delivered,5.0,Sportswear Product 37,Sports,Sportswear,193.95,Customer 165,East,Patna,2024-12-02,2025,5,May
ORD002078,2025-10-09,CUST01217,PROD0076,2,0.05,101.66,193.15,153.06,40.09,UPI,Delivered,4.0,Women Product 76,Fashion,Women,107.18,Customer 1217,Central,Bhopal,2023-11-05,2025,10,Oct
ORD002079,2025-03-29,CUST01425,PROD0024,2,0.0,259.52,519.04,366.81,152.23,Debit Card,Delivered,7.0,Equipment Product 24,Sports,Equipment,281.97,Customer 1425,North,Lucknow,2024-09-17,2025,3,Mar
ORD002080,2025-07-23,CUST01398,PROD0026,4,0.15,214.7,729.98,443.31,286.67,COD,Delivered,7.0,Men Product 26,Fashion,Men,225.85,Customer 1398,North,Jaipur,2025-06-24,2025,7,Jul
ORD002081,2025-01-16,CUST01089,PROD0020,3,0.05,98.84,281.69,181.67,100.02,UPI,Delivered,3.0,Skincare Product 20,Beauty,Skincare,95.46,Customer 1089,South,Hyderabad,2023-02-17,2025,1,Jan
ORD002082,2025-05-31,CUST00387,PROD0009,1,0.0,326.95,326.95,225.48,101.47,Net Banking,Delivered,3.0,Furniture Product 9,Home & Kitchen,Furniture,301.64,Customer 387,North,Chandigarh,2024-07-23,2025,5,May
ORD002083,2025-09-11,CUST01439,PROD0087,2,0.05,174.0,330.6,251.35,79.25,Net Banking,Delivered,3.0,Equipment Product 87,Sports,Equipment,181.5,Customer 1439,Central,Bhopal,2024-11-16,2025,9,Sep
ORD002084,2025-07-07,CUST01054,PROD0103,3,0.0,36.69,110.07,82.64,27.43,UPI,Delivered,2.0,Women Product 103,Fashion,Women,39.19,Customer 1054,Central,Bhopal,2023-10-31,2025,7,Jul
ORD002085,2025-11-25,CUST01290,PROD0029,2,0.1,60.05,108.09,79.37,28.72,UPI,Delivered,6.0,Women Product 29,Fashion,Women,56.34,Customer 1290,West,Surat,2024-02-28,2025,11,Nov
ORD002086,2025-02-01,CUST00328,PROD0031,1,0.1,233.76,210.38,166.47,43.91,UPI,Delivered,3.0,Furniture Product 31,Home & Kitchen,Furniture,253.64,Customer 328,East,Patna,2023-05-06,2025,2,Feb
ORD002087,2025-09-28,CUST01241,PROD0019,1,0.15,228.13,193.91,149.82,44.09,UPI,Cancelled,,Decor Product 19,Home & Kitchen,Decor,213.84,Customer 1241,Central,Nagpur,2025-06-17,2025,9,Sep
ORD002088,2025-01-05,CUST00320,PROD0020,4,0.0,90.33,361.32,294.73,66.59,COD,Delivered,2.0,Skincare Product 20,Beauty,Skincare,95.46,Customer 320,East,Patna,2023-06-28,2025,1,Jan
ORD002089,2025-11-26,CUST00399,PROD0087,1,0.0,175.27,175.27,139.06,36.21,UPI,Delivered,4.0,Equipment Product 87,Sports,Equipment,181.5,Customer 399,West,Surat,2024-08-05,2025,11,Nov
ORD002090,2025-11-04,CUST00105,PROD0107,3,0.0,189.41,568.23,356.26,211.97,COD,Delivered,6.0,Equipment Product 107,Sports,Equipment,200.64,Customer 105,East,Ranchi,2025-06-08,2025,11,Nov
ORD002091,2025-11-29,CUST00696,PROD0027,4,0.0,417.88,1671.52,992.6,678.92,UPI,Delivered,4.0,Decor Product 27,Home & Kitchen,Decor,431.04,Customer 696,Central,Kanpur,2023-02-14,2025,11,Nov
ORD002092,2025-06-18,CUST01017,PROD0094,1,0.0,29.34,29.34,19.94,9.4,COD,Delivered,2.0,Footwear Product 94,Fashion,Footwear,27.18,Customer 1017,Central,Nagpur,2025-02-05,2025,6,Jun
ORD002093,2025-06-30,CUST00330,PROD0085,2,0.05,149.01,283.12,206.17,76.95,UPI,Delivered,3.0,Makeup Product 85,Beauty,Makeup,157.43,Customer 330,North,Chandigarh,2023-11-27,2025,6,Jun
ORD002094,2025-06-27,CUST00660,PROD0044,1,0.0,26.14,26.14,19.2,6.94,Debit Card,Delivered,7.0,Business Product 44,Books,Business,23.36,Customer 660,West,Surat,2023-11-10,2025,6,Jun
ORD002095,2025-05-23,CUST01071,PROD0035,3,0.1,31.09,83.94,54.07,29.87,UPI,Delivered,1.0,Footwear Product 35,Fashion,Footwear,31.55,Customer 1071,Central,Nagpur,2023-07-27,2025,5,May
ORD002096,2025-12-28,CUST00599,PROD0113,1,0.05,530.8,504.26,396.54,107.72,UPI,Delivered,8.0,Smartphones Product 113,Electronics,Smartphones,480.63,Customer 599,West,Pune,2024-11-28,2025,12,Dec
ORD002097,2025-09-05,CUST00821,PROD0071,4,0.0,31.34,125.36,82.61,42.75,UPI,Delivered,6.0,Footwear Product 71,Fashion,Footwear,32.71,Customer 821,Central,Indore,2023-08-20,2025,9,Sep
ORD002098,2025-05-07,CUST00641,PROD0022,4,0.05,188.2,715.16,572.55,142.61,UPI,Delivered,4.0,Kitchen Product 22,Home & Kitchen,Kitchen,196.54,Customer 641,North,Jaipur,2024-10-26,2025,5,May
ORD002099,2025-09-20,CUST00314,PROD0074,4,0.0,222.38,889.52,616.6,272.92,UPI,Delivered,7.0,Women Product 74,Fashion,Women,215.26,Customer 314,Central,Bhopal,2023-07-25,2025,9,Sep
ORD002100,2025-02-09,CUST01171,PROD0087,2,0.1,168.82,303.88,177.01,126.87,Credit Card,Delivered,2.0,Equipment Product 87,Sports,Equipment,181.5,Customer 1171,East,Patna,2024-03-13,2025,2,Feb
ORD002101,2025-12-21,CUST00462,PROD0015,2,0.05,126.89,241.09,149.21,91.88,Credit Card,Delivered,7.0,Kitchen Product 15,Home & Kitchen,Kitchen,117.47,Customer 462,South,Hyderabad,2024-09-01,2025,12,Dec
ORD002102,2025-09-12,CUST00486,PROD0094,2,0.0,27.4,54.8,33.13,21.67,Debit Card,Delivered,2.0,Footwear Product 94,Fashion,Footwear,27.18,Customer 486,West,Mumbai,2024-10-18,2025,9,Sep
ORD002103,2025-05-23,CUST00410,PROD0098,1,0.05,130.45,123.93,73.19,50.74,Debit Card,Delivered,4.0,Fragrance Product 98,Beauty,Fragrance,123.08,Customer 410,West,Pune,2023-06-15,2025,5,May
ORD002104,2025-08-28,CUST00027,PROD0013,2,0.0,734.63,1469.26,1103.95,365.31,Net Banking,Delivered,3.0,Laptops Product 13,Electronics,Laptops,769.31,Customer 27,South,Hyderabad,2024-11-05,2025,8,Aug
ORD002105,2025-08-16,CUST01053,PROD0004,1,0.15,11.41,9.7,6.07,3.63,Net Banking,Delivered,4.0,Technology Product 4,Books,Technology,10.88,Customer 1053,South,Bengaluru,2024-05-22,2025,8,Aug
ORD002106,2025-12-07,CUST00271,PROD0082,2,0.25,656.73,985.1,769.63,215.47,Net Banking,Delivered,3.0,Laptops Product 82,Electronics,Laptops,632.19,Customer 271,Central,Bhopal,2023-03-19,2025,12,Dec
ORD002107,2025-07-17,CUST00686,PROD0056,3,0.0,89.87,269.61,173.49,96.12,Credit Card,Delivered,5.0,Women Product 56,Fashion,Women,83.9,Customer 686,East,Bhubaneswar,2023-10-12,2025,7,Jul
ORD002108,2025-03-06,CUST00501,PROD0023,1,0.1,76.17,68.55,40.29,28.26,UPI,Delivered,5.0,Equipment Product 23,Sports,Equipment,77.77,Customer 501,South,Chennai,2024-08-27,2025,3,Mar
ORD002109,2025-01-11,CUST01277,PROD0097,2,0.05,65.66,124.75,96.93,27.82,Credit Card,Delivered,7.0,Self Help Product 97,Books,Self Help,59.33,Customer 1277,Central,Kanpur,2024-04-15,2025,1,Jan
ORD002110,2025-04-18,CUST00385,PROD0098,4,0.0,136.9,547.6,378.87,168.73,Credit Card,Delivered,3.0,Fragrance Product 98,Beauty,Fragrance,123.08,Customer 385,North,Chandigarh,2023-11-18,2025,4,Apr
ORD002111,2025-01-26,CUST00060,PROD0034,3,0.0,115.38,346.14,250.56,95.58,UPI,Delivered,4.0,Accessories Product 34,Fashion,Accessories,105.5,Customer 60,West,Pune,2023-10-05,2025,1,Jan
ORD002112,2025-05-31,CUST01131,PROD0100,1,0.2,108.83,87.06,57.52,29.54,Credit Card,Delivered,6.0,Men Product 100,Fashion,Men,105.21,Customer 1131,North,Delhi,2025-04-30,2025,5,May
ORD002113,2025-08-09,CUST00220,PROD0099,1,0.05,193.65,183.97,108.74,75.23,UPI,Delivered,6.0,Fitness Product 99,Sports,Fitness,192.87,Customer 220,North,Lucknow,2023-07-13,2025,8,Aug
ORD002114,2025-12-07,CUST01465,PROD0017,4,0.25,14.11,42.33,28.31,14.02,UPI,Delivered,4.0,Equipment Product 17,Sports,Equipment,15.15,Customer 1465,East,Bhubaneswar,2023-04-04,2025,12,Dec
ORD002115,2025-08-25,CUST00771,PROD0028,3,0.05,18.24,51.98,36.61,15.37,Debit Card,Delivered,5.0,Equipment Product 28,Sports,Equipment,16.44,Customer 771,South,Kochi,2024-03-26,2025,8,Aug
ORD002116,2025-08-25,CUST00564,PROD0014,2,0.0,142.49,284.98,166.09,118.89,UPI,Delivered,3.0,Accessories Product 14,Electronics,Accessories,128.33,Customer 564,South,Bengaluru,2024-01-25,2025,8,Aug
ORD002117,2025-08-07,CUST00546,PROD0034,1,0.15,97.45,82.83,59.46,23.37,UPI,Delivered,3.0,Accessories Product 34,Fashion,Accessories,105.5,Customer 546,Central,Bhopal,2024-03-18,2025,8,Aug
ORD002118,2025-05-31,CUST00096,PROD0112,1,0.2,219.17,175.34,139.28,36.06,UPI,Delivered,6.0,Kitchen Product 112,Home & Kitchen,Kitchen,221.08,Customer 96,South,Bengaluru,2024-01-03,2025,5,May
ORD002119,2025-05-03,CUST00989,PROD0075,2,0.15,243.16,413.37,261.37,152.0,UPI,Delivered,5.0,Decor Product 75,Home & Kitchen,Decor,221.86,Customer 989,South,Hyderabad,2023-12-06,2025,5,May
ORD002120,2025-05-24,CUST01113,PROD0057,2,0.15,28.95,49.22,39.5,9.72,UPI,Delivered,2.0,Fitness Product 57,Sports,Fitness,30.92,Customer 1113,West,Ahmedabad,2025-06-25,2025,5,May
ORD002121,2025-07-08,CUST00828,PROD0077,4,0.05,132.43,503.23,303.66,199.57,UPI,Delivered,1.0,Accessories Product 77,Fashion,Accessories,138.05,Customer 828,Central,Nagpur,2024-10-09,2025,7,Jul
ORD002122,2025-09-12,CUST00231,PROD0097,2,0.0,66.2,132.4,103.02,29.38,UPI,Delivered,4.0,Self Help Product 97,Books,Self Help,59.33,Customer 231,North,Lucknow,2024-05-23,2025,9,Sep
ORD002123,2025-03-09,CUST00968,PROD0055,4,0.0,313.43,1253.72,980.01,273.71,UPI,Delivered,5.0,Fitness Product 55,Sports,Fitness,287.69,Customer 968,South,Kochi,2023-08-10,2025,3,Mar
ORD002124,2025-04-14,CUST00275,PROD0066,2,0.05,40.51,76.97,49.4,27.57,UPI,Delivered,2.0,Self Help Product 66,Books,Self Help,36.75,Customer 275,South,Kochi,2024-11-04,2025,4,Apr
ORD002125,2025-12-02,CUST00246,PROD0098,1,0.25,116.73,87.55,70.91,16.64,Credit Card,Returned,5.0,Fragrance Product 98,Beauty,Fragrance,123.08,Customer 246,West,Pune,2024-05-29,2025,12,Dec
ORD002126,2025-06-08,CUST00111,PROD0117,3,0.15,262.47,669.3,455.11,214.19,UPI,Delivered,3.0,Furniture Product 117,Home & Kitchen,Furniture,272.76,Customer 111,North,Chandigarh,2023-10-07,2025,6,Jun
ORD002127,2025-11-05,CUST00234,PROD0093,3,0.15,388.74,991.29,608.55,382.74,Net Banking,Delivered,3.0,Appliances Product 93,Home & Kitchen,Appliances,373.4,Customer 234,West,Surat,2024-08-15,2025,11,Nov
ORD002128,2025-12-28,CUST01302,PROD0037,3,0.05,197.9,564.02,407.23,156.79,Credit Card,Delivered,2.0,Sportswear Product 37,Sports,Sportswear,193.95,Customer 1302,South,Kochi,2024-05-04,2025,12,Dec
ORD002129,2025-10-27,CUST00417,PROD0068,1,0.1,96.07,86.46,70.83,15.63,Credit Card,Delivered,6.0,Kitchen Product 68,Home & Kitchen,Kitchen,98.06,Customer 417,East,Kolkata,2024-05-09,2025,10,Oct
ORD002130,2025-03-31,CUST00678,PROD0076,1,0.2,117.55,94.04,74.84,19.2,Credit Card,Delivered,2.0,Women Product 76,Fashion,Women,107.18,Customer 678,North,Lucknow,2024-04-09,2025,3,Mar
ORD002131,2025-12-23,CUST01152,PROD0026,1,0.1,248.5,223.65,144.67,78.98,Credit Card,Delivered,3.0,Men Product 26,Fashion,Men,225.85,Customer 1152,West,Mumbai,2023-02-12,2025,12,Dec
ORD002132,2025-09-13,CUST01261,PROD0061,1,0.05,85.41,81.14,58.3,22.84,COD,Delivered,3.0,Outdoor Product 61,Sports,Outdoor,87.3,Customer 1261,West,Surat,2023-02-18,2025,9,Sep
ORD002133,2025-12-19,CUST00803,PROD0092,2,0.15,54.79,93.14,56.6,36.54,UPI,Cancelled,,Haircare Product 92,Beauty,Haircare,57.6,Customer 803,West,Surat,2023-12-02,2025,12,Dec
ORD002134,2025-08-08,CUST00619,PROD0067,3,0.1,183.29,494.88,341.88,153.0,UPI,Delivered,2.0,Furniture Product 67,Home & Kitchen,Furniture,192.97,Customer 619,South,Chennai,2023-02-07,2025,8,Aug
ORD002135,2025-01-09,CUST01152,PROD0084,2,0.25,24.05,36.08,25.46,10.62,UPI,Delivered,3.0,Fiction Product 84,Books,Fiction,23.65,Customer 1152,West,Mumbai,2023-02-12,2025,1,Jan
ORD002136,2025-01-12,CUST00707,PROD0074,1,0.05,203.76,193.57,126.92,66.65,Net Banking,Delivered,3.0,Women Product 74,Fashion,Women,215.26,Customer 707,North,Delhi,2024-10-23,2025,1,Jan
ORD002137,2025-11-21,CUST00851,PROD0052,1,0.0,58.87,58.87,40.99,17.88,COD,Delivered,4.0,Self Help Product 52,Books,Self Help,58.02,Customer 851,South,Hyderabad,2025-01-02,2025,11,Nov
ORD002138,2025-09-01,CUST01418,PROD0018,1,0.1,223.09,200.78,160.78,40.0,Net Banking,Delivered,2.0,Furniture Product 18,Home & Kitchen,Furniture,220.36,Customer 1418,South,Kochi,2024-05-01,2025,9,Sep
ORD002139,2025-07-01,CUST00475,PROD0053,2,0.0,25.0,50.0,35.0,15.0,Credit Card,Cancelled,,Self Help Product 53,Books,Self Help,22.79,Customer 475,South,Hyderabad,2025-06-15,2025,7,Jul
ORD002140,2025-10-11,CUST00655,PROD0063,1,0.1,267.94,241.15,187.96,53.19,COD,Delivered,3.0,Kitchen Product 63,Home & Kitchen,Kitchen,273.62,Customer 655,Central,Nagpur,2024-01-24,2025,10,Oct
ORD002141,2025-11-08,CUST00395,PROD0053,1,0.0,23.52,23.52,15.43,8.09,UPI,Delivered,6.0,Self Help Product 53,Books,Self Help,22.79,Customer 395,East,Patna,2024-02-29,2025,11,Nov
ORD002142,2025-04-09,CUST00111,PROD0117,4,0.2,291.5,932.8,758.49,174.31,Debit Card,Delivered,3.0,Furniture Product 117,Home & Kitchen,Furniture,272.76,Customer 111,North,Chandigarh,2023-10-07,2025,4,Apr
ORD002143,2025-07-16,CUST00090,PROD0027,2,0.2,447.93,716.69,431.76,284.93,COD,Delivered,6.0,Decor Product 27,Home & Kitchen,Decor,431.04,Customer 90,East,Patna,2025-01-23,2025,7,Jul
ORD002144,2025-08-14,CUST00763,PROD0031,4,0.0,281.75,1127.0,812.05,314.95,Debit Card,Delivered,3.0,Furniture Product 31,Home & Kitchen,Furniture,253.64,Customer 763,North,Delhi,2025-05-05,2025,8,Aug
ORD002145,2025-11-29,CUST01304,PROD0091,2,0.0,39.98,79.96,61.54,18.42,UPI,Delivered,3.0,Technology Product 91,Books,Technology,38.43,Customer 1304,Central,Indore,2024-03-14,2025,11,Nov
ORD002146,2025-04-13,CUST01357,PROD0106,2,0.1,168.09,302.56,234.6,67.96,Debit Card,Delivered,3.0,Women Product 106,Fashion,Women,152.76,Customer 1357,Central,Kanpur,2023-08-17,2025,4,Apr
ORD002147,2025-04-16,CUST01248,PROD0001,1,0.15,382.03,324.73,203.8,120.93,UPI,Delivered,3.0,Kitchen Product 1,Home & Kitchen,Kitchen,394.25,Customer 1248,East,Patna,2023-02-25,2025,4,Apr
ORD002148,2025-12-31,CUST01125,PROD0006,1,0.0,81.11,81.11,54.86,26.25,UPI,Delivered,4.0,Decor Product 6,Home & Kitchen,Decor,78.58,Customer 1125,South,Bengaluru,2024-02-29,2025,12,Dec
ORD002149,2025-02-27,CUST00132,PROD0011,1,0.0,170.28,170.28,124.27,46.01,Debit Card,Delivered,4.0,Skincare Product 11,Beauty,Skincare,165.54,Customer 132,West,Ahmedabad,2025-04-09,2025,2,Feb
ORD002150,2025-03-19,CUST01037,PROD0034,4,0.1,117.94,424.58,278.44,146.14,UPI,Delivered,6.0,Accessories Product 34,Fashion,Accessories,105.5,Customer 1037,South,Kochi,2024-07-26,2025,3,Mar
ORD002151,2025-03-16,CUST00457,PROD0103,2,0.1,37.66,67.79,50.03,17.76,UPI,Delivered,4.0,Women Product 103,Fashion,Women,39.19,Customer 457,East,Kolkata,2024-07-13,2025,3,Mar
ORD002152,2025-02-11,CUST01465,PROD0084,4,0.0,22.42,89.68,60.17,29.51,Credit Card,Delivered,2.0,Fiction Product 84,Books,Fiction,23.65,Customer 1465,East,Bhubaneswar,2023-04-04,2025,2,Feb
ORD002153,2025-11-20,CUST00098,PROD0063,1,0.15,285.2,242.42,161.02,81.4,Credit Card,Delivered,8.0,Kitchen Product 63,Home & Kitchen,Kitchen,273.62,Customer 98,North,Chandigarh,2023-04-22,2025,11,Nov
ORD002154,2025-06-30,CUST01144,PROD0053,2,0.25,21.99,32.98,19.98,13.0,UPI,Delivered,4.0,Self Help Product 53,Books,Self Help,22.79,Customer 1144,South,Chennai,2024-03-05,2025,6,Jun
ORD002155,2025-02-02,CUST00293,PROD0085,1,0.0,164.96,164.96,97.23,67.73,UPI,Delivered,3.0,Makeup Product 85,Beauty,Makeup,157.43,Customer 293,North,Delhi,2025-04-11,2025,2,Feb
ORD002156,2025-03-12,CUST01025,PROD0085,1,0.1,175.46,157.91,123.24,34.67,Net Banking,Delivered,7.0,Makeup Product 85,Beauty,Makeup,157.43,Customer 1025,South,Bengaluru,2023-07-01,2025,3,Mar
ORD002157,2025-02-25,CUST00572,PROD0018,2,0.0,244.45,488.9,341.0,147.9,UPI,Delivered,7.0,Furniture Product 18,Home & Kitchen,Furniture,220.36,Customer 572,Central,Kanpur,2024-07-02,2025,2,Feb
ORD002158,2025-04-15,CUST00250,PROD0021,1,0.0,12.57,12.57,8.99,3.58,Credit Card,Delivered,1.0,Technology Product 21,Books,Technology,13.01,Customer 250,Central,Kanpur,2023-03-17,2025,4,Apr
ORD002159,2025-07-19,CUST00652,PROD0019,1,0.0,204.04,204.04,136.57,67.47,COD,Delivered,1.0,Decor Product 19,Home & Kitchen,Decor,213.84,Customer 652,Central,Bhopal,2024-06-27,2025,7,Jul
ORD002160,2025-04-11,CUST00149,PROD0004,1,0.05,11.23,10.67,6.54,4.13,Credit Card,Delivered,1.0,Technology Product 4,Books,Technology,10.88,Customer 149,North,Chandigarh,2024-05-29,2025,4,Apr
ORD002161,2025-09-13,CUST01419,PROD0077,3,0.15,143.21,365.19,251.21,113.98,UPI,Delivered,4.0,Accessories Product 77,Fashion,Accessories,138.05,Customer 1419,South,Kochi,2024-01-18,2025,9,Sep
ORD002162,2025-11-03,CUST00044,PROD0082,2,0.1,665.35,1197.63,760.43,437.2,Credit Card,Delivered,4.0,Laptops Product 82,Electronics,Laptops,632.19,Customer 44,South,Kochi,2025-02-07,2025,11,Nov
ORD002163,2025-03-15,CUST01068,PROD0116,2,0.0,55.0,110.0,85.91,24.09,Credit Card,Delivered,4.0,Men Product 116,Fashion,Men,51.48,Customer 1068,Central,Kanpur,2024-03-17,2025,3,Mar
ORD002164,2025-06-20,CUST01102,PROD0029,3,0.0,58.6,175.8,143.6,32.2,Debit Card,Delivered,4.0,Women Product 29,Fashion,Women,56.34,Customer 1102,Central,Kanpur,2025-02-18,2025,6,Jun
ORD002165,2025-05-23,CUST01250,PROD0025,2,0.1,263.76,474.77,376.67,98.1,Credit Card,Delivered,3.0,Kitchen Product 25,Home & Kitchen,Kitchen,279.9,Customer 1250,Central,Kanpur,2025-06-25,2025,5,May
ORD002166,2025-06-15,CUST00162,PROD0056,3,0.0,90.45,271.35,191.79,79.56,UPI,Delivered,2.0,Women Product 56,Fashion,Women,83.9,Customer 162,South,Chennai,2025-04-05,2025,6,Jun
ORD002167,2025-09-18,CUST00253,PROD0077,1,0.05,129.2,122.74,89.69,33.05,UPI,Delivered,6.0,Accessories Product 77,Fashion,Accessories,138.05,Customer 253,Central,Bhopal,2023-04-19,2025,9,Sep
ORD002168,2025-08-09,CUST00132,PROD0063,1,0.1,252.82,227.54,183.75,43.79,UPI,Delivered,6.0,Kitchen Product 63,Home & Kitchen,Kitchen,273.62,Customer 132,West,Ahmedabad,2025-04-09,2025,8,Aug
ORD002169,2025-03-24,CUST01472,PROD0027,1,0.2,462.91,370.33,262.67,107.66,Debit Card,Delivered,2.0,Decor Product 27,Home & Kitchen,Decor,431.04,Customer 1472,South,Kochi,2024-07-20,2025,3,Mar
ORD002170,2025-07-01,CUST00474,PROD0060,1,0.0,125.86,125.86,92.29,33.57,Credit Card,Delivered,2.0,Outdoor Product 60,Sports,Outdoor,122.23,Customer 474,Central,Kanpur,2023-03-24,2025,7,Jul
ORD002171,2025-11-03,CUST01133,PROD0083,2,0.1,43.73,78.71,57.54,21.17,UPI,Delivered,3.0,Business Product 83,Books,Business,41.27,Customer 1133,South,Bengaluru,2023-03-05,2025,11,Nov
ORD002172,2025-01-10,CUST00706,PROD0049,2,0.0,407.97,815.94,611.91,204.03,Net Banking,Cancelled,,Decor Product 49,Home & Kitchen,Decor,409.38,Customer 706,South,Kochi,2024-08-28,2025,1,Jan
ORD002173,2025-01-04,CUST01059,PROD0065,1,0.1,164.87,148.38,108.86,39.52,Credit Card,Delivered,2.0,Women Product 65,Fashion,Women,178.78,Customer 1059,Central,Bhopal,2024-02-19,2025,1,Jan
ORD002174,2025-12-17,CUST01491,PROD0038,1,0.1,713.38,642.04,475.73,166.31,Net Banking,Delivered,3.0,Laptops Product 38,Electronics,Laptops,723.36,Customer 1491,South,Chennai,2024-01-02,2025,12,Dec
ORD002175,2025-12-02,CUST00275,PROD0083,1,0.15,42.99,36.54,27.56,8.98,Credit Card,Delivered,2.0,Business Product 83,Books,Business,41.27,Customer 275,South,Kochi,2024-11-04,2025,12,Dec
ORD002176,2025-10-19,CUST00187,PROD0052,3,0.1,56.0,151.2,117.06,34.14,Credit Card,Delivered,5.0,Self Help Product 52,Books,Self Help,58.02,Customer 187,West,Ahmedabad,2024-07-24,2025,10,Oct
ORD002177,2025-10-08,CUST00949,PROD0001,2,0.05,416.94,792.19,536.1,256.09,Credit Card,Delivered,6.0,Kitchen Product 1,Home & Kitchen,Kitchen,394.25,Customer 949,Central,Kanpur,2024-08-15,2025,10,Oct
ORD002178,2025-08-03,CUST00243,PROD0040,4,0.0,292.03,1168.12,886.6,281.52,Debit Card,Delivered,6.0,Appliances Product 40,Home & Kitchen,Appliances,270.68,Customer 243,Central,Indore,2023-12-06,2025,8,Aug
ORD002179,2025-04-08,CUST00264,PROD0081,1,0.0,339.33,339.33,204.97,134.36,Debit Card,Delivered,4.0,Accessories Product 81,Electronics,Accessories,335.69,Customer 264,Central,Bhopal,2024-03-27,2025,4,Apr
ORD002180,2025-04-11,CUST00522,PROD0021,2,0.1,14.25,25.65,20.27,5.38,Debit Card,Delivered,4.0,Technology Product 21,Books,Technology,13.01,Customer 522,North,Chandigarh,2024-07-28,2025,4,Apr
ORD002181,2025-01-09,CUST00963,PROD0086,4,0.2,394.22,1261.5,819.48,442.02,UPI,Delivered,3.0,Audio Product 86,Electronics,Audio,361.35,Customer 963,West,Pune,2025-03-16,2025,1,Jan
ORD002182,2025-03-02,CUST00783,PROD0015,1,0.1,128.7,115.83,78.4,37.43,Debit Card,Delivered,2.0,Kitchen Product 15,Home & Kitchen,Kitchen,117.47,Customer 783,West,Pune,2023-09-08,2025,3,Mar
ORD002183,2025-11-05,CUST01111,PROD0050,1,0.15,99.96,84.97,65.67,19.3,UPI,Delivered,4.0,Smartphones Product 50,Electronics,Smartphones,95.0,Customer 1111,Central,Kanpur,2024-12-15,2025,11,Nov
ORD002184,2025-05-26,CUST00535,PROD0103,4,0.05,38.44,146.07,107.05,39.02,Net Banking,Delivered,3.0,Women Product 103,Fashion,Women,39.19,Customer 535,South,Bengaluru,2024-06-11,2025,5,May
ORD002185,2025-03-04,CUST00210,PROD0048,1,0.05,111.36,105.79,69.19,36.6,UPI,Delivered,1.0,Fragrance Product 48,Beauty,Fragrance,109.58,Customer 210,Central,Kanpur,2025-01-22,2025,3,Mar
ORD002186,2025-05-01,CUST00046,PROD0103,2,0.05,41.62,79.08,50.14,28.94,UPI,Delivered,4.0,Women Product 103,Fashion,Women,39.19,Customer 46,Central,Nagpur,2023-06-03,2025,5,May
ORD002187,2025-08-14,CUST01491,PROD0032,1,0.0,13.59,13.59,11.01,2.58,UPI,Delivered,2.0,Skincare Product 32,Beauty,Skincare,14.13,Customer 1491,South,Chennai,2024-01-02,2025,8,Aug
ORD002188,2025-04-15,CUST00026,PROD0049,3,0.05,437.12,1245.79,748.8,496.99,UPI,Delivered,6.0,Decor Product 49,Home & Kitchen,Decor,409.38,Customer 26,West,Ahmedabad,2024-08-28,2025,4,Apr
ORD002189,2025-09-17,CUST01290,PROD0068,4,0.15,100.96,343.26,199.45,143.81,UPI,Delivered,6.0,Kitchen Product 68,Home & Kitchen,Kitchen,98.06,Customer 1290,West,Surat,2024-02-28,2025,9,Sep
ORD002190,2025-12-15,CUST00175,PROD0108,4,0.05,350.78,1332.96,988.4,344.56,UPI,Delivered,2.0,Kitchen Product 108,Home & Kitchen,Kitchen,373.49,Customer 175,North,Lucknow,2023-02-16,2025,12,Dec
ORD002191,2025-09-12,CUST01335,PROD0045,1,0.1,189.89,170.9,124.33,46.57,UPI,Delivered,1.0,Kitchen Product 45,Home & Kitchen,Kitchen,184.1,Customer 1335,West,Ahmedabad,2025-04-23,2025,9,Sep
ORD002192,2025-07-26,CUST00322,PROD0032,1,0.15,13.19,11.21,8.49,2.72,UPI,Delivered,1.0,Skincare Product 32,Beauty,Skincare,14.13,Customer 322,East,Kolkata,2024-05-14,2025,7,Jul
ORD002193,2025-01-28,CUST01159,PROD0004,1,0.05,10.04,9.54,7.21,2.33,Net Banking,Delivered,6.0,Technology Product 4,Books,Technology,10.88,Customer 1159,Central,Bhopal,2023-06-15,2025,1,Jan
ORD002194,2025-06-19,CUST00055,PROD0117,4,0.15,299.47,1018.2,801.51,216.69,UPI,Delivered,2.0,Furniture Product 117,Home & Kitchen,Furniture,272.76,Customer 55,South,Kochi,2023-04-15,2025,6,Jun
ORD002195,2025-12-02,CUST01180,PROD0065,1,0.05,182.0,172.9,138.55,34.35,COD,Delivered,3.0,Women Product 65,Fashion,Women,178.78,Customer 1180,North,Jaipur,2023-10-23,2025,12,Dec
ORD002196,2025-03-17,CUST00668,PROD0097,1,0.05,61.03,57.98,44.41,13.57,Net Banking,Delivered,1.0,Self Help Product 97,Books,Self Help,59.33,Customer 668,West,Mumbai,2023-01-06,2025,3,Mar
ORD002197,2025-04-26,CUST00147,PROD0071,1,0.0,31.92,31.92,20.29,11.63,UPI,Delivered,3.0,Footwear Product 71,Fashion,Footwear,32.71,Customer 147,North,Chandigarh,2023-11-13,2025,4,Apr
ORD002198,2025-03-10,CUST00599,PROD0073,3,0.0,9.65,28.95,20.01,8.94,UPI,Delivered,5.0,Business Product 73,Books,Business,9.38,Customer 599,West,Pune,2024-11-28,2025,3,Mar
ORD002199,2025-12-20,CUST00020,PROD0065,1,0.15,170.52,144.94,106.39,38.55,UPI,Cancelled,,Women Product 65,Fashion,Women,178.78,Customer 20,Central,Kanpur,2024-08-27,2025,12,Dec
ORD002200,2025-08-22,CUST01293,PROD0080,3,0.2,42.01,100.82,71.53,29.29,Credit Card,Delivered,5.0,Skincare Product 80,Beauty,Skincare,39.29,Customer 1293,East,Patna,2023-12-21,2025,8,Aug
ORD002201,2025-01-01,CUST00333,PROD0018,1,0.0,239.02,239.02,147.75,91.27,Credit Card,Delivered,4.0,Furniture Product 18,Home & Kitchen,Furniture,220.36,Customer 333,North,Delhi,2023-05-20,2025,1,Jan
ORD002202,2025-06-16,CUST00907,PROD0054,2,0.0,104.63,209.26,150.97,58.29,UPI,Delivered,4.0,Makeup Product 54,Beauty,Makeup,95.89,Customer 907,East,Ranchi,2024-08-05,2025,6,Jun
ORD002203,2025-12-18,CUST00944,PROD0047,1,0.05,17.51,16.63,13.18,3.45,UPI,Delivered,5.0,Men Product 47,Fashion,Men,18.6,Customer 944,West,Ahmedabad,2024-10-11,2025,12,Dec
ORD002204,2025-08-06,CUST00911,PROD0006,2,0.1,81.06,145.91,99.28,46.63,Credit Card,Delivered,6.0,Decor Product 6,Home & Kitchen,Decor,78.58,Customer 911,North,Lucknow,2023-08-08,2025,8,Aug
ORD002205,2025-09-30,CUST00401,PROD0066,1,0.05,39.75,37.76,27.96,9.8,UPI,Delivered,5.0,Self Help Product 66,Books,Self Help,36.75,Customer 401,East,Bhubaneswar,2025-02-16,2025,9,Sep
ORD002206,2025-09-08,CUST00950,PROD0009,2,0.1,285.24,513.43,373.69,139.74,COD,Delivered,4.0,Furniture Product 9,Home & Kitchen,Furniture,301.64,Customer 950,West,Mumbai,2024-12-30,2025,9,Sep
ORD002207,2025-12-13,CUST01330,PROD0068,1,0.15,92.17,78.34,52.53,25.81,Credit Card,Delivered,4.0,Kitchen Product 68,Home & Kitchen,Kitchen,98.06,Customer 1330,South,Chennai,2023-03-23,2025,12,Dec
ORD002208,2025-12-10,CUST00028,PROD0109,1,0.05,49.5,47.02,33.65,13.37,UPI,Delivered,2.0,Fiction Product 109,Books,Fiction,45.69,Customer 28,West,Surat,2024-09-02,2025,12,Dec
ORD002209,2025-06-23,CUST00467,PROD0023,1,0.25,83.94,62.96,39.69,23.27,UPI,Delivered,7.0,Equipment Product 23,Sports,Equipment,77.77,Customer 467,West,Ahmedabad,2025-05-30,2025,6,Jun
ORD002210,2025-06-19,CUST01284,PROD0118,2,0.05,132.19,251.16,178.59,72.57,Debit Card,Delivered,2.0,Kitchen Product 118,Home & Kitchen,Kitchen,130.92,Customer 1284,West,Ahmedabad,2023-04-06,2025,6,Jun
ORD002211,2025-09-03,CUST00982,PROD0107,2,0.25,188.99,283.48,218.77,64.71,UPI,Returned,3.0,Equipment Product 107,Sports,Equipment,200.64,Customer 982,West,Pune,2024-01-23,2025,9,Sep
ORD002212,2025-03-31,CUST00101,PROD0109,2,0.0,46.75,93.5,71.26,22.24,UPI,Delivered,4.0,Fiction Product 109,Books,Fiction,45.69,Customer 101,West,Pune,2024-05-08,2025,3,Mar
ORD002213,2025-02-18,CUST00551,PROD0043,3,0.0,50.71,152.13,101.3,50.83,UPI,Delivered,2.0,Skincare Product 43,Beauty,Skincare,50.76,Customer 551,Central,Indore,2024-01-22,2025,2,Feb
ORD002214,2025-10-21,CUST00802,PROD0051,3,0.15,187.85,479.02,290.72,188.3,UPI,Delivered,4.0,Furniture Product 51,Home & Kitchen,Furniture,183.5,Customer 802,East,Kolkata,2024-08-20,2025,10,Oct
ORD002215,2025-05-30,CUST00353,PROD0072,2,0.15,16.14,27.44,21.18,6.26,Credit Card,Delivered,2.0,Technology Product 72,Books,Technology,16.01,Customer 353,South,Kochi,2024-03-25,2025,5,May
ORD002216,2025-05-12,CUST01324,PROD0103,2,0.15,40.51,68.87,44.33,24.54,UPI,Delivered,6.0,Women Product 103,Fashion,Women,39.19,Customer 1324,West,Mumbai,2023-02-01,2025,5,May
ORD002217,2025-02-28,CUST00296,PROD0025,1,0.05,298.21,283.3,167.92,115.38,Debit Card,Delivered,6.0,Kitchen Product 25,Home & Kitchen,Kitchen,279.9,Customer 296,South,Bengaluru,2024-12-16,2025,2,Feb
ORD002218,2025-11-20,CUST00353,PROD0080,2,0.2,42.24,67.58,46.42,21.16,UPI,Delivered,4.0,Skincare Product 80,Beauty,Skincare,39.29,Customer 353,South,Kochi,2024-03-25,2025,11,Nov
ORD002219,2025-07-18,CUST00908,PROD0035,3,0.0,33.12,99.36,75.26,24.1,Credit Card,Delivered,3.0,Footwear Product 35,Fashion,Footwear,31.55,Customer 908,North,Lucknow,2023-04-02,2025,7,Jul
ORD002220,2025-08-03,CUST01154,PROD0017,1,0.0,14.54,14.54,11.25,3.29,Debit Card,Delivered,2.0,Equipment Product 17,Sports,Equipment,15.15,Customer 1154,Central,Bhopal,2025-02-18,2025,8,Aug
ORD002221,2025-02-18,CUST01019,PROD0018,2,0.05,220.23,418.44,341.33,77.11,Credit Card,Delivered,5.0,Furniture Product 18,Home & Kitchen,Furniture,220.36,Customer 1019,East,Bhubaneswar,2023-04-14,2025,2,Feb
ORD002222,2025-08-20,CUST01180,PROD0027,2,0.15,402.7,684.59,428.18,256.41,Debit Card,Delivered,3.0,Decor Product 27,Home & Kitchen,Decor,431.04,Customer 1180,North,Jaipur,2023-10-23,2025,8,Aug
ORD002223,2025-09-04,CUST01098,PROD0015,3,0.1,118.68,320.44,208.45,111.99,UPI,Delivered,2.0,Kitchen Product 15,Home & Kitchen,Kitchen,117.47,Customer 1098,Central,Bhopal,2023-11-11,2025,9,Sep
ORD002224,2025-08-27,CUST01366,PROD0081,2,0.05,373.98,710.56,516.06,194.5,COD,Delivered,8.0,Accessories Product 81,Electronics,Accessories,335.69,Customer 1366,North,Delhi,2024-07-04,2025,8,Aug
ORD002225,2025-06-17,CUST01489,PROD0107,2,0.05,210.34,399.65,309.62,90.03,Credit Card,Delivered,4.0,Equipment Product 107,Sports,Equipment,200.64,Customer 1489,Central,Kanpur,2024-10-10,2025,6,Jun
ORD002226,2025-02-17,CUST01114,PROD0069,1,0.0,137.52,137.52,87.49,50.03,UPI,Delivered,1.0,Women Product 69,Fashion,Women,144.62,Customer 1114,South,Bengaluru,2023-07-08,2025,2,Feb
ORD002227,2025-02-20,CUST00455,PROD0080,2,0.05,38.26,72.69,49.31,23.38,UPI,Delivered,5.0,Skincare Product 80,Beauty,Skincare,39.29,Customer 455,South,Kochi,2023-11-11,2025,2,Feb
ORD002228,2025-10-26,CUST00712,PROD0015,2,0.1,109.59,197.26,133.75,63.51,UPI,Delivered,5.0,Kitchen Product 15,Home & Kitchen,Kitchen,117.47,Customer 712,South,Hyderabad,2024-09-29,2025,10,Oct
ORD002229,2025-04-08,CUST00980,PROD0042,3,0.1,257.55,695.39,532.32,163.07,Debit Card,Delivered,3.0,Accessories Product 42,Electronics,Accessories,269.27,Customer 980,West,Surat,2024-03-12,2025,4,Apr
ORD002230,2025-08-04,CUST01356,PROD0110,1,0.1,412.49,371.24,236.79,134.45,UPI,Delivered,2.0,Kitchen Product 110,Home & Kitchen,Kitchen,405.37,Customer 1356,South,Kochi,2025-04-28,2025,8,Aug
ORD002231,2025-06-26,CUST00739,PROD0034,1,0.2,104.34,83.47,67.82,15.65,COD,Delivered,3.0,Accessories Product 34,Fashion,Accessories,105.5,Customer 739,East,Bhubaneswar,2023-05-17,2025,6,Jun
ORD002232,2025-03-21,CUST00977,PROD0048,2,0.0,105.28,210.56,147.92,62.64,UPI,Delivered,5.0,Fragrance Product 48,Beauty,Fragrance,109.58,Customer 977,North,Jaipur,2025-06-21,2025,3,Mar
ORD002233,2025-07-04,CUST01372,PROD0083,2,0.05,39.18,74.44,48.21,26.23,Credit Card,Delivered,1.0,Business Product 83,Books,Business,41.27,Customer 1372,Central,Bhopal,2024-04-30,2025,7,Jul
ORD002234,2025-01-27,CUST00233,PROD0008,2,0.1,486.19,875.14,567.29,307.85,Debit Card,Delivered,2.0,Decor Product 8,Home & Kitchen,Decor,462.5,Customer 233,West,Pune,2023-11-09,2025,1,Jan
ORD002235,2025-07-14,CUST01024,PROD0111,4,0.1,66.63,239.87,140.18,99.69,Net Banking,Delivered,4.0,Fiction Product 111,Books,Fiction,64.59,Customer 1024,Central,Nagpur,2023-11-27,2025,7,Jul
ORD002236,2025-08-02,CUST00102,PROD0010,1,0.1,967.33,870.6,649.63,220.97,UPI,Delivered,4.0,Smartphones Product 10,Electronics,Smartphones,888.66,Customer 102,East,Patna,2024-05-19,2025,8,Aug
ORD002237,2025-12-08,CUST00953,PROD0005,3,0.2,226.17,542.81,415.92,126.89,COD,Delivered,6.0,Men Product 5,Fashion,Men,236.42,Customer 953,West,Mumbai,2024-01-31,2025,12,Dec
ORD002238,2025-04-24,CUST00481,PROD0116,4,0.1,56.09,201.92,118.69,83.23,COD,Delivered,5.0,Men Product 116,Fashion,Men,51.48,Customer 481,South,Hyderabad,2024-09-09,2025,4,Apr
ORD002239,2025-08-30,CUST01238,PROD0048,1,0.0,113.48,113.48,81.78,31.7,COD,Delivered,6.0,Fragrance Product 48,Beauty,Fragrance,109.58,Customer 1238,South,Kochi,2025-02-21,2025,8,Aug
ORD002240,2025-05-04,CUST00108,PROD0117,1,0.0,265.46,265.46,203.77,61.69,Net Banking,Delivered,3.0,Furniture Product 117,Home & Kitchen,Furniture,272.76,Customer 108,Central,Kanpur,2025-06-15,2025,5,May
ORD002241,2025-11-01,CUST01189,PROD0026,2,0.15,220.14,374.24,250.85,123.39,Net Banking,Delivered,5.0,Men Product 26,Fashion,Men,225.85,Customer 1189,North,Jaipur,2024-06-02,2025,11,Nov
ORD002242,2025-03-17,CUST00973,PROD0086,1,0.15,360.65,306.55,209.64,96.91,Credit Card,Delivered,1.0,Audio Product 86,Electronics,Audio,361.35,Customer 973,South,Kochi,2024-01-13,2025,3,Mar
ORD002243,2025-11-07,CUST00704,PROD0108,1,0.0,377.98,377.98,252.03,125.95,Net Banking,Delivered,3.0,Kitchen Product 108,Home & Kitchen,Kitchen,373.49,Customer 704,Central,Nagpur,2024-09-11,2025,11,Nov
ORD002244,2025-11-08,CUST00335,PROD0023,1,0.0,72.83,72.83,47.76,25.07,Credit Card,Delivered,4.0,Equipment Product 23,Sports,Equipment,77.77,Customer 335,East,Kolkata,2025-06-20,2025,11,Nov
ORD002245,2025-07-15,CUST00086,PROD0062,2,0.1,182.37,328.27,229.09,99.18,Credit Card,Delivered,5.0,Accessories Product 62,Fashion,Accessories,167.56,Customer 86,East,Bhubaneswar,2025-03-01,2025,7,Jul
ORD002246,2025-12-17,CUST00734,PROD0013,2,0.1,726.47,1307.65,810.57,497.08,Credit Card,Delivered,4.0,Laptops Product 13,Electronics,Laptops,769.31,Customer 734,Central,Bhopal,2024-02-16,2025,12,Dec
ORD002247,2025-02-13,CUST00875,PROD0009,3,0.0,306.67,920.01,630.91,289.1,COD,Delivered,3.0,Furniture Product 9,Home & Kitchen,Furniture,301.64,Customer 875,Central,Indore,2023-09-13,2025,2,Feb
ORD002248,2025-07-05,CUST01448,PROD0113,1,0.1,478.99,431.09,347.47,83.62,UPI,Delivered,2.0,Smartphones Product 113,Electronics,Smartphones,480.63,Customer 1448,West,Pune,2024-05-11,2025,7,Jul
ORD002249,2025-12-09,CUST00364,PROD0020,2,0.05,97.6,185.44,108.77,76.67,Net Banking,Delivered,2.0,Skincare Product 20,Beauty,Skincare,95.46,Customer 364,North,Lucknow,2024-06-09,2025,12,Dec
ORD002250,2025-09-03,CUST00060,PROD0092,2,0.2,63.22,101.15,62.67,38.48,UPI,Delivered,6.0,Haircare Product 92,Beauty,Haircare,57.6,Customer 60,West,Pune,2023-10-05,2025,9,Sep
ORD002251,2025-03-25,CUST01274,PROD0108,4,0.0,417.49,1669.96,1280.27,389.69,UPI,Delivered,2.0,Kitchen Product 108,Home & Kitchen,Kitchen,373.49,Customer 1274,East,Patna,2025-05-05,2025,3,Mar
ORD002252,2025-07-26,CUST00560,PROD0057,3,0.15,28.57,72.85,44.56,28.29,UPI,Returned,3.0,Fitness Product 57,Sports,Fitness,30.92,Customer 560,North,Chandigarh,2024-05-04,2025,7,Jul
ORD002253,2025-05-31,CUST00117,PROD0101,4,0.1,322.45,1160.82,748.85,411.97,UPI,Delivered,6.0,Laptops Product 101,Electronics,Laptops,322.89,Customer 117,North,Jaipur,2024-06-19,2025,5,May
ORD002254,2025-06-05,CUST00874,PROD0024,3,0.0,305.52,916.56,631.66,284.9,COD,Delivered,2.0,Equipment Product 24,Sports,Equipment,281.97,Customer 874,North,Lucknow,2023-03-03,2025,6,Jun
ORD002255,2025-01-16,CUST00915,PROD0108,3,0.1,368.01,993.63,801.22,192.41,Credit Card,Delivered,2.0,Kitchen Product 108,Home & Kitchen,Kitchen,373.49,Customer 915,West,Mumbai,2024-02-04,2025,1,Jan
ORD002256,2025-06-14,CUST00968,PROD0033,4,0.0,44.38,177.52,110.78,66.74,Debit Card,Delivered,4.0,Business Product 33,Books,Business,42.27,Customer 968,South,Kochi,2023-08-10,2025,6,Jun
ORD002257,2025-05-25,CUST00999,PROD0020,3,0.1,106.77,288.28,231.07,57.21,UPI,Delivered,3.0,Skincare Product 20,Beauty,Skincare,95.46,Customer 999,North,Lucknow,2025-06-11,2025,5,May
ORD002258,2025-02-06,CUST00044,PROD0060,1,0.1,128.26,115.43,86.85,28.58,COD,Delivered,3.0,Outdoor Product 60,Sports,Outdoor,122.23,Customer 44,South,Kochi,2025-02-07,2025,2,Feb
ORD002259,2025-11-29,CUST00509,PROD0048,1,0.0,103.25,103.25,76.52,26.73,Net Banking,Delivered,4.0,Fragrance Product 48,Beauty,Fragrance,109.58,Customer 509,South,Kochi,2023-02-10,2025,11,Nov
ORD002260,2025-02-14,CUST01189,PROD0064,2,0.0,540.61,1081.22,814.86,266.36,Credit Card,Delivered,3.0,Decor Product 64,Home & Kitchen,Decor,496.62,Customer 1189,North,Jaipur,2024-06-02,2025,2,Feb
ORD002261,2025-07-25,CUST01392,PROD0030,2,0.15,373.69,635.27,373.22,262.05,UPI,Delivered,5.0,Decor Product 30,Home & Kitchen,Decor,335.65,Customer 1392,North,Jaipur,2025-04-09,2025,7,Jul
ORD002262,2025-03-03,CUST01316,PROD0108,3,0.05,396.83,1130.97,682.81,448.16,Credit Card,Delivered,7.0,Kitchen Product 108,Home & Kitchen,Kitchen,373.49,Customer 1316,Central,Nagpur,2024-02-03,2025,3,Mar
ORD002263,2025-12-22,CUST00849,PROD0073,1,0.1,9.42,8.48,5.6,2.88,Credit Card,Delivered,6.0,Business Product 73,Books,Business,9.38,Customer 849,North,Lucknow,2024-09-26,2025,12,Dec
ORD002264,2025-11-04,CUST00917,PROD0109,3,0.05,50.7,144.5,86.38,58.12,UPI,Delivered,4.0,Fiction Product 109,Books,Fiction,45.69,Customer 917,West,Ahmedabad,2025-06-17,2025,11,Nov
ORD002265,2025-01-19,CUST00898,PROD0113,1,0.2,535.28,428.22,349.86,78.36,COD,Delivered,3.0,Smartphones Product 113,Electronics,Smartphones,480.63,Customer 898,East,Kolkata,2024-05-14,2025,1,Jan
ORD002266,2025-12-31,CUST00799,PROD0017,2,0.1,16.77,30.19,21.72,8.47,Net Banking,Delivered,3.0,Equipment Product 17,Sports,Equipment,15.15,Customer 799,North,Lucknow,2025-04-12,2025,12,Dec
ORD002267,2025-10-27,CUST00876,PROD0100,1,0.1,105.46,94.91,66.15,28.76,UPI,Delivered,3.0,Men Product 100,Fashion,Men,105.21,Customer 876,North,Chandigarh,2024-07-14,2025,10,Oct
ORD002268,2025-01-07,CUST00286,PROD0014,1,0.0,138.33,138.33,106.31,32.02,COD,Delivered,3.0,Accessories Product 14,Electronics,Accessories,128.33,Customer 286,South,Bengaluru,2023-07-12,2025,1,Jan
ORD002269,2025-09-06,CUST01228,PROD0019,2,0.0,224.71,449.42,366.04,83.38,UPI,Delivered,1.0,Decor Product 19,Home & Kitchen,Decor,213.84,Customer 1228,Central,Nagpur,2023-12-30,2025,9,Sep
ORD002270,2025-04-27,CUST00684,PROD0071,1,0.05,31.27,29.71,24.04,5.67,Credit Card,Delivered,1.0,Footwear Product 71,Fashion,Footwear,32.71,Customer 684,South,Chennai,2024-12-26,2025,4,Apr
ORD002271,2025-03-09,CUST00819,PROD0059,4,0.05,99.91,379.66,292.47,87.19,Credit Card,Delivered,5.0,Haircare Product 59,Beauty,Haircare,97.27,Customer 819,South,Chennai,2024-06-25,2025,3,Mar
ORD002272,2025-02-03,CUST00121,PROD0067,2,0.1,206.39,371.5,249.1,122.4,UPI,Delivered,3.0,Furniture Product 67,Home & Kitchen,Furniture,192.97,Customer 121,East,Ranchi,2024-03-08,2025,2,Feb
ORD002273,2025-07-13,CUST00945,PROD0097,1,0.1,65.21,58.69,34.97,23.72,UPI,Delivered,5.0,Self Help Product 97,Books,Self Help,59.33,Customer 945,North,Chandigarh,2023-10-27,2025,7,Jul
ORD002274,2025-11-21,CUST01018,PROD0044,1,0.05,25.52,24.24,14.63,9.61,UPI,Delivered,3.0,Business Product 44,Books,Business,23.36,Customer 1018,West,Surat,2024-03-30,2025,11,Nov
ORD002275,2025-02-24,CUST01212,PROD0032,1,0.1,13.44,12.1,7.02,5.08,Debit Card,Delivered,5.0,Skincare Product 32,Beauty,Skincare,14.13,Customer 1212,South,Kochi,2025-01-03,2025,2,Feb
ORD002276,2025-09-23,CUST00907,PROD0111,2,0.0,65.73,131.46,76.31,55.15,COD,Delivered,4.0,Fiction Product 111,Books,Fiction,64.59,Customer 907,East,Ranchi,2024-08-05,2025,9,Sep
ORD002277,2025-02-11,CUST00013,PROD0011,3,0.0,168.13,504.39,405.9,98.49,Credit Card,Delivered,2.0,Skincare Product 11,Beauty,Skincare,165.54,Customer 13,East,Bhubaneswar,2023-09-04,2025,2,Feb
ORD002278,2025-10-24,CUST00603,PROD0106,3,0.2,168.0,403.2,323.56,79.64,Credit Card,Delivered,3.0,Women Product 106,Fashion,Women,152.76,Customer 603,Central,Nagpur,2023-08-02,2025,10,Oct
ORD002279,2025-08-19,CUST00200,PROD0002,4,0.1,27.5,99.0,73.28,25.72,Credit Card,Delivered,4.0,Decor Product 2,Home & Kitchen,Decor,29.88,Customer 200,East,Ranchi,2024-05-19,2025,8,Aug
ORD002280,2025-01-10,CUST00586,PROD0090,3,0.1,175.63,474.2,357.74,116.46,UPI,Delivered,3.0,Outdoor Product 90,Sports,Outdoor,164.49,Customer 586,West,Surat,2024-02-24,2025,1,Jan
ORD002281,2025-12-24,CUST01480,PROD0068,1,0.05,102.35,97.23,68.37,28.86,Net Banking,Delivered,2.0,Kitchen Product 68,Home & Kitchen,Kitchen,98.06,Customer 1480,East,Bhubaneswar,2023-12-30,2025,12,Dec
ORD002282,2025-05-08,CUST00448,PROD0017,2,0.05,16.73,31.79,20.25,11.54,Credit Card,Delivered,4.0,Equipment Product 17,Sports,Equipment,15.15,Customer 448,East,Bhubaneswar,2024-03-27,2025,5,May
ORD002283,2025-06-28,CUST00841,PROD0081,1,0.0,339.51,339.51,271.42,68.09,UPI,Delivered,3.0,Accessories Product 81,Electronics,Accessories,335.69,Customer 841,Central,Indore,2024-11-15,2025,6,Jun
ORD002284,2025-07-12,CUST01095,PROD0092,4,0.2,60.57,193.82,125.33,68.49,UPI,Delivered,4.0,Haircare Product 92,Beauty,Haircare,57.6,Customer 1095,South,Hyderabad,2024-06-23,2025,7,Jul
ORD002285,2025-04-02,CUST00590,PROD0094,4,0.1,30.29,109.04,82.6,26.44,COD,Delivered,3.0,Footwear Product 94,Fashion,Footwear,27.18,Customer 590,West,Pune,2024-07-02,2025,4,Apr
ORD002286,2025-08-19,CUST01154,PROD0040,1,0.0,289.3,289.3,184.84,104.46,UPI,Delivered,6.0,Appliances Product 40,Home & Kitchen,Appliances,270.68,Customer 1154,Central,Bhopal,2025-02-18,2025,8,Aug
ORD002287,2025-03-19,CUST00889,PROD0087,1,0.15,169.43,144.02,113.61,30.41,COD,Cancelled,,Equipment Product 87,Sports,Equipment,181.5,Customer 889,Central,Kanpur,2023-09-07,2025,3,Mar
ORD002288,2025-03-26,CUST00043,PROD0046,3,0.05,114.07,325.1,239.37,85.73,UPI,Delivered,6.0,Accessories Product 46,Electronics,Accessories,119.63,Customer 43,South,Hyderabad,2023-04-24,2025,3,Mar
ORD002289,2025-01-30,CUST00520,PROD0088,1,0.15,88.58,75.29,55.28,20.01,Debit Card,Delivered,3.0,Accessories Product 88,Fashion,Accessories,81.69,Customer 520,East,Patna,2024-03-11,2025,1,Jan
ORD002290,2025-08-01,CUST01037,PROD0093,1,0.0,368.53,368.53,222.36,146.17,UPI,Delivered,4.0,Appliances Product 93,Home & Kitchen,Appliances,373.4,Customer 1037,South,Kochi,2024-07-26,2025,8,Aug
ORD002291,2025-02-18,CUST00725,PROD0004,2,0.0,11.55,23.1,15.72,7.38,Net Banking,Delivered,2.0,Technology Product 4,Books,Technology,10.88,Customer 725,North,Delhi,2024-11-09,2025,2,Feb
ORD002292,2025-09-22,CUST00623,PROD0038,1,0.0,766.74,766.74,541.3,225.44,Credit Card,Cancelled,,Laptops Product 38,Electronics,Laptops,723.36,Customer 623,North,Chandigarh,2025-05-09,2025,9,Sep
ORD002293,2025-05-25,CUST00988,PROD0063,4,0.0,306.11,1224.44,796.58,427.86,UPI,Delivered,2.0,Kitchen Product 63,Home & Kitchen,Kitchen,273.62,Customer 988,West,Mumbai,2025-05-18,2025,5,May
ORD002294,2025-03-10,CUST00803,PROD0029,1,0.15,57.13,48.56,38.43,10.13,UPI,Delivered,6.0,Women Product 29,Fashion,Women,56.34,Customer 803,West,Surat,2023-12-02,2025,3,Mar
ORD002295,2025-02-27,CUST00535,PROD0019,1,0.15,228.29,194.05,151.56,42.49,UPI,Delivered,3.0,Decor Product 19,Home & Kitchen,Decor,213.84,Customer 535,South,Bengaluru,2024-06-11,2025,2,Feb
ORD002296,2025-07-04,CUST00302,PROD0091,3,0.1,35.73,96.47,67.38,29.09,Net Banking,Returned,2.0,Technology Product 91,Books,Technology,38.43,Customer 302,East,Patna,2024-10-21,2025,7,Jul
ORD002297,2025-03-03,CUST00527,PROD0029,1,0.2,57.05,45.64,30.2,15.44,Debit Card,Delivered,3.0,Women Product 29,Fashion,Women,56.34,Customer 527,South,Kochi,2025-03-12,2025,3,Mar
ORD002298,2025-11-04,CUST01139,PROD0120,3,0.0,12.73,38.19,29.5,8.69,Net Banking,Delivered,5.0,Self Help Product 120,Books,Self Help,13.3,Customer 1139,South,Kochi,2024-02-10,2025,11,Nov
ORD002299,2025-10-23,CUST00460,PROD0100,2,0.2,114.48,183.17,114.89,68.28,UPI,Returned,1.0,Men Product 100,Fashion,Men,105.21,Customer 460,Central,Nagpur,2025-02-28,2025,10,Oct
ORD002300,2025-06-15,CUST00832,PROD0035,2,0.2,34.33,54.93,32.8,22.13,Credit Card,Delivered,4.0,Footwear Product 35,Fashion,Footwear,31.55,Customer 832,South,Hyderabad,2025-01-20,2025,6,Jun
ORD002301,2025-06-20,CUST00505,PROD0116,2,0.05,49.8,94.62,55.92,38.7,COD,Delivered,3.0,Men Product 116,Fashion,Men,51.48,Customer 505,Central,Indore,2025-05-09,2025,6,Jun
ORD002302,2025-03-04,CUST01332,PROD0070,3,0.0,102.8,308.4,181.74,126.66,Net Banking,Delivered,3.0,Footwear Product 70,Fashion,Footwear,104.51,Customer 1332,West,Pune,2024-12-20,2025,3,Mar
ORD002303,2025-05-27,CUST00932,PROD0023,4,0.15,82.47,280.4,195.53,84.87,UPI,Delivered,5.0,Equipment Product 23,Sports,Equipment,77.77,Customer 932,East,Ranchi,2023-02-23,2025,5,May
ORD002304,2025-11-02,CUST00325,PROD0103,2,0.05,41.84,79.5,50.98,28.52,Debit Card,Delivered,1.0,Women Product 103,Fashion,Women,39.19,Customer 325,Central,Nagpur,2023-05-04,2025,11,Nov
ORD002305,2025-06-10,CUST00579,PROD0046,3,0.15,125.79,320.76,239.19,81.57,Debit Card,Delivered,3.0,Accessories Product 46,Electronics,Accessories,119.63,Customer 579,West,Ahmedabad,2024-03-20,2025,6,Jun
ORD002306,2025-05-21,CUST00761,PROD0044,4,0.0,26.15,104.6,77.08,27.52,Credit Card,Delivered,3.0,Business Product 44,Books,Business,23.36,Customer 761,Central,Nagpur,2023-10-22,2025,5,May
ORD002307,2025-11-30,CUST01199,PROD0048,4,0.1,119.85,431.46,306.37,125.09,UPI,Delivered,2.0,Fragrance Product 48,Beauty,Fragrance,109.58,Customer 1199,South,Bengaluru,2023-06-28,2025,11,Nov
ORD002308,2025-04-07,CUST00851,PROD0052,1,0.1,58.22,52.4,34.83,17.57,UPI,Delivered,2.0,Self Help Product 52,Books,Self Help,58.02,Customer 851,South,Hyderabad,2025-01-02,2025,4,Apr
ORD002309,2025-08-09,CUST01196,PROD0008,2,0.0,455.75,911.5,714.72,196.78,COD,Delivered,3.0,Decor Product 8,Home & Kitchen,Decor,462.5,Customer 1196,West,Ahmedabad,2023-09-13,2025,8,Aug
ORD002310,2025-02-12,CUST00960,PROD0055,1,0.05,299.02,284.07,213.15,70.92,UPI,Delivered,4.0,Fitness Product 55,Sports,Fitness,287.69,Customer 960,North,Chandigarh,2024-01-04,2025,2,Feb
ORD002311,2025-10-19,CUST00502,PROD0066,1,0.0,39.82,39.82,25.69,14.13,UPI,Delivered,1.0,Self Help Product 66,Books,Self Help,36.75,Customer 502,North,Lucknow,2024-01-14,2025,10,Oct
ORD002312,2025-04-18,CUST00334,PROD0077,1,0.1,140.13,126.12,88.34,37.78,Net Banking,Delivered,1.0,Accessories Product 77,Fashion,Accessories,138.05,Customer 334,Central,Indore,2024-02-05,2025,4,Apr
ORD002313,2025-09-23,CUST00284,PROD0040,2,0.15,288.96,491.23,303.34,187.89,Debit Card,Delivered,2.0,Appliances Product 40,Home & Kitchen,Appliances,270.68,Customer 284,West,Pune,2023-06-17,2025,9,Sep
ORD002314,2025-04-05,CUST00475,PROD0085,3,0.05,145.44,414.5,273.12,141.38,COD,Delivered,3.0,Makeup Product 85,Beauty,Makeup,157.43,Customer 475,South,Hyderabad,2025-06-15,2025,4,Apr
ORD002315,2025-09-19,CUST01078,PROD0031,3,0.15,280.31,714.79,585.64,129.15,UPI,Delivered,1.0,Furniture Product 31,Home & Kitchen,Furniture,253.64,Customer 1078,Central,Indore,2023-03-09,2025,9,Sep
ORD002316,2025-11-09,CUST01482,PROD0116,3,0.0,55.33,165.99,105.19,60.8,Debit Card,Delivered,5.0,Men Product 116,Fashion,Men,51.48,Customer 1482,West,Mumbai,2024-07-18,2025,11,Nov
ORD002317,2025-03-12,CUST01444,PROD0048,1,0.1,109.45,98.51,73.65,24.86,UPI,Delivered,2.0,Fragrance Product 48,Beauty,Fragrance,109.58,Customer 1444,East,Patna,2023-04-21,2025,3,Mar
ORD002318,2025-08-07,CUST00632,PROD0100,4,0.2,104.87,335.58,213.84,121.74,UPI,Delivered,5.0,Men Product 100,Fashion,Men,105.21,Customer 632,Central,Nagpur,2023-03-10,2025,8,Aug
ORD002319,2025-01-21,CUST00703,PROD0061,1,0.05,82.11,78.0,62.8,15.2,UPI,Delivered,2.0,Outdoor Product 61,Sports,Outdoor,87.3,Customer 703,North,Jaipur,2024-10-07,2025,1,Jan
ORD002320,2025-04-02,CUST00409,PROD0112,2,0.2,239.48,383.17,250.76,132.41,Credit Card,Delivered,3.0,Kitchen Product 112,Home & Kitchen,Kitchen,221.08,Customer 409,Central,Bhopal,2024-08-08,2025,4,Apr
ORD002321,2025-05-07,CUST00982,PROD0052,3,0.1,62.3,168.21,111.56,56.65,Debit Card,Delivered,3.0,Self Help Product 52,Books,Self Help,58.02,Customer 982,West,Pune,2024-01-23,2025,5,May
ORD002322,2025-03-21,CUST01328,PROD0038,2,0.05,756.67,1437.67,1038.75,398.92,Credit Card,Delivered,3.0,Laptops Product 38,Electronics,Laptops,723.36,Customer 1328,Central,Nagpur,2023-08-06,2025,3,Mar
ORD002323,2025-11-08,CUST00559,PROD0091,1,0.2,36.14,28.91,20.85,8.06,UPI,Delivered,1.0,Technology Product 91,Books,Technology,38.43,Customer 559,Central,Indore,2024-05-08,2025,11,Nov
ORD002324,2025-08-26,CUST00222,PROD0036,1,0.0,365.23,365.23,262.59,102.64,Debit Card,Delivered,6.0,Furniture Product 36,Home & Kitchen,Furniture,375.57,Customer 222,Central,Kanpur,2025-02-21,2025,8,Aug
ORD002325,2025-07-01,CUST00158,PROD0112,3,0.0,223.68,671.04,481.53,189.51,UPI,Returned,3.0,Kitchen Product 112,Home & Kitchen,Kitchen,221.08,Customer 158,South,Bengaluru,2025-01-20,2025,7,Jul
ORD002326,2025-01-25,CUST00348,PROD0087,1,0.1,176.63,158.97,104.11,54.86,UPI,Delivered,2.0,Equipment Product 87,Sports,Equipment,181.5,Customer 348,East,Ranchi,2024-05-03,2025,1,Jan
ORD002327,2025-06-05,CUST01183,PROD0055,1,0.15,289.64,246.19,168.46,77.73,Credit Card,Delivered,2.0,Fitness Product 55,Sports,Fitness,287.69,Customer 1183,South,Chennai,2023-12-06,2025,6,Jun
ORD002328,2025-01-05,CUST00889,PROD0085,2,0.15,151.95,258.32,186.62,71.7,UPI,Delivered,7.0,Makeup Product 85,Beauty,Makeup,157.43,Customer 889,Central,Kanpur,2023-09-07,2025,1,Jan
ORD002329,2025-04-30,CUST00922,PROD0013,3,0.0,761.56,2284.68,1693.19,591.49,Credit Card,Delivered,2.0,Laptops Product 13,Electronics,Laptops,769.31,Customer 922,South,Bengaluru,2024-05-04,2025,4,Apr
ORD002330,2025-10-04,CUST01259,PROD0037,1,0.25,203.74,152.8,97.91,54.89,Debit Card,Delivered,3.0,Sportswear Product 37,Sports,Sportswear,193.95,Customer 1259,South,Hyderabad,2023-02-08,2025,10,Oct
ORD002331,2025-01-18,CUST00662,PROD0047,1,0.15,20.43,17.37,13.0,4.37,UPI,Delivered,1.0,Men Product 47,Fashion,Men,18.6,Customer 662,Central,Kanpur,2025-04-27,2025,1,Jan
ORD002332,2025-07-17,CUST00405,PROD0090,2,0.2,164.0,262.4,210.34,52.06,Net Banking,Delivered,5.0,Outdoor Product 90,Sports,Outdoor,164.49,Customer 405,South,Chennai,2023-07-27,2025,7,Jul
ORD002333,2025-02-26,CUST01281,PROD0104,1,0.05,72.89,69.25,52.76,16.49,Credit Card,Delivered,4.0,Footwear Product 104,Fashion,Footwear,68.87,Customer 1281,South,Hyderabad,2024-01-10,2025,2,Feb
ORD002334,2025-04-03,CUST00677,PROD0071,2,0.1,30.98,55.76,33.47,22.29,UPI,Returned,4.0,Footwear Product 71,Fashion,Footwear,32.71,Customer 677,North,Jaipur,2023-03-28,2025,4,Apr
ORD002335,2025-01-19,CUST00589,PROD0110,1,0.2,416.79,333.43,230.93,102.5,Credit Card,Delivered,5.0,Kitchen Product 110,Home & Kitchen,Kitchen,405.37,Customer 589,South,Hyderabad,2024-09-10,2025,1,Jan
ORD002336,2025-12-19,CUST00558,PROD0103,4,0.05,43.28,164.46,112.57,51.89,Credit Card,Delivered,4.0,Women Product 103,Fashion,Women,39.19,Customer 558,East,Bhubaneswar,2024-11-21,2025,12,Dec
ORD002337,2025-07-12,CUST00905,PROD0022,2,0.25,181.91,272.86,180.3,92.56,Debit Card,Cancelled,,Kitchen Product 22,Home & Kitchen,Kitchen,196.54,Customer 905,North,Jaipur,2024-06-24,2025,7,Jul
ORD002338,2025-08-25,CUST01071,PROD0039,1,0.05,164.63,156.4,109.15,47.25,Net Banking,Delivered,4.0,Smartphones Product 39,Electronics,Smartphones,169.11,Customer 1071,Central,Nagpur,2023-07-27,2025,8,Aug
ORD002339,2025-10-04,CUST01237,PROD0087,1,0.05,171.79,163.2,111.88,51.32,COD,Delivered,3.0,Equipment Product 87,Sports,Equipment,181.5,Customer 1237,Central,Kanpur,2024-07-17,2025,10,Oct
ORD002340,2025-08-15,CUST00479,PROD0058,4,0.2,199.11,637.15,370.49,266.66,COD,Delivered,1.0,Footwear Product 58,Fashion,Footwear,193.95,Customer 479,Central,Nagpur,2023-08-25,2025,8,Aug
ORD002341,2025-08-21,CUST00487,PROD0030,2,0.25,354.42,531.63,338.53,193.1,Credit Card,Delivered,4.0,Decor Product 30,Home & Kitchen,Decor,335.65,Customer 487,North,Delhi,2025-04-21,2025,8,Aug
ORD002342,2025-02-09,CUST00566,PROD0018,1,0.05,205.28,195.02,123.12,71.9,Credit Card,Delivered,3.0,Furniture Product 18,Home & Kitchen,Furniture,220.36,Customer 566,East,Bhubaneswar,2025-05-06,2025,2,Feb
ORD002343,2025-11-19,CUST01366,PROD0106,1,0.0,142.69,142.69,94.72,47.97,UPI,Delivered,4.0,Women Product 106,Fashion,Women,152.76,Customer 1366,North,Delhi,2024-07-04,2025,11,Nov
ORD002344,2025-06-02,CUST00524,PROD0018,2,0.15,241.06,409.8,254.84,154.96,Net Banking,Delivered,6.0,Furniture Product 18,Home & Kitchen,Furniture,220.36,Customer 524,North,Chandigarh,2024-01-01,2025,6,Jun
ORD002345,2025-05-07,CUST00704,PROD0110,1,0.2,409.93,327.94,195.54,132.4,UPI,Delivered,1.0,Kitchen Product 110,Home & Kitchen,Kitchen,405.37,Customer 704,Central,Nagpur,2024-09-11,2025,5,May
ORD002346,2025-08-25,CUST01030,PROD0074,2,0.1,217.97,392.35,246.08,146.27,Debit Card,Delivered,5.0,Women Product 74,Fashion,Women,215.26,Customer 1030,West,Ahmedabad,2023-01-27,2025,8,Aug
ORD002347,2025-02-24,CUST00821,PROD0039,3,0.1,187.53,506.33,397.47,108.86,UPI,Delivered,3.0,Smartphones Product 39,Electronics,Smartphones,169.11,Customer 821,Central,Indore,2023-08-20,2025,2,Feb
ORD002348,2025-06-21,CUST01168,PROD0094,1,0.15,26.75,22.74,17.54,5.2,UPI,Delivered,2.0,Footwear Product 94,Fashion,Footwear,27.18,Customer 1168,East,Kolkata,2025-01-11,2025,6,Jun
ORD002349,2025-04-19,CUST00858,PROD0026,1,0.0,248.3,248.3,170.36,77.94,UPI,Delivered,4.0,Men Product 26,Fashion,Men,225.85,Customer 858,East,Kolkata,2023-02-09,2025,4,Apr
ORD002350,2025-12-20,CUST01285,PROD0071,2,0.25,36.47,54.7,43.25,11.45,UPI,Delivered,4.0,Footwear Product 71,Fashion,Footwear,32.71,Customer 1285,North,Chandigarh,2023-07-09,2025,12,Dec
ORD002351,2025-07-03,CUST00585,PROD0007,1,0.05,14.83,14.09,8.96,5.13,UPI,Delivered,5.0,Haircare Product 7,Beauty,Haircare,15.32,Customer 585,North,Jaipur,2024-11-10,2025,7,Jul
ORD002352,2025-07-17,CUST00686,PROD0069,1,0.1,147.92,133.13,95.88,37.25,UPI,Delivered,4.0,Women Product 69,Fashion,Women,144.62,Customer 686,East,Bhubaneswar,2023-10-12,2025,7,Jul
ORD002353,2025-03-28,CUST00232,PROD0065,4,0.1,183.58,660.89,405.99,254.9,Credit Card,Delivered,5.0,Women Product 65,Fashion,Women,178.78,Customer 232,North,Lucknow,2024-09-29,2025,3,Mar
ORD002354,2025-07-20,CUST00270,PROD0046,1,0.1,130.78,117.7,91.81,25.89,Credit Card,Delivered,4.0,Accessories Product 46,Electronics,Accessories,119.63,Customer 270,North,Lucknow,2024-05-02,2025,7,Jul
ORD002355,2025-12-03,CUST00940,PROD0018,1,0.15,216.13,183.71,112.31,71.4,Credit Card,Delivered,3.0,Furniture Product 18,Home & Kitchen,Furniture,220.36,Customer 940,Central,Bhopal,2024-01-21,2025,12,Dec
ORD002356,2025-11-18,CUST01471,PROD0013,4,0.25,830.55,2491.65,1464.21,1027.44,Credit Card,Delivered,3.0,Laptops Product 13,Electronics,Laptops,769.31,Customer 1471,North,Chandigarh,2024-09-15,2025,11,Nov
ORD002357,2025-10-02,CUST00874,PROD0025,4,0.1,311.86,1122.7,724.85,397.85,Net Banking,Delivered,2.0,Kitchen Product 25,Home & Kitchen,Kitchen,279.9,Customer 874,North,Lucknow,2023-03-03,2025,10,Oct
ORD002358,2025-07-30,CUST01246,PROD0104,3,0.15,74.94,191.1,152.16,38.94,Debit Card,Delivered,4.0,Footwear Product 104,Fashion,Footwear,68.87,Customer 1246,West,Pune,2023-10-23,2025,7,Jul
ORD002359,2025-04-28,CUST00052,PROD0008,3,0.0,509.6,1528.8,934.2,594.6,UPI,Delivered,4.0,Decor Product 8,Home & Kitchen,Decor,462.5,Customer 52,South,Kochi,2023-11-11,2025,4,Apr
ORD002360,2025-07-10,CUST00116,PROD0074,4,0.15,228.54,777.04,512.35,264.69,UPI,Delivered,7.0,Women Product 74,Fashion,Women,215.26,Customer 116,North,Jaipur,2024-06-19,2025,7,Jul
ORD002361,2025-02-11,CUST00538,PROD0032,4,0.05,15.55,59.09,38.76,20.33,UPI,Delivered,3.0,Skincare Product 32,Beauty,Skincare,14.13,Customer 538,West,Pune,2023-10-31,2025,2,Feb
ORD002362,2025-02-11,CUST00541,PROD0017,1,0.0,14.44,14.44,11.15,3.29,COD,Delivered,3.0,Equipment Product 17,Sports,Equipment,15.15,Customer 541,South,Bengaluru,2023-12-04,2025,2,Feb
ORD002363,2025-11-11,CUST01043,PROD0102,3,0.0,55.5,166.5,113.41,53.09,UPI,Delivered,2.0,Makeup Product 102,Beauty,Makeup,52.24,Customer 1043,West,Surat,2023-12-17,2025,11,Nov
ORD002364,2025-10-03,CUST00815,PROD0079,1,0.1,256.85,231.17,168.01,63.16,Debit Card,Delivered,4.0,Appliances Product 79,Home & Kitchen,Appliances,240.86,Customer 815,East,Ranchi,2025-02-21,2025,10,Oct
ORD002365,2025-11-25,CUST01416,PROD0079,1,0.25,242.75,182.06,123.26,58.8,UPI,Delivered,5.0,Appliances Product 79,Home & Kitchen,Appliances,240.86,Customer 1416,East,Bhubaneswar,2025-01-31,2025,11,Nov
ORD002366,2025-01-17,CUST00791,PROD0048,2,0.1,102.56,184.61,131.51,53.1,UPI,Delivered,2.0,Fragrance Product 48,Beauty,Fragrance,109.58,Customer 791,West,Pune,2024-01-15,2025,1,Jan
ORD002367,2025-10-10,CUST00618,PROD0063,2,0.05,285.79,543.0,323.08,219.92,Debit Card,Delivered,1.0,Kitchen Product 63,Home & Kitchen,Kitchen,273.62,Customer 618,West,Mumbai,2024-09-05,2025,10,Oct
ORD002368,2025-09-15,CUST00419,PROD0040,2,0.0,251.83,503.66,337.33,166.33,UPI,Delivered,4.0,Appliances Product 40,Home & Kitchen,Appliances,270.68,Customer 419,South,Bengaluru,2023-01-20,2025,9,Sep
ORD002369,2025-03-04,CUST00309,PROD0115,2,0.1,360.46,648.83,509.48,139.35,Credit Card,Delivered,1.0,Smartphones Product 115,Electronics,Smartphones,361.73,Customer 309,South,Kochi,2023-01-22,2025,3,Mar
ORD002370,2025-03-03,CUST00864,PROD0084,2,0.0,23.62,47.24,35.23,12.01,COD,Delivered,3.0,Fiction Product 84,Books,Fiction,23.65,Customer 864,East,Patna,2025-06-02,2025,3,Mar
ORD002371,2025-04-10,CUST00186,PROD0015,2,0.05,131.54,249.93,203.85,46.08,UPI,Delivered,4.0,Kitchen Product 15,Home & Kitchen,Kitchen,117.47,Customer 186,North,Chandigarh,2023-09-29,2025,4,Apr
ORD002372,2025-01-19,CUST00261,PROD0099,4,0.1,189.0,680.4,523.3,157.1,Credit Card,Delivered,3.0,Fitness Product 99,Sports,Fitness,192.87,Customer 261,South,Chennai,2024-06-27,2025,1,Jan
ORD002373,2025-01-17,CUST01297,PROD0006,1,0.25,85.19,63.89,43.98,19.91,UPI,Delivered,3.0,Decor Product 6,Home & Kitchen,Decor,78.58,Customer 1297,Central,Kanpur,2023-12-09,2025,1,Jan
ORD002374,2025-11-21,CUST00160,PROD0094,1,0.05,25.29,24.03,17.84,6.19,COD,Delivered,5.0,Footwear Product 94,Fashion,Footwear,27.18,Customer 160,South,Hyderabad,2025-06-27,2025,11,Nov
ORD002375,2025-09-03,CUST00870,PROD0063,2,0.0,280.72,561.44,430.19,131.25,Net Banking,Delivered,3.0,Kitchen Product 63,Home & Kitchen,Kitchen,273.62,Customer 870,North,Delhi,2025-05-08,2025,9,Sep
ORD002376,2025-09-08,CUST00762,PROD0008,2,0.15,475.14,807.74,520.77,286.97,UPI,Delivered,2.0,Decor Product 8,Home & Kitchen,Decor,462.5,Customer 762,North,Lucknow,2024-10-01,2025,9,Sep
ORD002377,2025-03-22,CUST00224,PROD0095,3,0.15,39.05,99.58,59.19,40.39,COD,Delivered,3.0,Business Product 95,Books,Business,37.34,Customer 224,West,Pune,2024-02-27,2025,3,Mar
ORD002378,2025-02-08,CUST01280,PROD0112,2,0.2,239.21,382.74,259.27,123.47,UPI,Returned,2.0,Kitchen Product 112,Home & Kitchen,Kitchen,221.08,Customer 1280,West,Ahmedabad,2023-01-31,2025,2,Feb
ORD002379,2025-02-05,CUST00180,PROD0111,2,0.0,69.27,138.54,85.16,53.38,UPI,Cancelled,,Fiction Product 111,Books,Fiction,64.59,Customer 180,South,Kochi,2024-05-18,2025,2,Feb
ORD002380,2025-07-16,CUST00020,PROD0032,1,0.05,15.15,14.39,9.3,5.09,Credit Card,Delivered,4.0,Skincare Product 32,Beauty,Skincare,14.13,Customer 20,Central,Kanpur,2024-08-27,2025,7,Jul
ORD002381,2025-06-07,CUST00632,PROD0045,2,0.25,185.29,277.94,224.37,53.57,Debit Card,Delivered,1.0,Kitchen Product 45,Home & Kitchen,Kitchen,184.1,Customer 632,Central,Nagpur,2023-03-10,2025,6,Jun
ORD002382,2025-07-23,CUST01492,PROD0052,2,0.0,61.82,123.64,96.85,26.79,Debit Card,Delivered,4.0,Self Help Product 52,Books,Self Help,58.02,Customer 1492,West,Surat,2023-01-01,2025,7,Jul
ORD002383,2025-07-15,CUST01234,PROD0079,4,0.1,245.26,882.94,637.65,245.29,Credit Card,Delivered,3.0,Appliances Product 79,Home & Kitchen,Appliances,240.86,Customer 1234,North,Chandigarh,2023-12-24,2025,7,Jul
ORD002384,2025-08-04,CUST00058,PROD0082,2,0.0,590.08,1180.16,798.14,382.02,Credit Card,Returned,4.0,Laptops Product 82,Electronics,Laptops,632.19,Customer 58,North,Lucknow,2023-07-12,2025,8,Aug
ORD002385,2025-10-12,CUST01117,PROD0013,2,0.1,844.73,1520.51,978.36,542.15,COD,Delivered,4.0,Laptops Product 13,Electronics,Laptops,769.31,Customer 1117,South,Kochi,2024-11-24,2025,10,Oct
ORD002386,2025-07-15,CUST01245,PROD0024,1,0.15,309.61,263.17,188.73,74.44,Net Banking,Delivered,3.0,Equipment Product 24,Sports,Equipment,281.97,Customer 1245,East,Ranchi,2024-08-06,2025,7,Jul
ORD002387,2025-11-03,CUST00723,PROD0040,2,0.1,266.5,479.7,339.61,140.09,Debit Card,Delivered,2.0,Appliances Product 40,Home & Kitchen,Appliances,270.68,Customer 723,Central,Kanpur,2023-01-11,2025,11,Nov
ORD002388,2025-06-01,CUST01256,PROD0014,1,0.15,141.52,120.29,92.31,27.98,UPI,Delivered,5.0,Accessories Product 14,Electronics,Accessories,128.33,Customer 1256,North,Jaipur,2024-07-21,2025,6,Jun
ORD002389,2025-01-14,CUST01388,PROD0092,1,0.05,61.72,58.63,47.06,11.57,Net Banking,Delivered,5.0,Haircare Product 92,Beauty,Haircare,57.6,Customer 1388,West,Pune,2024-02-26,2025,1,Jan
ORD002390,2025-11-21,CUST00615,PROD0075,3,0.25,221.9,499.28,329.0,170.28,Debit Card,Delivered,5.0,Decor Product 75,Home & Kitchen,Decor,221.86,Customer 615,West,Surat,2025-01-23,2025,11,Nov
ORD002391,2025-05-26,CUST00562,PROD0070,1,0.05,103.08,97.93,61.65,36.28,COD,Returned,3.0,Footwear Product 70,Fashion,Footwear,104.51,Customer 562,East,Ranchi,2023-03-14,2025,5,May
ORD002392,2025-02-26,CUST00374,PROD0062,1,0.0,186.83,186.83,126.42,60.41,UPI,Delivered,3.0,Accessories Product 62,Fashion,Accessories,167.56,Customer 374,West,Ahmedabad,2023-12-04,2025,2,Feb
ORD002393,2025-07-30,CUST00622,PROD0120,1,0.05,14.13,13.42,9.19,4.23,Debit Card,Delivered,3.0,Self Help Product 120,Books,Self Help,13.3,Customer 622,North,Delhi,2024-12-14,2025,7,Jul
ORD002394,2025-09-25,CUST01480,PROD0089,2,0.15,466.19,792.52,467.25,325.27,COD,Delivered,3.0,Kitchen Product 89,Home & Kitchen,Kitchen,468.17,Customer 1480,East,Bhubaneswar,2023-12-30,2025,9,Sep
ORD002395,2025-07-29,CUST00088,PROD0061,1,0.15,91.53,77.8,61.21,16.59,Credit Card,Delivered,4.0,Outdoor Product 61,Sports,Outdoor,87.3,Customer 88,Central,Nagpur,2023-03-25,2025,7,Jul
ORD002396,2025-01-17,CUST01044,PROD0001,1,0.1,407.77,366.99,300.54,66.45,Debit Card,Returned,5.0,Kitchen Product 1,Home & Kitchen,Kitchen,394.25,Customer 1044,East,Bhubaneswar,2024-10-16,2025,1,Jan
ORD002397,2025-10-13,CUST01014,PROD0089,3,0.1,479.83,1295.54,1038.47,257.07,COD,Delivered,2.0,Kitchen Product 89,Home & Kitchen,Kitchen,468.17,Customer 1014,North,Chandigarh,2024-11-29,2025,10,Oct
ORD002398,2025-12-10,CUST00014,PROD0066,2,0.15,38.55,65.54,51.55,13.99,Credit Card,Returned,3.0,Self Help Product 66,Books,Self Help,36.75,Customer 14,South,Kochi,2024-10-28,2025,12,Dec
ORD002399,2025-07-22,CUST00133,PROD0032,4,0.15,14.52,49.37,40.4,8.97,Debit Card,Delivered,3.0,Skincare Product 32,Beauty,Skincare,14.13,Customer 133,East,Bhubaneswar,2024-11-11,2025,7,Jul
ORD002400,2025-04-09,CUST01058,PROD0013,4,0.1,808.51,2910.64,2322.32,588.32,UPI,Delivered,3.0,Laptops Product 13,Electronics,Laptops,769.31,Customer 1058,East,Ranchi,2023-06-15,2025,4,Apr
ORD002401,2025-10-06,CUST00892,PROD0033,2,0.15,46.56,79.15,58.98,20.17,Credit Card,Delivered,4.0,Business Product 33,Books,Business,42.27,Customer 892,South,Chennai,2024-01-03,2025,10,Oct
ORD002402,2025-07-28,CUST01232,PROD0032,2,0.1,15.81,28.46,17.65,10.81,UPI,Delivered,5.0,Skincare Product 32,Beauty,Skincare,14.13,Customer 1232,East,Ranchi,2023-10-03,2025,7,Jul
ORD002403,2025-05-09,CUST01223,PROD0056,3,0.0,89.09,267.27,165.05,102.22,UPI,Delivered,6.0,Women Product 56,Fashion,Women,83.9,Customer 1223,South,Chennai,2023-12-16,2025,5,May
ORD002404,2025-12-01,CUST00592,PROD0024,2,0.0,311.74,623.48,368.92,254.56,Debit Card,Delivered,2.0,Equipment Product 24,Sports,Equipment,281.97,Customer 592,South,Hyderabad,2023-04-02,2025,12,Dec
ORD002405,2025-10-15,CUST00583,PROD0091,2,0.25,41.95,62.92,42.71,20.21,UPI,Delivered,4.0,Technology Product 91,Books,Technology,38.43,Customer 583,North,Chandigarh,2023-07-07,2025,10,Oct
ORD002406,2025-09-09,CUST01179,PROD0004,4,0.0,10.65,42.6,32.98,9.62,COD,Delivered,3.0,Technology Product 4,Books,Technology,10.88,Customer 1179,West,Surat,2023-01-29,2025,9,Sep
ORD002407,2025-09-22,CUST01102,PROD0088,4,0.05,90.4,343.52,239.66,103.86,Credit Card,Delivered,3.0,Accessories Product 88,Fashion,Accessories,81.69,Customer 1102,Central,Kanpur,2025-02-18,2025,9,Sep
ORD002408,2025-09-28,CUST01196,PROD0023,1,0.2,72.65,58.12,38.82,19.3,Debit Card,Delivered,2.0,Equipment Product 23,Sports,Equipment,77.77,Customer 1196,West,Ahmedabad,2023-09-13,2025,9,Sep
ORD002409,2025-07-07,CUST00289,PROD0029,3,0.0,55.55,166.65,101.03,65.62,UPI,Returned,1.0,Women Product 29,Fashion,Women,56.34,Customer 289,East,Kolkata,2023-12-02,2025,7,Jul
ORD002410,2025-08-02,CUST01013,PROD0098,1,0.15,128.99,109.64,64.95,44.69,UPI,Delivered,7.0,Fragrance Product 98,Beauty,Fragrance,123.08,Customer 1013,Central,Nagpur,2024-01-01,2025,8,Aug
ORD002411,2025-10-10,CUST00879,PROD0021,2,0.15,13.34,22.68,15.33,7.35,UPI,Delivered,4.0,Technology Product 21,Books,Technology,13.01,Customer 879,West,Pune,2024-11-01,2025,10,Oct
ORD002412,2025-07-30,CUST01444,PROD0030,3,0.25,345.21,776.72,469.12,307.6,UPI,Delivered,3.0,Decor Product 30,Home & Kitchen,Decor,335.65,Customer 1444,East,Patna,2023-04-21,2025,7,Jul
ORD002413,2025-12-31,CUST00007,PROD0090,1,0.05,177.48,168.61,101.98,66.63,Net Banking,Delivered,5.0,Outdoor Product 90,Sports,Outdoor,164.49,Customer 7,West,Surat,2023-06-22,2025,12,Dec
ORD002414,2025-03-17,CUST01184,PROD0020,2,0.05,91.54,173.93,117.38,56.55,Net Banking,Delivered,2.0,Skincare Product 20,Beauty,Skincare,95.46,Customer 1184,South,Kochi,2024-09-19,2025,3,Mar
ORD002415,2025-05-28,CUST00240,PROD0016,1,0.2,227.59,182.07,127.57,54.5,Net Banking,Delivered,4.0,Women Product 16,Fashion,Women,203.86,Customer 240,East,Ranchi,2023-05-21,2025,5,May
ORD002416,2025-11-17,CUST01447,PROD0067,4,0.0,194.42,777.68,485.9,291.78,Debit Card,Delivered,4.0,Furniture Product 67,Home & Kitchen,Furniture,192.97,Customer 1447,Central,Kanpur,2023-08-17,2025,11,Nov
ORD002417,2025-08-01,CUST00536,PROD0049,1,0.1,454.4,408.96,304.39,104.57,Debit Card,Delivered,3.0,Decor Product 49,Home & Kitchen,Decor,409.38,Customer 536,East,Kolkata,2023-12-04,2025,8,Aug
ORD002418,2025-04-19,CUST00070,PROD0101,1,0.15,321.8,273.53,186.13,87.4,Credit Card,Delivered,2.0,Laptops Product 101,Electronics,Laptops,322.89,Customer 70,North,Delhi,2023-04-09,2025,4,Apr
ORD002419,2025-05-09,CUST00216,PROD0058,3,0.05,201.78,575.07,346.23,228.84,UPI,Delivered,7.0,Footwear Product 58,Fashion,Footwear,193.95,Customer 216,North,Chandigarh,2023-03-22,2025,5,May
ORD002420,2025-01-10,CUST01128,PROD0104,1,0.2,69.56,55.65,40.79,14.86,Debit Card,Delivered,3.0,Footwear Product 104,Fashion,Footwear,68.87,Customer 1128,North,Lucknow,2025-05-06,2025,1,Jan
ORD002421,2025-02-16,CUST01078,PROD0044,3,0.1,24.65,66.55,44.3,22.25,UPI,Delivered,2.0,Business Product 44,Books,Business,23.36,Customer 1078,Central,Indore,2023-03-09,2025,2,Feb
ORD002422,2025-11-11,CUST00806,PROD0025,2,0.0,267.79,535.58,317.36,218.22,Credit Card,Delivered,4.0,Kitchen Product 25,Home & Kitchen,Kitchen,279.9,Customer 806,East,Bhubaneswar,2023-12-30,2025,11,Nov
ORD002423,2025-04-06,CUST00330,PROD0023,2,0.0,77.78,155.56,125.62,29.94,UPI,Delivered,4.0,Equipment Product 23,Sports,Equipment,77.77,Customer 330,North,Chandigarh,2023-11-27,2025,4,Apr
ORD002424,2025-04-13,CUST00848,PROD0108,4,0.0,348.72,1394.88,1000.25,394.63,Credit Card,Delivered,5.0,Kitchen Product 108,Home & Kitchen,Kitchen,373.49,Customer 848,South,Kochi,2023-08-09,2025,4,Apr
ORD002425,2025-12-08,CUST01227,PROD0059,1,0.0,101.12,101.12,70.24,30.88,UPI,Delivered,5.0,Haircare Product 59,Beauty,Haircare,97.27,Customer 1227,South,Kochi,2023-03-12,2025,12,Dec
ORD002426,2025-05-26,CUST01312,PROD0001,2,0.15,438.62,745.65,586.22,159.43,UPI,Delivered,4.0,Kitchen Product 1,Home & Kitchen,Kitchen,394.25,Customer 1312,North,Delhi,2023-03-30,2025,5,May
ORD002427,2025-01-27,CUST00045,PROD0097,3,0.0,55.13,165.39,133.11,32.28,Credit Card,Cancelled,,Self Help Product 97,Books,Self Help,59.33,Customer 45,Central,Bhopal,2023-02-27,2025,1,Jan
ORD002428,2025-08-08,CUST00829,PROD0015,4,0.05,123.57,469.57,297.18,172.39,UPI,Delivered,6.0,Kitchen Product 15,Home & Kitchen,Kitchen,117.47,Customer 829,North,Lucknow,2024-06-17,2025,8,Aug
ORD002429,2025-01-18,CUST00198,PROD0081,2,0.2,360.87,577.39,447.15,130.24,UPI,Delivered,2.0,Accessories Product 81,Electronics,Accessories,335.69,Customer 198,South,Hyderabad,2023-01-10,2025,1,Jan
ORD002430,2025-06-16,CUST01240,PROD0098,4,0.1,118.48,426.53,332.46,94.07,Credit Card,Delivered,2.0,Fragrance Product 98,Beauty,Fragrance,123.08,Customer 1240,Central,Nagpur,2023-03-25,2025,6,Jun
ORD002431,2025-03-23,CUST01333,PROD0081,1,0.05,327.17,310.81,184.33,126.48,UPI,Delivered,3.0,Accessories Product 81,Electronics,Accessories,335.69,Customer 1333,East,Kolkata,2023-07-20,2025,3,Mar
ORD002432,2025-03-13,CUST00896,PROD0052,3,0.25,55.72,125.37,94.14,31.23,Net Banking,Delivered,3.0,Self Help Product 52,Books,Self Help,58.02,Customer 896,East,Ranchi,2024-04-24,2025,3,Mar
ORD002433,2025-11-06,CUST01459,PROD0058,4,0.0,189.97,759.88,452.21,307.67,Credit Card,Delivered,2.0,Footwear Product 58,Fashion,Footwear,193.95,Customer 1459,North,Jaipur,2025-05-20,2025,11,Nov
ORD002434,2025-09-11,CUST00332,PROD0041,2,0.2,368.16,589.06,425.73,163.33,Net Banking,Delivered,3.0,Accessories Product 41,Electronics,Accessories,390.82,Customer 332,East,Bhubaneswar,2023-10-10,2025,9,Sep
ORD002435,2025-06-11,CUST00696,PROD0044,2,0.15,23.22,39.47,29.23,10.24,UPI,Cancelled,,Business Product 44,Books,Business,23.36,Customer 696,Central,Kanpur,2023-02-14,2025,6,Jun
ORD002436,2025-11-23,CUST00027,PROD0004,2,0.15,10.81,18.38,12.28,6.1,UPI,Delivered,3.0,Technology Product 4,Books,Technology,10.88,Customer 27,South,Hyderabad,2024-11-05,2025,11,Nov
ORD002437,2025-02-07,CUST01190,PROD0077,3,0.15,149.29,380.69,301.27,79.42,Credit Card,Delivered,2.0,Accessories Product 77,Fashion,Accessories,138.05,Customer 1190,North,Jaipur,2023-02-14,2025,2,Feb
ORD002438,2025-07-20,CUST00318,PROD0068,1,0.1,105.92,95.33,73.61,21.72,UPI,Cancelled,,Kitchen Product 68,Home & Kitchen,Kitchen,98.06,Customer 318,Central,Indore,2025-02-22,2025,7,Jul
ORD002439,2025-07-19,CUST01298,PROD0007,2,0.15,16.54,28.12,22.56,5.56,UPI,Delivered,5.0,Haircare Product 7,Beauty,Haircare,15.32,Customer 1298,West,Mumbai,2023-05-25,2025,7,Jul
ORD002440,2025-09-12,CUST01407,PROD0046,4,0.15,123.63,420.34,275.56,144.78,Debit Card,Delivered,7.0,Accessories Product 46,Electronics,Accessories,119.63,Customer 1407,West,Mumbai,2023-09-12,2025,9,Sep
ORD002441,2025-06-28,CUST00365,PROD0009,2,0.05,297.17,564.62,330.4,234.22,Debit Card,Delivered,2.0,Furniture Product 9,Home & Kitchen,Furniture,301.64,Customer 365,South,Hyderabad,2023-08-03,2025,6,Jun
ORD002442,2025-02-04,CUST01127,PROD0087,4,0.05,181.9,691.22,535.52,155.7,UPI,Delivered,4.0,Equipment Product 87,Sports,Equipment,181.5,Customer 1127,North,Chandigarh,2024-05-25,2025,2,Feb
ORD002443,2025-03-23,CUST00960,PROD0033,2,0.2,41.57,66.51,42.14,24.37,UPI,Returned,6.0,Business Product 33,Books,Business,42.27,Customer 960,North,Chandigarh,2024-01-04,2025,3,Mar
ORD002444,2025-08-08,CUST00373,PROD0033,1,0.1,43.81,39.43,27.29,12.14,Debit Card,Delivered,3.0,Business Product 33,Books,Business,42.27,Customer 373,West,Mumbai,2025-03-02,2025,8,Aug
ORD002445,2025-06-07,CUST00245,PROD0084,1,0.2,26.19,20.95,16.26,4.69,UPI,Delivered,5.0,Fiction Product 84,Books,Fiction,23.65,Customer 245,North,Lucknow,2023-09-02,2025,6,Jun
ORD002446,2025-01-04,CUST01193,PROD0004,1,0.1,10.63,9.57,6.05,3.52,COD,Delivered,6.0,Technology Product 4,Books,Technology,10.88,Customer 1193,South,Bengaluru,2023-06-30,2025,1,Jan
ORD002447,2025-06-16,CUST01442,PROD0065,1,0.1,180.88,162.79,106.6,56.19,COD,Cancelled,,Women Product 65,Fashion,Women,178.78,Customer 1442,Central,Nagpur,2023-11-11,2025,6,Jun
ORD002448,2025-07-23,CUST01380,PROD0118,2,0.0,137.6,275.2,188.62,86.58,Net Banking,Delivered,1.0,Kitchen Product 118,Home & Kitchen,Kitchen,130.92,Customer 1380,Central,Kanpur,2024-02-16,2025,7,Jul
ORD002449,2025-07-13,CUST00478,PROD0106,2,0.05,166.35,316.06,203.93,112.13,UPI,Delivered,6.0,Women Product 106,Fashion,Women,152.76,Customer 478,North,Delhi,2023-03-14,2025,7,Jul
ORD002450,2025-08-23,CUST00125,PROD0034,2,0.1,102.41,184.34,127.33,57.01,UPI,Delivered,3.0,Accessories Product 34,Fashion,Accessories,105.5,Customer 125,East,Bhubaneswar,2024-09-19,2025,8,Aug
ORD002451,2025-07-25,CUST00537,PROD0091,4,0.1,37.51,135.04,78.63,56.41,COD,Delivered,1.0,Technology Product 91,Books,Technology,38.43,Customer 537,North,Jaipur,2024-08-28,2025,7,Jul
ORD002452,2025-05-30,CUST00706,PROD0085,3,0.1,172.71,466.32,294.21,172.11,UPI,Returned,3.0,Makeup Product 85,Beauty,Makeup,157.43,Customer 706,South,Kochi,2024-08-28,2025,5,May
ORD002453,2025-06-08,CUST01426,PROD0088,1,0.15,76.47,65.0,50.69,14.31,UPI,Delivered,2.0,Accessories Product 88,Fashion,Accessories,81.69,Customer 1426,East,Bhubaneswar,2023-10-03,2025,6,Jun
ORD002454,2025-10-06,CUST00531,PROD0079,1,0.1,250.76,225.68,153.29,72.39,UPI,Delivered,6.0,Appliances Product 79,Home & Kitchen,Appliances,240.86,Customer 531,East,Kolkata,2025-04-09,2025,10,Oct
ORD002455,2025-10-31,CUST00786,PROD0099,1,0.15,210.63,179.04,131.19,47.85,UPI,Cancelled,,Fitness Product 99,Sports,Fitness,192.87,Customer 786,Central,Nagpur,2023-07-26,2025,10,Oct
ORD002456,2025-06-15,CUST00254,PROD0064,1,0.05,548.44,521.02,331.24,189.78,Debit Card,Delivered,3.0,Decor Product 64,Home & Kitchen,Decor,496.62,Customer 254,South,Chennai,2023-07-02,2025,6,Jun
ORD002457,2025-11-07,CUST00121,PROD0025,2,0.1,258.22,464.8,342.08,122.72,COD,Delivered,5.0,Kitchen Product 25,Home & Kitchen,Kitchen,279.9,Customer 121,East,Ranchi,2024-03-08,2025,11,Nov
ORD002458,2025-03-09,CUST01056,PROD0055,3,0.0,285.94,857.82,703.41,154.41,Net Banking,Returned,5.0,Fitness Product 55,Sports,Fitness,287.69,Customer 1056,East,Bhubaneswar,2025-03-13,2025,3,Mar
ORD002459,2025-03-29,CUST00661,PROD0009,1,0.1,293.03,263.73,190.64,73.09,Debit Card,Delivered,6.0,Furniture Product 9,Home & Kitchen,Furniture,301.64,Customer 661,East,Bhubaneswar,2025-03-17,2025,3,Mar
ORD002460,2025-08-05,CUST01061,PROD0017,4,0.05,15.66,59.51,43.49,16.02,UPI,Returned,3.0,Equipment Product 17,Sports,Equipment,15.15,Customer 1061,West,Mumbai,2023-04-24,2025,8,Aug
ORD002461,2025-01-01,CUST01366,PROD0021,1,0.05,13.62,12.94,7.85,5.09,Credit Card,Delivered,8.0,Technology Product 21,Books,Technology,13.01,Customer 1366,North,Delhi,2024-07-04,2025,1,Jan
ORD002462,2025-05-15,CUST01037,PROD0060,1,0.05,136.89,130.05,88.02,42.03,UPI,Delivered,4.0,Outdoor Product 60,Sports,Outdoor,122.23,Customer 1037,South,Kochi,2024-07-26,2025,5,May
ORD002463,2025-07-04,CUST01207,PROD0013,1,0.0,786.66,786.66,618.77,167.89,UPI,Delivered,5.0,Laptops Product 13,Electronics,Laptops,769.31,Customer 1207,South,Chennai,2025-04-04,2025,7,Jul
ORD002464,2025-12-17,CUST01289,PROD0003,2,0.1,581.17,1046.11,816.2,229.91,UPI,Cancelled,,Accessories Product 3,Electronics,Accessories,564.08,Customer 1289,North,Chandigarh,2023-09-23,2025,12,Dec
ORD002465,2025-05-20,CUST00088,PROD0068,2,0.25,98.34,147.51,104.05,43.46,Credit Card,Delivered,7.0,Kitchen Product 68,Home & Kitchen,Kitchen,98.06,Customer 88,Central,Nagpur,2023-03-25,2025,5,May
ORD002466,2025-04-16,CUST01486,PROD0004,2,0.05,10.33,19.63,15.64,3.99,UPI,Delivered,4.0,Technology Product 4,Books,Technology,10.88,Customer 1486,East,Bhubaneswar,2024-02-21,2025,4,Apr
ORD002467,2025-05-13,CUST00046,PROD0107,2,0.15,196.76,334.49,205.48,129.01,COD,Delivered,1.0,Equipment Product 107,Sports,Equipment,200.64,Customer 46,Central,Nagpur,2023-06-03,2025,5,May
ORD002468,2025-04-18,CUST01416,PROD0092,1,0.1,55.84,50.26,37.09,13.17,COD,Delivered,2.0,Haircare Product 92,Beauty,Haircare,57.6,Customer 1416,East,Bhubaneswar,2025-01-31,2025,4,Apr
ORD002469,2025-06-27,CUST01143,PROD0007,4,0.05,16.55,62.89,40.23,22.66,UPI,Delivered,6.0,Haircare Product 7,Beauty,Haircare,15.32,Customer 1143,East,Ranchi,2023-04-03,2025,6,Jun
ORD002470,2025-10-25,CUST00933,PROD0026,1,0.0,232.44,232.44,170.83,61.61,Credit Card,Delivered,5.0,Men Product 26,Fashion,Men,225.85,Customer 933,South,Hyderabad,2024-06-11,2025,10,Oct
ORD002471,2025-12-24,CUST01471,PROD0075,1,0.0,217.25,217.25,130.56,86.69,Debit Card,Delivered,3.0,Decor Product 75,Home & Kitchen,Decor,221.86,Customer 1471,North,Chandigarh,2024-09-15,2025,12,Dec
ORD002472,2025-12-25,CUST00745,PROD0024,2,0.15,286.99,487.88,393.46,94.42,COD,Delivered,4.0,Equipment Product 24,Sports,Equipment,281.97,Customer 745,South,Bengaluru,2023-11-26,2025,12,Dec
ORD002473,2025-05-26,CUST00967,PROD0107,1,0.05,193.37,183.7,141.21,42.49,Net Banking,Delivered,5.0,Equipment Product 107,Sports,Equipment,200.64,Customer 967,North,Jaipur,2024-11-08,2025,5,May
ORD002474,2025-03-15,CUST00763,PROD0010,4,0.0,850.47,3401.88,2137.17,1264.71,UPI,Delivered,2.0,Smartphones Product 10,Electronics,Smartphones,888.66,Customer 763,North,Delhi,2025-05-05,2025,3,Mar
ORD002475,2025-04-18,CUST00762,PROD0101,1,0.05,352.59,334.96,245.51,89.45,UPI,Delivered,2.0,Laptops Product 101,Electronics,Laptops,322.89,Customer 762,North,Lucknow,2024-10-01,2025,4,Apr
ORD002476,2025-05-02,CUST00794,PROD0013,2,0.1,853.14,1535.65,1170.46,365.19,UPI,Cancelled,,Laptops Product 13,Electronics,Laptops,769.31,Customer 794,Central,Nagpur,2025-04-01,2025,5,May
ORD002477,2025-01-17,CUST00744,PROD0044,2,0.15,21.87,37.18,23.43,13.75,Credit Card,Delivered,2.0,Business Product 44,Books,Business,23.36,Customer 744,East,Ranchi,2023-07-14,2025,1,Jan
ORD002478,2025-07-15,CUST01070,PROD0106,1,0.05,163.91,155.71,93.8,61.91,UPI,Delivered,3.0,Women Product 106,Fashion,Women,152.76,Customer 1070,West,Mumbai,2024-05-29,2025,7,Jul
ORD002479,2025-11-23,CUST00558,PROD0039,4,0.1,170.91,615.28,408.81,206.47,Debit Card,Delivered,2.0,Smartphones Product 39,Electronics,Smartphones,169.11,Customer 558,East,Bhubaneswar,2024-11-21,2025,11,Nov
ORD002480,2025-11-14,CUST00526,PROD0019,4,0.1,213.37,768.13,470.54,297.59,UPI,Cancelled,,Decor Product 19,Home & Kitchen,Decor,213.84,Customer 526,West,Mumbai,2023-10-26,2025,11,Nov
ORD002481,2025-10-24,CUST00597,PROD0051,1,0.0,194.12,194.12,138.95,55.17,Net Banking,Delivered,1.0,Furniture Product 51,Home & Kitchen,Furniture,183.5,Customer 597,South,Chennai,2024-05-26,2025,10,Oct
ORD002482,2025-09-09,CUST00840,PROD0019,1,0.05,208.12,197.71,134.8,62.91,UPI,Delivered,2.0,Decor Product 19,Home & Kitchen,Decor,213.84,Customer 840,East,Bhubaneswar,2023-02-18,2025,9,Sep
ORD002483,2025-04-29,CUST00003,PROD0076,1,0.1,99.05,89.14,61.59,27.55,UPI,Delivered,2.0,Women Product 76,Fashion,Women,107.18,Customer 3,Central,Kanpur,2023-12-15,2025,4,Apr
ORD002484,2025-06-11,CUST01052,PROD0052,1,0.1,55.86,50.27,35.71,14.56,Credit Card,Delivered,3.0,Self Help Product 52,Books,Self Help,58.02,Customer 1052,East,Patna,2024-05-13,2025,6,Jun
ORD002485,2025-07-17,CUST01405,PROD0086,1,0.15,345.81,293.94,239.76,54.18,UPI,Delivered,2.0,Audio Product 86,Electronics,Audio,361.35,Customer 1405,West,Surat,2025-03-09,2025,7,Jul
ORD002486,2025-02-14,CUST00157,PROD0047,1,0.1,17.24,15.52,11.95,3.57,Debit Card,Delivered,2.0,Men Product 47,Fashion,Men,18.6,Customer 157,South,Chennai,2024-02-24,2025,2,Feb
ORD002487,2025-11-10,CUST00855,PROD0101,1,0.05,317.81,301.92,220.73,81.19,Credit Card,Delivered,3.0,Laptops Product 101,Electronics,Laptops,322.89,Customer 855,Central,Nagpur,2024-11-24,2025,11,Nov
ORD002488,2025-06-28,CUST00511,PROD0120,3,0.05,13.5,38.48,25.68,12.8,Net Banking,Delivered,2.0,Self Help Product 120,Books,Self Help,13.3,Customer 511,South,Chennai,2023-07-31,2025,6,Jun
ORD002489,2025-02-13,CUST01357,PROD0030,3,0.1,358.19,967.11,567.21,399.9,COD,Delivered,2.0,Decor Product 30,Home & Kitchen,Decor,335.65,Customer 1357,Central,Kanpur,2023-08-17,2025,2,Feb
ORD002490,2025-09-28,CUST00687,PROD0046,4,0.15,117.85,400.69,243.61,157.08,Net Banking,Delivered,4.0,Accessories Product 46,Electronics,Accessories,119.63,Customer 687,South,Chennai,2023-08-27,2025,9,Sep
ORD002491,2025-03-19,CUST01138,PROD0076,4,0.0,102.78,411.12,310.56,100.56,Credit Card,Delivered,7.0,Women Product 76,Fashion,Women,107.18,Customer 1138,South,Kochi,2024-09-07,2025,3,Mar
ORD002492,2025-11-22,CUST01413,PROD0093,1,0.2,360.75,288.6,192.96,95.64,Credit Card,Delivered,4.0,Appliances Product 93,Home & Kitchen,Appliances,373.4,Customer 1413,North,Lucknow,2023-10-14,2025,11,Nov
ORD002493,2025-06-27,CUST01274,PROD0021,3,0.1,14.29,38.58,25.47,13.11,UPI,Delivered,5.0,Technology Product 21,Books,Technology,13.01,Customer 1274,East,Patna,2025-05-05,2025,6,Jun
ORD002494,2025-12-23,CUST00571,PROD0075,2,0.05,213.2,405.08,321.37,83.71,Credit Card,Delivered,7.0,Decor Product 75,Home & Kitchen,Decor,221.86,Customer 571,North,Lucknow,2024-11-24,2025,12,Dec
ORD002495,2025-01-03,CUST00715,PROD0101,2,0.1,353.84,636.91,443.47,193.44,COD,Delivered,2.0,Laptops Product 101,Electronics,Laptops,322.89,Customer 715,North,Delhi,2024-05-13,2025,1,Jan
ORD002496,2025-08-02,CUST01339,PROD0048,1,0.0,110.61,110.61,88.03,22.58,UPI,Delivered,3.0,Fragrance Product 48,Beauty,Fragrance,109.58,Customer 1339,West,Mumbai,2024-03-19,2025,8,Aug
ORD002497,2025-12-08,CUST00239,PROD0062,1,0.1,185.47,166.92,132.33,34.59,Debit Card,Delivered,4.0,Accessories Product 62,Fashion,Accessories,167.56,Customer 239,Central,Kanpur,2023-03-14,2025,12,Dec
ORD002498,2025-03-15,CUST01258,PROD0058,4,0.1,194.26,699.34,419.07,280.27,Net Banking,Delivered,3.0,Footwear Product 58,Fashion,Footwear,193.95,Customer 1258,South,Chennai,2024-10-11,2025,3,Mar
ORD002499,2025-02-20,CUST00303,PROD0018,1,0.0,210.56,210.56,169.9,40.66,COD,Delivered,4.0,Furniture Product 18,Home & Kitchen,Furniture,220.36,Customer 303,East,Bhubaneswar,2023-04-05,2025,2,Feb
ORD002500,2025-03-08,CUST00607,PROD0108,3,0.15,384.62,980.78,586.97,393.81,UPI,Delivered,4.0,Kitchen Product 108,Home & Kitchen,Kitchen,373.49,Customer 607,West,Surat,2025-05-24,2025,3,Mar
ORD002501,2025-11-28,CUST00991,PROD0059,1,0.15,100.92,85.78,69.59,16.19,UPI,Delivered,5.0,Haircare Product 59,Beauty,Haircare,97.27,Customer 991,North,Lucknow,2023-06-10,2025,11,Nov
ORD002502,2025-04-03,CUST00334,PROD0091,3,0.0,40.24,120.72,83.13,37.59,UPI,Delivered,5.0,Technology Product 91,Books,Technology,38.43,Customer 334,Central,Indore,2024-02-05,2025,4,Apr
ORD002503,2025-06-25,CUST00113,PROD0101,4,0.05,323.63,1229.79,937.85,291.94,Net Banking,Delivered,2.0,Laptops Product 101,Electronics,Laptops,322.89,Customer 113,South,Kochi,2023-02-09,2025,6,Jun
ORD002504,2025-05-25,CUST00362,PROD0048,2,0.0,101.88,203.76,152.71,51.05,UPI,Delivered,2.0,Fragrance Product 48,Beauty,Fragrance,109.58,Customer 362,North,Chandigarh,2024-08-13,2025,5,May
ORD002505,2025-01-07,CUST00801,PROD0063,1,0.15,286.03,243.13,171.27,71.86,UPI,Delivered,2.0,Kitchen Product 63,Home & Kitchen,Kitchen,273.62,Customer 801,East,Kolkata,2024-05-19,2025,1,Jan
ORD002506,2025-09-26,CUST00097,PROD0012,4,0.05,336.41,1278.36,931.5,346.86,UPI,Delivered,3.0,Audio Product 12,Electronics,Audio,304.0,Customer 97,Central,Bhopal,2023-05-27,2025,9,Sep
ORD002507,2025-11-18,CUST00016,PROD0087,4,0.05,201.74,766.61,619.41,147.2,UPI,Delivered,4.0,Equipment Product 87,Sports,Equipment,181.5,Customer 16,East,Bhubaneswar,2024-05-13,2025,11,Nov
ORD002508,2025-01-04,CUST00556,PROD0034,2,0.05,109.65,208.34,167.21,41.13,Credit Card,Delivered,3.0,Accessories Product 34,Fashion,Accessories,105.5,Customer 556,South,Chennai,2025-01-19,2025,1,Jan
ORD002509,2025-05-18,CUST00376,PROD0061,3,0.05,80.66,229.88,169.43,60.45,Credit Card,Cancelled,,Outdoor Product 61,Sports,Outdoor,87.3,Customer 376,Central,Nagpur,2024-12-14,2025,5,May
ORD002510,2025-08-19,CUST00742,PROD0102,2,0.15,49.17,83.59,61.68,21.91,COD,Delivered,2.0,Makeup Product 102,Beauty,Makeup,52.24,Customer 742,Central,Bhopal,2024-04-25,2025,8,Aug
ORD002511,2025-03-29,CUST00390,PROD0087,2,0.15,197.25,335.32,214.36,120.96,UPI,Cancelled,,Equipment Product 87,Sports,Equipment,181.5,Customer 390,South,Chennai,2023-11-14,2025,3,Mar
ORD002512,2025-01-17,CUST00620,PROD0053,4,0.1,24.75,89.1,69.4,19.7,Debit Card,Delivered,6.0,Self Help Product 53,Books,Self Help,22.79,Customer 620,North,Chandigarh,2023-12-07,2025,1,Jan
ORD002513,2025-02-21,CUST01241,PROD0025,4,0.1,310.47,1117.69,817.95,299.74,Debit Card,Returned,4.0,Kitchen Product 25,Home & Kitchen,Kitchen,279.9,Customer 1241,Central,Nagpur,2025-06-17,2025,2,Feb
ORD002514,2025-05-14,CUST01423,PROD0062,1,0.1,173.05,155.74,121.21,34.53,UPI,Delivered,4.0,Accessories Product 62,Fashion,Accessories,167.56,Customer 1423,West,Surat,2024-07-10,2025,5,May
ORD002515,2025-07-30,CUST01284,PROD0004,3,0.0,11.89,35.67,26.32,9.35,Net Banking,Delivered,4.0,Technology Product 4,Books,Technology,10.88,Customer 1284,West,Ahmedabad,2023-04-06,2025,7,Jul
ORD002516,2025-11-21,CUST00824,PROD0094,1,0.0,29.49,29.49,19.22,10.27,UPI,Delivered,2.0,Footwear Product 94,Fashion,Footwear,27.18,Customer 824,North,Jaipur,2024-01-19,2025,11,Nov
ORD002517,2025-08-07,CUST00320,PROD0094,2,0.05,28.21,53.6,33.53,20.07,Debit Card,Delivered,5.0,Footwear Product 94,Fashion,Footwear,27.18,Customer 320,East,Patna,2023-06-28,2025,8,Aug
ORD002518,2025-07-24,CUST00196,PROD0013,1,0.15,828.34,704.09,421.38,282.71,Debit Card,Delivered,3.0,Laptops Product 13,Electronics,Laptops,769.31,Customer 196,South,Hyderabad,2024-10-12,2025,7,Jul
ORD002519,2025-07-30,CUST00418,PROD0042,4,0.2,254.5,814.4,586.89,227.51,Debit Card,Delivered,1.0,Accessories Product 42,Electronics,Accessories,269.27,Customer 418,West,Mumbai,2023-08-18,2025,7,Jul
ORD002520,2025-10-04,CUST01499,PROD0049,3,0.0,428.96,1286.88,834.12,452.76,UPI,Delivered,2.0,Decor Product 49,Home & Kitchen,Decor,409.38,Customer 1499,North,Jaipur,2025-03-10,2025,10,Oct
ORD002521,2025-01-24,CUST00607,PROD0078,1,0.05,120.72,114.68,83.87,30.81,Credit Card,Delivered,5.0,Fitness Product 78,Sports,Fitness,108.69,Customer 607,West,Surat,2025-05-24,2025,1,Jan
ORD002522,2025-01-04,CUST00568,PROD0056,3,0.0,79.91,239.73,142.42,97.31,Debit Card,Delivered,3.0,Women Product 56,Fashion,Women,83.9,Customer 568,Central,Indore,2024-01-04,2025,1,Jan
ORD002523,2025-06-01,CUST00544,PROD0047,3,0.15,19.88,50.69,33.97,16.72,Debit Card,Delivered,5.0,Men Product 47,Fashion,Men,18.6,Customer 544,Central,Bhopal,2023-10-02,2025,6,Jun
ORD002524,2025-09-16,CUST00231,PROD0008,2,0.15,455.17,773.79,497.19,276.6,Net Banking,Delivered,4.0,Decor Product 8,Home & Kitchen,Decor,462.5,Customer 231,North,Lucknow,2024-05-23,2025,9,Sep
ORD002525,2025-11-20,CUST00884,PROD0055,1,0.0,311.69,311.69,208.48,103.21,Debit Card,Delivered,3.0,Fitness Product 55,Sports,Fitness,287.69,Customer 884,Central,Bhopal,2024-12-19,2025,11,Nov
ORD002526,2025-12-23,CUST00521,PROD0088,1,0.15,86.55,73.57,43.63,29.94,UPI,Delivered,2.0,Accessories Product 88,Fashion,Accessories,81.69,Customer 521,East,Patna,2023-02-16,2025,12,Dec
ORD002527,2025-06-17,CUST00703,PROD0018,1,0.15,243.55,207.02,156.05,50.97,UPI,Delivered,5.0,Furniture Product 18,Home & Kitchen,Furniture,220.36,Customer 703,North,Jaipur,2024-10-07,2025,6,Jun
ORD002528,2025-06-25,CUST01224,PROD0035,3,0.0,33.52,100.56,61.14,39.42,Debit Card,Delivered,4.0,Footwear Product 35,Fashion,Footwear,31.55,Customer 1224,North,Delhi,2024-05-08,2025,6,Jun
ORD002529,2025-11-06,CUST00846,PROD0089,2,0.05,469.14,891.37,520.08,371.29,Debit Card,Delivered,3.0,Kitchen Product 89,Home & Kitchen,Kitchen,468.17,Customer 846,North,Lucknow,2023-12-01,2025,11,Nov
ORD002530,2025-10-18,CUST00673,PROD0081,1,0.1,309.57,278.61,224.87,53.74,UPI,Delivered,4.0,Accessories Product 81,Electronics,Accessories,335.69,Customer 673,Central,Indore,2024-02-29,2025,10,Oct
ORD002531,2025-02-25,CUST00021,PROD0032,1,0.0,15.24,15.24,9.54,5.7,UPI,Delivered,4.0,Skincare Product 32,Beauty,Skincare,14.13,Customer 21,North,Lucknow,2023-11-23,2025,2,Feb
ORD002532,2025-04-18,CUST01335,PROD0120,1,0.05,13.32,12.65,9.85,2.8,UPI,Delivered,1.0,Self Help Product 120,Books,Self Help,13.3,Customer 1335,West,Ahmedabad,2025-04-23,2025,4,Apr
ORD002533,2025-10-23,CUST00588,PROD0024,2,0.0,297.23,594.46,482.39,112.07,Credit Card,Delivered,4.0,Equipment Product 24,Sports,Equipment,281.97,Customer 588,Central,Bhopal,2023-09-09,2025,10,Oct
ORD002534,2025-11-20,CUST00898,PROD0007,1,0.1,14.42,12.98,9.19,3.79,Credit Card,Delivered,4.0,Haircare Product 7,Beauty,Haircare,15.32,Customer 898,East,Kolkata,2024-05-14,2025,11,Nov
ORD002535,2025-10-29,CUST01458,PROD0013,3,0.15,844.85,2154.37,1521.56,632.81,Credit Card,Delivered,2.0,Laptops Product 13,Electronics,Laptops,769.31,Customer 1458,North,Delhi,2023-10-13,2025,10,Oct
ORD002536,2025-11-30,CUST00371,PROD0091,3,0.1,38.7,104.49,69.82,34.67,UPI,Delivered,5.0,Technology Product 91,Books,Technology,38.43,Customer 371,North,Jaipur,2024-02-08,2025,11,Nov
ORD002537,2025-05-21,CUST00078,PROD0112,1,0.0,244.06,244.06,166.48,77.58,Credit Card,Delivered,5.0,Kitchen Product 112,Home & Kitchen,Kitchen,221.08,Customer 78,South,Chennai,2023-10-30,2025,5,May
ORD002538,2025-06-04,CUST01309,PROD0069,2,0.0,153.5,307.0,213.58,93.42,Debit Card,Delivered,3.0,Women Product 69,Fashion,Women,144.62,Customer 1309,North,Chandigarh,2025-02-15,2025,6,Jun
ORD002539,2025-09-19,CUST00648,PROD0100,2,0.1,99.35,178.83,110.25,68.58,UPI,Delivered,2.0,Men Product 100,Fashion,Men,105.21,Customer 648,West,Pune,2023-06-02,2025,9,Sep
ORD002540,2025-09-30,CUST00140,PROD0090,1,0.05,170.39,161.87,108.05,53.82,UPI,Delivered,4.0,Outdoor Product 90,Sports,Outdoor,164.49,Customer 140,North,Jaipur,2023-12-23,2025,9,Sep
ORD002541,2025-08-20,CUST00553,PROD0042,2,0.1,296.73,534.11,414.4,119.71,Debit Card,Delivered,2.0,Accessories Product 42,Electronics,Accessories,269.27,Customer 553,Central,Bhopal,2025-04-12,2025,8,Aug
ORD002542,2025-08-29,CUST00998,PROD0109,1,0.0,49.34,49.34,30.78,18.56,Net Banking,Delivered,5.0,Fiction Product 109,Books,Fiction,45.69,Customer 998,West,Mumbai,2023-03-11,2025,8,Aug
ORD002543,2025-12-21,CUST00282,PROD0031,1,0.15,254.55,216.37,163.4,52.97,UPI,Delivered,3.0,Furniture Product 31,Home & Kitchen,Furniture,253.64,Customer 282,North,Jaipur,2025-06-20,2025,12,Dec
ORD002544,2025-12-03,CUST01282,PROD0074,3,0.2,239.16,573.98,422.67,151.31,COD,Delivered,6.0,Women Product 74,Fashion,Women,215.26,Customer 1282,South,Bengaluru,2023-01-11,2025,12,Dec
ORD002545,2025-09-15,CUST01384,PROD0110,2,0.2,394.71,631.54,374.98,256.56,UPI,Delivered,4.0,Kitchen Product 110,Home & Kitchen,Kitchen,405.37,Customer 1384,South,Bengaluru,2025-01-07,2025,9,Sep
ORD002546,2025-09-06,CUST00440,PROD0026,1,0.05,224.73,213.49,124.97,88.52,UPI,Delivered,3.0,Men Product 26,Fashion,Men,225.85,Customer 440,South,Kochi,2023-11-22,2025,9,Sep
ORD002547,2025-03-18,CUST00270,PROD0086,1,0.1,386.62,347.96,231.26,116.7,Credit Card,Delivered,3.0,Audio Product 86,Electronics,Audio,361.35,Customer 270,North,Lucknow,2024-05-02,2025,3,Mar
ORD002548,2025-06-29,CUST01158,PROD0076,1,0.05,103.6,98.42,73.43,24.99,Debit Card,Returned,4.0,Women Product 76,Fashion,Women,107.18,Customer 1158,North,Lucknow,2023-08-10,2025,6,Jun
ORD002549,2025-03-07,CUST00746,PROD0032,4,0.15,14.46,49.16,32.41,16.75,UPI,Delivered,5.0,Skincare Product 32,Beauty,Skincare,14.13,Customer 746,South,Kochi,2023-06-24,2025,3,Mar
ORD002550,2025-11-04,CUST00104,PROD0091,2,0.0,40.96,81.92,60.64,21.28,Credit Card,Delivered,6.0,Technology Product 91,Books,Technology,38.43,Customer 104,West,Ahmedabad,2025-04-15,2025,11,Nov
ORD002551,2025-12-14,CUST00766,PROD0097,4,0.15,62.22,211.55,156.49,55.06,UPI,Delivered,4.0,Self Help Product 97,Books,Self Help,59.33,Customer 766,East,Ranchi,2023-03-12,2025,12,Dec
ORD002552,2025-06-20,CUST00095,PROD0117,2,0.05,259.41,492.88,381.28,111.6,Credit Card,Delivered,3.0,Furniture Product 117,Home & Kitchen,Furniture,272.76,Customer 95,East,Bhubaneswar,2024-07-06,2025,6,Jun
ORD002553,2025-01-22,CUST00729,PROD0052,1,0.2,60.68,48.54,29.31,19.23,UPI,Cancelled,,Self Help Product 52,Books,Self Help,58.02,Customer 729,South,Bengaluru,2023-05-07,2025,1,Jan
ORD002554,2025-04-17,CUST00480,PROD0020,1,0.15,98.76,83.95,60.32,23.63,Credit Card,Delivered,2.0,Skincare Product 20,Beauty,Skincare,95.46,Customer 480,South,Kochi,2023-02-15,2025,4,Apr
ORD002555,2025-11-19,CUST00780,PROD0103,1,0.05,40.43,38.41,22.85,15.56,Credit Card,Delivered,2.0,Women Product 103,Fashion,Women,39.19,Customer 780,Central,Kanpur,2024-06-12,2025,11,Nov
ORD002556,2025-08-15,CUST01265,PROD0105,2,0.2,187.78,300.45,186.95,113.5,Debit Card,Delivered,3.0,Fragrance Product 105,Beauty,Fragrance,173.04,Customer 1265,West,Ahmedabad,2023-02-05,2025,8,Aug
ORD002557,2025-08-04,CUST00013,PROD0040,2,0.05,258.98,492.06,323.83,168.23,Credit Card,Delivered,1.0,Appliances Product 40,Home & Kitchen,Appliances,270.68,Customer 13,East,Bhubaneswar,2023-09-04,2025,8,Aug
ORD002558,2025-03-10,CUST01171,PROD0059,2,0.25,104.11,156.16,117.08,39.08,Credit Card,Returned,6.0,Haircare Product 59,Beauty,Haircare,97.27,Customer 1171,East,Patna,2024-03-13,2025,3,Mar
ORD002559,2025-03-25,CUST00601,PROD0077,3,0.15,148.02,377.45,307.14,70.31,Credit Card,Delivered,2.0,Accessories Product 77,Fashion,Accessories,138.05,Customer 601,Central,Nagpur,2023-07-24,2025,3,Mar
ORD002560,2025-04-13,CUST00095,PROD0014,1,0.25,136.61,102.46,67.85,34.61,COD,Delivered,4.0,Accessories Product 14,Electronics,Accessories,128.33,Customer 95,East,Bhubaneswar,2024-07-06,2025,4,Apr
ORD002561,2025-02-08,CUST00293,PROD0044,1,0.0,23.86,23.86,16.82,7.04,Net Banking,Delivered,3.0,Business Product 44,Books,Business,23.36,Customer 293,North,Delhi,2025-04-11,2025,2,Feb
ORD002562,2025-01-13,CUST00025,PROD0104,4,0.05,68.81,261.48,167.92,93.56,Debit Card,Delivered,5.0,Footwear Product 104,Fashion,Footwear,68.87,Customer 25,East,Kolkata,2024-09-20,2025,1,Jan
ORD002563,2025-10-24,CUST01296,PROD0117,1,0.15,272.47,231.6,171.87,59.73,Credit Card,Cancelled,,Furniture Product 117,Home & Kitchen,Furniture,272.76,Customer 1296,West,Ahmedabad,2024-03-21,2025,10,Oct
ORD002564,2025-11-09,CUST01190,PROD0086,1,0.2,385.47,308.38,205.99,102.39,Credit Card,Delivered,5.0,Audio Product 86,Electronics,Audio,361.35,Customer 1190,North,Jaipur,2023-02-14,2025,11,Nov
ORD002565,2025-06-30,CUST00939,PROD0082,3,0.0,644.57,1933.71,1345.06,588.65,UPI,Delivered,3.0,Laptops Product 82,Electronics,Laptops,632.19,Customer 939,Central,Nagpur,2023-08-25,2025,6,Jun
ORD002566,2025-09-25,CUST00762,PROD0048,1,0.0,108.23,108.23,77.52,30.71,Net Banking,Delivered,5.0,Fragrance Product 48,Beauty,Fragrance,109.58,Customer 762,North,Lucknow,2024-10-01,2025,9,Sep
ORD002567,2025-01-13,CUST01111,PROD0093,2,0.05,390.24,741.46,552.16,189.3,UPI,Delivered,2.0,Appliances Product 93,Home & Kitchen,Appliances,373.4,Customer 1111,Central,Kanpur,2024-12-15,2025,1,Jan
ORD002568,2025-04-30,CUST00654,PROD0043,1,0.2,55.2,44.16,26.25,17.91,UPI,Delivered,3.0,Skincare Product 43,Beauty,Skincare,50.76,Customer 654,West,Mumbai,2025-05-13,2025,4,Apr
ORD002569,2025-12-19,CUST00985,PROD0016,2,0.15,190.06,323.1,230.43,92.67,Debit Card,Delivered,8.0,Women Product 16,Fashion,Women,203.86,Customer 985,East,Patna,2025-06-05,2025,12,Dec
ORD002570,2025-02-26,CUST00638,PROD0110,2,0.05,451.76,858.34,586.66,271.68,UPI,Delivered,7.0,Kitchen Product 110,Home & Kitchen,Kitchen,405.37,Customer 638,South,Bengaluru,2023-11-08,2025,2,Feb
ORD002571,2025-02-09,CUST00491,PROD0035,1,0.0,29.64,29.64,18.14,11.5,COD,Delivered,2.0,Footwear Product 35,Fashion,Footwear,31.55,Customer 491,North,Delhi,2024-11-20,2025,2,Feb
ORD002572,2025-12-02,CUST01165,PROD0053,1,0.1,23.3,20.97,13.21,7.76,Debit Card,Delivered,4.0,Self Help Product 53,Books,Self Help,22.79,Customer 1165,Central,Bhopal,2023-01-13,2025,12,Dec
ORD002573,2025-05-08,CUST01127,PROD0034,1,0.0,108.88,108.88,86.25,22.63,Credit Card,Delivered,3.0,Accessories Product 34,Fashion,Accessories,105.5,Customer 1127,North,Chandigarh,2024-05-25,2025,5,May
ORD002574,2025-06-22,CUST01250,PROD0003,4,0.15,534.55,1817.47,1434.4,383.07,UPI,Delivered,4.0,Accessories Product 3,Electronics,Accessories,564.08,Customer 1250,Central,Kanpur,2025-06-25,2025,6,Jun
ORD002575,2025-02-04,CUST00575,PROD0068,4,0.05,108.17,411.05,241.7,169.35,Debit Card,Delivered,5.0,Kitchen Product 68,Home & Kitchen,Kitchen,98.06,Customer 575,West,Mumbai,2024-07-21,2025,2,Feb
ORD002576,2025-09-16,CUST00294,PROD0118,3,0.1,132.79,358.53,267.27,91.26,Credit Card,Delivered,1.0,Kitchen Product 118,Home & Kitchen,Kitchen,130.92,Customer 294,East,Ranchi,2024-04-27,2025,9,Sep
ORD002577,2025-01-05,CUST00896,PROD0005,2,0.2,224.27,358.83,255.85,102.98,UPI,Delivered,5.0,Men Product 5,Fashion,Men,236.42,Customer 896,East,Ranchi,2024-04-24,2025,1,Jan
ORD002578,2025-08-06,CUST01330,PROD0010,4,0.1,944.04,3398.54,2737.71,660.83,COD,Delivered,2.0,Smartphones Product 10,Electronics,Smartphones,888.66,Customer 1330,South,Chennai,2023-03-23,2025,8,Aug
ORD002579,2025-01-11,CUST01278,PROD0052,3,0.05,61.08,174.08,138.9,35.18,UPI,Delivered,7.0,Self Help Product 52,Books,Self Help,58.02,Customer 1278,North,Lucknow,2025-02-28,2025,1,Jan
ORD002580,2025-11-23,CUST01204,PROD0029,1,0.15,62.68,53.28,38.31,14.97,Debit Card,Delivered,6.0,Women Product 29,Fashion,Women,56.34,Customer 1204,East,Ranchi,2025-01-20,2025,11,Nov
ORD002581,2025-04-27,CUST00040,PROD0096,3,0.05,211.95,604.06,370.5,233.56,Net Banking,Delivered,2.0,Footwear Product 96,Fashion,Footwear,210.2,Customer 40,North,Lucknow,2023-04-01,2025,4,Apr
ORD002582,2025-07-03,CUST00776,PROD0031,3,0.2,246.93,592.63,409.13,183.5,COD,Delivered,4.0,Furniture Product 31,Home & Kitchen,Furniture,253.64,Customer 776,South,Bengaluru,2025-03-31,2025,7,Jul
ORD002583,2025-12-28,CUST00520,PROD0066,1,0.0,34.25,34.25,25.83,8.42,Credit Card,Delivered,3.0,Self Help Product 66,Books,Self Help,36.75,Customer 520,East,Patna,2024-03-11,2025,12,Dec
ORD002584,2025-04-26,CUST00546,PROD0076,1,0.15,114.32,97.17,78.55,18.62,Credit Card,Cancelled,,Women Product 76,Fashion,Women,107.18,Customer 546,Central,Bhopal,2024-03-18,2025,4,Apr
ORD002585,2025-06-11,CUST00236,PROD0091,1,0.0,40.1,40.1,26.76,13.34,COD,Delivered,6.0,Technology Product 91,Books,Technology,38.43,Customer 236,South,Chennai,2025-02-01,2025,6,Jun
ORD002586,2025-03-08,CUST00463,PROD0069,2,0.0,161.18,322.36,247.68,74.68,Net Banking,Delivered,2.0,Women Product 69,Fashion,Women,144.62,Customer 463,East,Patna,2024-02-18,2025,3,Mar
ORD002587,2025-07-19,CUST01252,PROD0037,2,0.05,206.06,391.51,291.28,100.23,Debit Card,Delivered,3.0,Sportswear Product 37,Sports,Sportswear,193.95,Customer 1252,East,Patna,2023-07-11,2025,7,Jul
ORD002588,2025-01-31,CUST00483,PROD0027,1,0.25,477.0,357.75,214.22,143.53,Net Banking,Delivered,6.0,Decor Product 27,Home & Kitchen,Decor,431.04,Customer 483,Central,Nagpur,2023-09-19,2025,1,Jan
ORD002589,2025-03-16,CUST00430,PROD0087,1,0.25,202.97,152.23,108.68,43.55,Credit Card,Delivered,1.0,Equipment Product 87,Sports,Equipment,181.5,Customer 430,East,Kolkata,2025-03-12,2025,3,Mar
ORD002590,2025-08-25,CUST01046,PROD0033,2,0.0,42.51,85.02,53.06,31.96,UPI,Returned,4.0,Business Product 33,Books,Business,42.27,Customer 1046,Central,Indore,2023-09-10,2025,8,Aug
ORD002591,2025-11-23,CUST00343,PROD0068,2,0.0,93.16,186.32,138.63,47.69,UPI,Delivered,4.0,Kitchen Product 68,Home & Kitchen,Kitchen,98.06,Customer 343,Central,Kanpur,2023-02-28,2025,11,Nov
ORD002592,2025-03-07,CUST01064,PROD0059,1,0.05,93.3,88.64,64.39,24.25,Debit Card,Delivered,5.0,Haircare Product 59,Beauty,Haircare,97.27,Customer 1064,North,Jaipur,2024-11-25,2025,3,Mar
ORD002593,2025-03-11,CUST01197,PROD0064,4,0.05,488.51,1856.34,1510.19,346.15,Credit Card,Returned,5.0,Decor Product 64,Home & Kitchen,Decor,496.62,Customer 1197,West,Mumbai,2024-05-25,2025,3,Mar
ORD002594,2025-10-24,CUST01463,PROD0085,2,0.15,160.86,273.46,220.0,53.46,Credit Card,Delivered,3.0,Makeup Product 85,Beauty,Makeup,157.43,Customer 1463,West,Surat,2025-01-02,2025,10,Oct
ORD002595,2025-01-20,CUST01203,PROD0088,3,0.05,77.15,219.88,128.03,91.85,Credit Card,Delivered,5.0,Accessories Product 88,Fashion,Accessories,81.69,Customer 1203,South,Bengaluru,2024-04-09,2025,1,Jan
ORD002596,2025-08-14,CUST00133,PROD0044,4,0.15,22.9,77.86,46.65,31.21,Credit Card,Delivered,6.0,Business Product 44,Books,Business,23.36,Customer 133,East,Bhubaneswar,2024-11-11,2025,8,Aug
ORD002597,2025-07-18,CUST00351,PROD0095,1,0.15,36.65,31.15,23.82,7.33,UPI,Delivered,6.0,Business Product 95,Books,Business,37.34,Customer 351,East,Bhubaneswar,2023-07-16,2025,7,Jul
ORD002598,2025-02-08,CUST00506,PROD0108,4,0.1,343.92,1238.11,921.84,316.27,Debit Card,Delivered,3.0,Kitchen Product 108,Home & Kitchen,Kitchen,373.49,Customer 506,North,Lucknow,2025-02-23,2025,2,Feb
ORD002599,2025-05-25,CUST00084,PROD0112,1,0.15,219.05,186.19,143.78,42.41,COD,Returned,4.0,Kitchen Product 112,Home & Kitchen,Kitchen,221.08,Customer 84,Central,Nagpur,2024-04-06,2025,5,May
ORD002600,2025-02-14,CUST00993,PROD0088,1,0.0,77.05,77.05,49.62,27.43,Debit Card,Delivered,4.0,Accessories Product 88,Fashion,Accessories,81.69,Customer 993,South,Bengaluru,2024-01-27,2025,2,Feb
ORD002601,2025-11-22,CUST01488,PROD0049,3,0.0,411.81,1235.43,968.38,267.05,UPI,Delivered,5.0,Decor Product 49,Home & Kitchen,Decor,409.38,Customer 1488,North,Lucknow,2023-11-04,2025,11,Nov
ORD002602,2025-04-01,CUST00830,PROD0053,1,0.15,21.86,18.58,12.75,5.83,Credit Card,Cancelled,,Self Help Product 53,Books,Self Help,22.79,Customer 830,South,Hyderabad,2024-06-01,2025,4,Apr
ORD002603,2025-08-26,CUST00861,PROD0074,2,0.0,233.43,466.86,300.12,166.74,Net Banking,Delivered,2.0,Women Product 74,Fashion,Women,215.26,Customer 861,South,Bengaluru,2024-10-05,2025,8,Aug
ORD002604,2025-03-11,CUST00343,PROD0049,1,0.0,383.22,383.22,223.24,159.98,Credit Card,Delivered,3.0,Decor Product 49,Home & Kitchen,Decor,409.38,Customer 343,Central,Kanpur,2023-02-28,2025,3,Mar
ORD002605,2025-06-15,CUST01304,PROD0113,4,0.2,525.39,1681.25,1326.72,354.53,Credit Card,Delivered,4.0,Smartphones Product 113,Electronics,Smartphones,480.63,Customer 1304,Central,Indore,2024-03-14,2025,6,Jun
ORD002606,2025-05-10,CUST00866,PROD0114,2,0.1,569.87,1025.77,726.74,299.03,UPI,Delivered,4.0,Audio Product 114,Electronics,Audio,550.01,Customer 866,South,Chennai,2023-05-02,2025,5,May
ORD002607,2025-08-02,CUST01287,PROD0066,3,0.05,37.18,105.96,86.26,19.7,UPI,Delivered,5.0,Self Help Product 66,Books,Self Help,36.75,Customer 1287,South,Hyderabad,2023-07-11,2025,8,Aug
ORD002608,2025-12-06,CUST01190,PROD0095,3,0.15,38.46,98.07,73.7,24.37,UPI,Delivered,3.0,Business Product 95,Books,Business,37.34,Customer 1190,North,Jaipur,2023-02-14,2025,12,Dec
ORD002609,2025-03-30,CUST00293,PROD0063,2,0.05,272.31,517.39,310.07,207.32,UPI,Delivered,2.0,Kitchen Product 63,Home & Kitchen,Kitchen,273.62,Customer 293,North,Delhi,2025-04-11,2025,3,Mar
ORD002610,2025-12-01,CUST01250,PROD0025,1,0.25,264.65,198.49,143.14,55.35,Credit Card,Delivered,2.0,Kitchen Product 25,Home & Kitchen,Kitchen,279.9,Customer 1250,Central,Kanpur,2025-06-25,2025,12,Dec
ORD002611,2025-09-09,CUST01194,PROD0004,1,0.0,11.68,11.68,6.82,4.86,Credit Card,Delivered,3.0,Technology Product 4,Books,Technology,10.88,Customer 1194,South,Kochi,2023-08-03,2025,9,Sep
ORD002612,2025-12-15,CUST00598,PROD0051,2,0.1,202.87,365.17,260.68,104.49,Debit Card,Delivered,2.0,Furniture Product 51,Home & Kitchen,Furniture,183.5,Customer 598,Central,Bhopal,2023-05-19,2025,12,Dec
ORD002613,2025-03-13,CUST00645,PROD0011,4,0.15,183.75,624.75,414.86,209.89,UPI,Delivered,8.0,Skincare Product 11,Beauty,Skincare,165.54,Customer 645,West,Ahmedabad,2025-06-08,2025,3,Mar
ORD002614,2025-06-14,CUST00448,PROD0017,2,0.1,15.97,28.75,21.11,7.64,Credit Card,Returned,2.0,Equipment Product 17,Sports,Equipment,15.15,Customer 448,East,Bhubaneswar,2024-03-27,2025,6,Jun
ORD002615,2025-02-18,CUST00690,PROD0108,4,0.15,374.26,1272.48,903.43,369.05,Debit Card,Delivered,4.0,Kitchen Product 108,Home & Kitchen,Kitchen,373.49,Customer 690,Central,Indore,2024-10-14,2025,2,Feb
ORD002616,2025-02-21,CUST01002,PROD0066,1,0.2,37.33,29.86,19.19,10.67,COD,Delivered,1.0,Self Help Product 66,Books,Self Help,36.75,Customer 1002,South,Bengaluru,2024-11-05,2025,2,Feb
ORD002617,2025-10-16,CUST00855,PROD0070,1,0.15,109.88,93.4,57.81,35.59,UPI,Delivered,2.0,Footwear Product 70,Fashion,Footwear,104.51,Customer 855,Central,Nagpur,2024-11-24,2025,10,Oct
ORD002618,2025-10-05,CUST00502,PROD0073,3,0.05,10.17,28.98,19.62,9.36,UPI,Delivered,2.0,Business Product 73,Books,Business,9.38,Customer 502,North,Lucknow,2024-01-14,2025,10,Oct
ORD002619,2025-04-24,CUST00764,PROD0069,3,0.1,143.88,388.48,317.33,71.15,Credit Card,Delivered,5.0,Women Product 69,Fashion,Women,144.62,Customer 764,North,Delhi,2023-10-09,2025,4,Apr
ORD002620,2025-08-27,CUST00735,PROD0084,1,0.2,26.09,20.87,14.29,6.58,Debit Card,Delivered,3.0,Fiction Product 84,Books,Fiction,23.65,Customer 735,North,Jaipur,2024-10-25,2025,8,Aug
ORD002621,2025-05-13,CUST01403,PROD0029,2,0.05,55.49,105.43,80.1,25.33,COD,Delivered,1.0,Women Product 29,Fashion,Women,56.34,Customer 1403,West,Mumbai,2023-06-26,2025,5,May
ORD002622,2025-10-01,CUST01225,PROD0085,3,0.1,161.55,436.19,258.95,177.24,Credit Card,Delivered,3.0,Makeup Product 85,Beauty,Makeup,157.43,Customer 1225,West,Surat,2024-06-06,2025,10,Oct
ORD002623,2025-06-15,CUST00250,PROD0073,2,0.1,10.43,18.77,12.59,6.18,Net Banking,Delivered,4.0,Business Product 73,Books,Business,9.38,Customer 250,Central,Kanpur,2023-03-17,2025,6,Jun
ORD002624,2025-10-20,CUST01433,PROD0092,1,0.0,63.8,63.8,45.89,17.91,Credit Card,Delivered,4.0,Haircare Product 92,Beauty,Haircare,57.6,Customer 1433,West,Pune,2023-09-30,2025,10,Oct
ORD002625,2025-08-31,CUST00601,PROD0119,4,0.0,547.11,2188.44,1663.84,524.6,UPI,Delivered,1.0,Smartphones Product 119,Electronics,Smartphones,516.56,Customer 601,Central,Nagpur,2023-07-24,2025,8,Aug
ORD002626,2025-11-16,CUST00125,PROD0072,1,0.25,15.77,11.83,8.36,3.47,Net Banking,Delivered,6.0,Technology Product 72,Books,Technology,16.01,Customer 125,East,Bhubaneswar,2024-09-19,2025,11,Nov
ORD002627,2025-05-18,CUST00113,PROD0095,2,0.1,35.99,64.78,45.58,19.2,UPI,Delivered,2.0,Business Product 95,Books,Business,37.34,Customer 113,South,Kochi,2023-02-09,2025,5,May
ORD002628,2025-03-20,CUST00981,PROD0020,3,0.0,89.35,268.05,204.61,63.44,UPI,Delivered,6.0,Skincare Product 20,Beauty,Skincare,95.46,Customer 981,South,Hyderabad,2023-07-26,2025,3,Mar
ORD002629,2025-06-19,CUST01161,PROD0027,4,0.2,457.65,1464.48,959.51,504.97,COD,Delivered,2.0,Decor Product 27,Home & Kitchen,Decor,431.04,Customer 1161,East,Kolkata,2023-06-05,2025,6,Jun
ORD002630,2025-05-03,CUST00150,PROD0008,2,0.1,472.07,849.73,511.32,338.41,UPI,Delivered,4.0,Decor Product 8,Home & Kitchen,Decor,462.5,Customer 150,South,Kochi,2024-01-19,2025,5,May
ORD002631,2025-06-25,CUST00875,PROD0118,1,0.15,135.43,115.12,76.36,38.76,UPI,Delivered,3.0,Kitchen Product 118,Home & Kitchen,Kitchen,130.92,Customer 875,Central,Indore,2023-09-13,2025,6,Jun
ORD002632,2025-10-27,CUST00343,PROD0085,3,0.0,159.71,479.13,296.18,182.95,UPI,Delivered,4.0,Makeup Product 85,Beauty,Makeup,157.43,Customer 343,Central,Kanpur,2023-02-28,2025,10,Oct
ORD002633,2025-03-23,CUST00580,PROD0061,2,0.2,88.75,142.0,115.28,26.72,Credit Card,Delivered,3.0,Outdoor Product 61,Sports,Outdoor,87.3,Customer 580,West,Ahmedabad,2024-07-23,2025,3,Mar
ORD002634,2025-03-28,CUST00783,PROD0028,4,0.1,17.0,61.2,43.98,17.22,UPI,Delivered,1.0,Equipment Product 28,Sports,Equipment,16.44,Customer 783,West,Pune,2023-09-08,2025,3,Mar
ORD002635,2025-08-13,CUST00321,PROD0087,2,0.15,200.17,340.29,233.84,106.45,UPI,Returned,3.0,Equipment Product 87,Sports,Equipment,181.5,Customer 321,South,Kochi,2023-07-29,2025,8,Aug
ORD002636,2025-01-16,CUST00822,PROD0070,3,0.0,96.76,290.28,231.9,58.38,Debit Card,Delivered,1.0,Footwear Product 70,Fashion,Footwear,104.51,Customer 822,West,Pune,2024-10-19,2025,1,Jan
ORD002637,2025-11-06,CUST00532,PROD0003,1,0.05,609.39,578.92,460.87,118.05,COD,Delivered,4.0,Accessories Product 3,Electronics,Accessories,564.08,Customer 532,West,Ahmedabad,2023-11-10,2025,11,Nov
ORD002638,2025-12-24,CUST01313,PROD0069,1,0.05,144.35,137.13,93.22,43.91,Credit Card,Delivered,5.0,Women Product 69,Fashion,Women,144.62,Customer 1313,West,Ahmedabad,2024-11-18,2025,12,Dec
ORD002639,2025-06-12,CUST00492,PROD0073,4,0.2,10.03,32.1,25.36,6.74,Credit Card,Delivered,3.0,Business Product 73,Books,Business,9.38,Customer 492,West,Mumbai,2024-02-23,2025,6,Jun
ORD002640,2025-04-08,CUST00612,PROD0007,4,0.0,17.0,68.0,40.48,27.52,Debit Card,Delivered,4.0,Haircare Product 7,Beauty,Haircare,15.32,Customer 612,Central,Nagpur,2023-05-09,2025,4,Apr
ORD002641,2025-06-05,CUST00252,PROD0060,2,0.15,119.94,203.9,161.61,42.29,UPI,Delivered,1.0,Outdoor Product 60,Sports,Outdoor,122.23,Customer 252,East,Ranchi,2023-06-24,2025,6,Jun
ORD002642,2025-01-02,CUST01101,PROD0004,3,0.0,10.2,30.6,20.03,10.57,UPI,Delivered,3.0,Technology Product 4,Books,Technology,10.88,Customer 1101,Central,Kanpur,2024-10-22,2025,1,Jan
ORD002643,2025-12-16,CUST01416,PROD0103,1,0.0,37.88,37.88,27.11,10.77,Debit Card,Delivered,2.0,Women Product 103,Fashion,Women,39.19,Customer 1416,East,Bhubaneswar,2025-01-31,2025,12,Dec
ORD002644,2025-06-18,CUST01436,PROD0005,3,0.05,228.01,649.83,418.96,230.87,Debit Card,Delivered,1.0,Men Product 5,Fashion,Men,236.42,Customer 1436,South,Hyderabad,2024-12-31,2025,6,Jun
ORD002645,2025-11-11,CUST00173,PROD0011,1,0.15,176.86,150.33,122.72,27.61,UPI,Delivered,2.0,Skincare Product 11,Beauty,Skincare,165.54,Customer 173,East,Bhubaneswar,2024-05-10,2025,11,Nov
ORD002646,2025-11-21,CUST00875,PROD0015,2,0.15,109.53,186.2,111.2,75.0,UPI,Cancelled,,Kitchen Product 15,Home & Kitchen,Kitchen,117.47,Customer 875,Central,Indore,2023-09-13,2025,11,Nov
ORD002647,2025-04-02,CUST00201,PROD0064,1,0.25,461.95,346.46,238.11,108.35,UPI,Delivered,8.0,Decor Product 64,Home & Kitchen,Decor,496.62,Customer 201,Central,Bhopal,2025-02-23,2025,4,Apr
ORD002648,2025-06-30,CUST00217,PROD0098,4,0.2,130.31,416.99,304.0,112.99,Credit Card,Delivered,6.0,Fragrance Product 98,Beauty,Fragrance,123.08,Customer 217,West,Mumbai,2024-05-03,2025,6,Jun
ORD002649,2025-08-19,CUST00376,PROD0013,1,0.0,793.42,793.42,577.41,216.01,Credit Card,Delivered,7.0,Laptops Product 13,Electronics,Laptops,769.31,Customer 376,Central,Nagpur,2024-12-14,2025,8,Aug
ORD002650,2025-10-28,CUST00011,PROD0118,1,0.15,131.39,111.68,84.58,27.1,Credit Card,Delivered,5.0,Kitchen Product 118,Home & Kitchen,Kitchen,130.92,Customer 11,Central,Nagpur,2024-03-13,2025,10,Oct
ORD002651,2025-05-28,CUST01036,PROD0112,2,0.1,228.83,411.89,310.51,101.38,Debit Card,Delivered,2.0,Kitchen Product 112,Home & Kitchen,Kitchen,221.08,Customer 1036,West,Pune,2024-04-24,2025,5,May
ORD002652,2025-10-07,CUST00892,PROD0007,2,0.2,16.35,26.16,20.15,6.01,COD,Delivered,4.0,Haircare Product 7,Beauty,Haircare,15.32,Customer 892,South,Chennai,2024-01-03,2025,10,Oct
ORD002653,2025-07-08,CUST00435,PROD0104,2,0.0,64.79,129.58,82.44,47.14,COD,Delivered,5.0,Footwear Product 104,Fashion,Footwear,68.87,Customer 435,East,Kolkata,2025-02-16,2025,7,Jul
ORD002654,2025-12-13,CUST00818,PROD0006,1,0.15,80.99,68.84,46.05,22.79,Debit Card,Delivered,4.0,Decor Product 6,Home & Kitchen,Decor,78.58,Customer 818,South,Kochi,2024-11-23,2025,12,Dec
ORD002655,2025-12-16,CUST01397,PROD0056,1,0.0,91.02,91.02,61.14,29.88,Credit Card,Delivered,4.0,Women Product 56,Fashion,Women,83.9,Customer 1397,West,Ahmedabad,2024-09-02,2025,12,Dec
ORD002656,2025-11-10,CUST01297,PROD0064,1,0.05,492.89,468.25,379.0,89.25,UPI,Delivered,4.0,Decor Product 64,Home & Kitchen,Decor,496.62,Customer 1297,Central,Kanpur,2023-12-09,2025,11,Nov
ORD002657,2025-05-08,CUST00931,PROD0103,2,0.0,42.04,84.08,57.03,27.05,Credit Card,Delivered,3.0,Women Product 103,Fashion,Women,39.19,Customer 931,North,Lucknow,2023-09-24,2025,5,May
ORD002658,2025-01-07,CUST00691,PROD0050,1,0.0,103.46,103.46,65.52,37.94,Credit Card,Delivered,3.0,Smartphones Product 50,Electronics,Smartphones,95.0,Customer 691,North,Delhi,2024-11-02,2025,1,Jan
ORD002659,2025-02-16,CUST01156,PROD0030,1,0.05,363.91,345.71,252.98,92.73,COD,Delivered,4.0,Decor Product 30,Home & Kitchen,Decor,335.65,Customer 1156,North,Delhi,2023-04-28,2025,2,Feb
ORD002660,2025-02-22,CUST00855,PROD0022,1,0.15,206.38,175.42,119.73,55.69,UPI,Delivered,1.0,Kitchen Product 22,Home & Kitchen,Kitchen,196.54,Customer 855,Central,Nagpur,2024-11-24,2025,2,Feb
ORD002661,2025-07-06,CUST00784,PROD0025,1,0.15,297.66,253.01,161.93,91.08,Net Banking,Delivered,2.0,Kitchen Product 25,Home & Kitchen,Kitchen,279.9,Customer 784,Central,Indore,2025-02-03,2025,7,Jul
ORD002662,2025-02-07,CUST00319,PROD0028,1,0.0,17.71,17.71,13.31,4.4,COD,Delivered,6.0,Equipment Product 28,Sports,Equipment,16.44,Customer 319,Central,Indore,2024-08-17,2025,2,Feb
ORD002663,2025-08-14,CUST00844,PROD0118,2,0.0,139.66,279.32,174.87,104.45,Net Banking,Delivered,3.0,Kitchen Product 118,Home & Kitchen,Kitchen,130.92,Customer 844,North,Lucknow,2023-11-29,2025,8,Aug
ORD002664,2025-02-22,CUST00621,PROD0084,3,0.05,23.89,68.09,49.84,18.25,Debit Card,Delivered,5.0,Fiction Product 84,Books,Fiction,23.65,Customer 621,East,Ranchi,2024-10-06,2025,2,Feb
ORD002665,2025-08-12,CUST00785,PROD0039,2,0.2,160.96,257.54,175.98,81.56,UPI,Delivered,4.0,Smartphones Product 39,Electronics,Smartphones,169.11,Customer 785,South,Hyderabad,2024-01-22,2025,8,Aug
ORD002666,2025-06-03,CUST01192,PROD0067,1,0.0,189.49,189.49,124.42,65.07,UPI,Delivered,3.0,Furniture Product 67,Home & Kitchen,Furniture,192.97,Customer 1192,South,Kochi,2023-06-04,2025,6,Jun
ORD002667,2025-02-17,CUST00397,PROD0005,1,0.1,227.31,204.58,165.1,39.48,UPI,Delivered,5.0,Men Product 5,Fashion,Men,236.42,Customer 397,West,Mumbai,2024-11-19,2025,2,Feb
ORD002668,2025-12-17,CUST01204,PROD0065,3,0.0,177.4,532.2,350.11,182.09,Net Banking,Delivered,2.0,Women Product 65,Fashion,Women,178.78,Customer 1204,East,Ranchi,2025-01-20,2025,12,Dec
ORD002669,2025-05-27,CUST01082,PROD0015,1,0.1,119.57,107.61,71.39,36.22,UPI,Delivered,6.0,Kitchen Product 15,Home & Kitchen,Kitchen,117.47,Customer 1082,Central,Nagpur,2023-01-19,2025,5,May
ORD002670,2025-03-05,CUST00460,PROD0090,2,0.0,182.88,365.76,288.57,77.19,UPI,Delivered,4.0,Outdoor Product 90,Sports,Outdoor,164.49,Customer 460,Central,Nagpur,2025-02-28,2025,3,Mar
ORD002671,2025-12-15,CUST00061,PROD0067,1,0.0,214.56,214.56,131.09,83.47,Credit Card,Cancelled,,Furniture Product 67,Home & Kitchen,Furniture,192.97,Customer 61,Central,Indore,2023-12-20,2025,12,Dec
ORD002672,2025-07-01,CUST00369,PROD0040,1,0.0,290.69,290.69,176.14,114.55,Credit Card,Delivered,6.0,Appliances Product 40,Home & Kitchen,Appliances,270.68,Customer 369,East,Ranchi,2024-04-21,2025,7,Jul
ORD002673,2025-05-05,CUST01145,PROD0105,1,0.05,193.12,183.46,118.85,64.61,Credit Card,Delivered,3.0,Fragrance Product 105,Beauty,Fragrance,173.04,Customer 1145,East,Ranchi,2024-10-15,2025,5,May
ORD002674,2025-06-28,CUST00719,PROD0111,2,0.05,72.32,137.41,99.21,38.2,COD,Delivered,5.0,Fiction Product 111,Books,Fiction,64.59,Customer 719,West,Pune,2024-11-04,2025,6,Jun
ORD002675,2025-02-08,CUST00546,PROD0106,2,0.1,167.59,301.66,202.79,98.87,UPI,Delivered,4.0,Women Product 106,Fashion,Women,152.76,Customer 546,Central,Bhopal,2024-03-18,2025,2,Feb
ORD002676,2025-09-17,CUST01041,PROD0098,4,0.0,115.19,460.76,334.54,126.22,Credit Card,Delivered,2.0,Fragrance Product 98,Beauty,Fragrance,123.08,Customer 1041,East,Bhubaneswar,2025-05-08,2025,9,Sep
ORD002677,2025-01-03,CUST00496,PROD0116,2,0.0,51.75,103.5,64.0,39.5,Credit Card,Delivered,5.0,Men Product 116,Fashion,Men,51.48,Customer 496,North,Jaipur,2023-05-07,2025,1,Jan
ORD002678,2025-03-05,CUST00497,PROD0069,4,0.0,148.5,594.0,381.79,212.21,UPI,Delivered,6.0,Women Product 69,Fashion,Women,144.62,Customer 497,South,Bengaluru,2024-02-13,2025,3,Mar
ORD002679,2025-01-29,CUST00505,PROD0095,3,0.2,35.28,84.67,60.59,24.08,Credit Card,Delivered,2.0,Business Product 95,Books,Business,37.34,Customer 505,Central,Indore,2025-05-09,2025,1,Jan
ORD002680,2025-01-11,CUST00969,PROD0115,1,0.1,391.29,352.16,222.61,129.55,Debit Card,Cancelled,,Smartphones Product 115,Electronics,Smartphones,361.73,Customer 969,Central,Bhopal,2023-03-02,2025,1,Jan
ORD002681,2025-04-07,CUST01339,PROD0077,4,0.15,131.11,445.77,303.78,141.99,Debit Card,Delivered,4.0,Accessories Product 77,Fashion,Accessories,138.05,Customer 1339,West,Mumbai,2024-03-19,2025,4,Apr
ORD002682,2025-12-24,CUST01093,PROD0043,2,0.05,50.59,96.12,68.96,27.16,UPI,Delivered,1.0,Skincare Product 43,Beauty,Skincare,50.76,Customer 1093,Central,Nagpur,2024-09-13,2025,12,Dec
ORD002683,2025-07-22,CUST00161,PROD0001,2,0.0,368.14,736.28,599.09,137.19,Net Banking,Delivered,4.0,Kitchen Product 1,Home & Kitchen,Kitchen,394.25,Customer 161,Central,Bhopal,2023-12-09,2025,7,Jul
ORD002684,2025-01-21,CUST00718,PROD0022,1,0.0,201.44,201.44,120.7,80.74,COD,Delivered,5.0,Kitchen Product 22,Home & Kitchen,Kitchen,196.54,Customer 718,North,Chandigarh,2023-04-25,2025,1,Jan
ORD002685,2025-02-08,CUST01169,PROD0062,1,0.1,174.16,156.74,108.23,48.51,UPI,Delivered,4.0,Accessories Product 62,Fashion,Accessories,167.56,Customer 1169,West,Surat,2025-04-13,2025,2,Feb
ORD002686,2025-08-11,CUST00993,PROD0079,4,0.1,257.01,925.24,624.63,300.61,Credit Card,Delivered,4.0,Appliances Product 79,Home & Kitchen,Appliances,240.86,Customer 993,South,Bengaluru,2024-01-27,2025,8,Aug
ORD002687,2025-04-12,CUST01409,PROD0026,4,0.2,223.12,713.98,555.35,158.63,Credit Card,Cancelled,,Men Product 26,Fashion,Men,225.85,Customer 1409,South,Hyderabad,2024-12-02,2025,4,Apr
ORD002688,2025-02-15,CUST00269,PROD0018,1,0.2,228.76,183.01,145.69,37.32,UPI,Delivered,6.0,Furniture Product 18,Home & Kitchen,Furniture,220.36,Customer 269,South,Bengaluru,2024-02-23,2025,2,Feb
ORD002689,2025-03-07,CUST01478,PROD0048,4,0.05,116.9,444.22,354.35,89.87,Credit Card,Delivered,2.0,Fragrance Product 48,Beauty,Fragrance,109.58,Customer 1478,South,Bengaluru,2023-06-29,2025,3,Mar
ORD002690,2025-04-01,CUST00699,PROD0009,4,0.05,323.48,1229.22,823.62,405.6,UPI,Delivered,3.0,Furniture Product 9,Home & Kitchen,Furniture,301.64,Customer 699,South,Kochi,2024-09-07,2025,4,Apr
ORD002691,2025-06-13,CUST00865,PROD0001,1,0.0,386.49,386.49,252.42,134.07,COD,Delivered,2.0,Kitchen Product 1,Home & Kitchen,Kitchen,394.25,Customer 865,West,Ahmedabad,2025-04-22,2025,6,Jun
ORD002692,2025-04-21,CUST00350,PROD0107,2,0.05,187.31,355.89,244.78,111.11,Credit Card,Delivered,4.0,Equipment Product 107,Sports,Equipment,200.64,Customer 350,South,Bengaluru,2024-12-26,2025,4,Apr
ORD002693,2025-12-04,CUST00110,PROD0009,3,0.2,279.78,671.47,444.89,226.58,COD,Delivered,7.0,Furniture Product 9,Home & Kitchen,Furniture,301.64,Customer 110,South,Bengaluru,2024-01-02,2025,12,Dec
ORD002694,2025-05-03,CUST00407,PROD0023,1,0.0,83.49,83.49,62.83,20.66,UPI,Delivered,2.0,Equipment Product 23,Sports,Equipment,77.77,Customer 407,South,Bengaluru,2024-09-27,2025,5,May
ORD002695,2025-07-12,CUST00650,PROD0107,1,0.25,200.06,150.05,94.72,55.33,UPI,Delivered,3.0,Equipment Product 107,Sports,Equipment,200.64,Customer 650,North,Delhi,2023-11-07,2025,7,Jul
ORD002696,2025-04-09,CUST00051,PROD0045,1,0.1,174.3,156.87,115.78,41.09,Credit Card,Delivered,7.0,Kitchen Product 45,Home & Kitchen,Kitchen,184.1,Customer 51,Central,Bhopal,2023-09-23,2025,4,Apr
ORD002697,2025-10-18,CUST01427,PROD0002,2,0.1,28.59,51.46,41.3,10.16,Net Banking,Delivered,5.0,Decor Product 2,Home & Kitchen,Decor,29.88,Customer 1427,South,Chennai,2024-05-14,2025,10,Oct
ORD002698,2025-06-08,CUST01500,PROD0014,1,0.0,137.73,137.73,89.14,48.59,Credit Card,Delivered,1.0,Accessories Product 14,Electronics,Accessories,128.33,Customer 1500,South,Bengaluru,2025-02-21,2025,6,Jun
ORD002699,2025-04-13,CUST01111,PROD0038,2,0.1,752.14,1353.85,1005.17,348.68,Debit Card,Delivered,3.0,Laptops Product 38,Electronics,Laptops,723.36,Customer 1111,Central,Kanpur,2024-12-15,2025,4,Apr
ORD002700,2025-10-08,CUST01092,PROD0040,1,0.1,276.17,248.55,152.72,95.83,Credit Card,Delivered,8.0,Appliances Product 40,Home & Kitchen,Appliances,270.68,Customer 1092,North,Chandigarh,2024-10-12,2025,10,Oct
ORD002701,2025-02-12,CUST00596,PROD0063,1,0.05,285.82,271.53,165.4,106.13,UPI,Delivered,3.0,Kitchen Product 63,Home & Kitchen,Kitchen,273.62,Customer 596,East,Kolkata,2024-10-23,2025,2,Feb
ORD002702,2025-03-25,CUST00979,PROD0082,4,0.05,599.0,2276.2,1383.37,892.83,Debit Card,Delivered,4.0,Laptops Product 82,Electronics,Laptops,632.19,Customer 979,East,Patna,2024-08-08,2025,3,Mar
ORD002703,2025-07-10,CUST01066,PROD0016,2,0.0,200.56,401.12,245.99,155.13,Debit Card,Delivered,4.0,Women Product 16,Fashion,Women,203.86,Customer 1066,West,Mumbai,2025-02-06,2025,7,Jul
ORD002704,2025-02-20,CUST00731,PROD0117,2,0.1,271.35,488.43,308.63,179.8,UPI,Delivered,4.0,Furniture Product 117,Home & Kitchen,Furniture,272.76,Customer 731,North,Lucknow,2023-04-28,2025,2,Feb
ORD002705,2025-07-29,CUST00057,PROD0093,3,0.05,367.01,1045.98,747.96,298.02,UPI,Delivered,4.0,Appliances Product 93,Home & Kitchen,Appliances,373.4,Customer 57,Central,Kanpur,2025-06-08,2025,7,Jul
ORD002706,2025-05-06,CUST00738,PROD0108,2,0.15,408.18,693.91,530.2,163.71,Credit Card,Delivered,2.0,Kitchen Product 108,Home & Kitchen,Kitchen,373.49,Customer 738,North,Lucknow,2024-05-23,2025,5,May
ORD002707,2025-03-10,CUST00196,PROD0075,3,0.15,229.91,586.27,357.89,228.38,Credit Card,Delivered,4.0,Decor Product 75,Home & Kitchen,Decor,221.86,Customer 196,South,Hyderabad,2024-10-12,2025,3,Mar
ORD002708,2025-09-22,CUST01086,PROD0006,3,0.05,83.76,238.72,188.3,50.42,Debit Card,Delivered,6.0,Decor Product 6,Home & Kitchen,Decor,78.58,Customer 1086,East,Patna,2024-07-26,2025,9,Sep
ORD002709,2025-09-15,CUST01287,PROD0003,1,0.1,545.66,491.09,384.16,106.93,Credit Card,Delivered,7.0,Accessories Product 3,Electronics,Accessories,564.08,Customer 1287,South,Hyderabad,2023-07-11,2025,9,Sep
ORD002710,2025-07-07,CUST00112,PROD0014,1,0.05,124.84,118.6,89.49,29.11,Debit Card,Cancelled,,Accessories Product 14,Electronics,Accessories,128.33,Customer 112,South,Bengaluru,2023-10-10,2025,7,Jul
ORD002711,2025-08-18,CUST00765,PROD0066,4,0.15,35.47,120.6,82.28,38.32,Debit Card,Delivered,3.0,Self Help Product 66,Books,Self Help,36.75,Customer 765,North,Lucknow,2023-01-17,2025,8,Aug
ORD002712,2025-07-08,CUST00711,PROD0096,1,0.0,222.31,222.31,129.02,93.29,Debit Card,Delivered,3.0,Footwear Product 96,Fashion,Footwear,210.2,Customer 711,South,Hyderabad,2024-12-21,2025,7,Jul
ORD002713,2025-01-10,CUST01202,PROD0095,2,0.0,36.96,73.92,55.91,18.01,Credit Card,Delivered,2.0,Business Product 95,Books,Business,37.34,Customer 1202,West,Pune,2023-08-22,2025,1,Jan
ORD002714,2025-04-24,CUST00948,PROD0075,2,0.0,222.09,444.18,351.33,92.85,Net Banking,Delivered,6.0,Decor Product 75,Home & Kitchen,Decor,221.86,Customer 948,East,Ranchi,2023-12-02,2025,4,Apr
ORD002715,2025-03-17,CUST00026,PROD0086,4,0.15,383.69,1304.55,861.61,442.94,Debit Card,Delivered,2.0,Audio Product 86,Electronics,Audio,361.35,Customer 26,West,Ahmedabad,2024-08-28,2025,3,Mar
ORD002716,2025-06-13,CUST00410,PROD0067,2,0.0,215.04,430.08,323.56,106.52,Net Banking,Delivered,3.0,Furniture Product 67,Home & Kitchen,Furniture,192.97,Customer 410,West,Pune,2023-06-15,2025,6,Jun
ORD002717,2025-03-26,CUST00758,PROD0114,2,0.0,523.82,1047.64,623.23,424.41,Debit Card,Delivered,5.0,Audio Product 114,Electronics,Audio,550.01,Customer 758,Central,Indore,2023-09-02,2025,3,Mar
ORD002718,2025-02-18,CUST00531,PROD0031,1,0.05,236.53,224.7,168.59,56.11,UPI,Delivered,4.0,Furniture Product 31,Home & Kitchen,Furniture,253.64,Customer 531,East,Kolkata,2025-04-09,2025,2,Feb
ORD002719,2025-11-22,CUST01341,PROD0033,1,0.0,40.54,40.54,24.18,16.36,UPI,Cancelled,,Business Product 33,Books,Business,42.27,Customer 1341,East,Ranchi,2025-01-30,2025,11,Nov
ORD002720,2025-06-26,CUST01130,PROD0088,2,0.15,87.16,148.17,106.82,41.35,UPI,Delivered,5.0,Accessories Product 88,Fashion,Accessories,81.69,Customer 1130,North,Chandigarh,2024-04-02,2025,6,Jun
ORD002721,2025-08-06,CUST00749,PROD0001,2,0.1,378.06,680.51,492.29,188.22,UPI,Delivered,4.0,Kitchen Product 1,Home & Kitchen,Kitchen,394.25,Customer 749,East,Ranchi,2024-05-13,2025,8,Aug
ORD002722,2025-07-08,CUST01488,PROD0044,2,0.2,24.22,38.75,25.29,13.46,Debit Card,Delivered,2.0,Business Product 44,Books,Business,23.36,Customer 1488,North,Lucknow,2023-11-04,2025,7,Jul
ORD002723,2025-12-12,CUST00246,PROD0015,1,0.0,121.94,121.94,73.04,48.9,Credit Card,Delivered,8.0,Kitchen Product 15,Home & Kitchen,Kitchen,117.47,Customer 246,West,Pune,2024-05-29,2025,12,Dec
ORD002724,2025-08-18,CUST01105,PROD0037,2,0.05,189.85,360.72,291.4,69.32,Credit Card,Delivered,6.0,Sportswear Product 37,Sports,Sportswear,193.95,Customer 1105,East,Kolkata,2025-01-27,2025,8,Aug
ORD002725,2025-09-12,CUST00662,PROD0027,2,0.15,402.48,684.22,484.8,199.42,Credit Card,Delivered,3.0,Decor Product 27,Home & Kitchen,Decor,431.04,Customer 662,Central,Kanpur,2025-04-27,2025,9,Sep
ORD002726,2025-08-24,CUST00909,PROD0102,2,0.1,52.23,94.01,67.61,26.4,Credit Card,Delivered,4.0,Makeup Product 102,Beauty,Makeup,52.24,Customer 909,North,Jaipur,2023-09-22,2025,8,Aug
ORD002727,2025-01-26,CUST00396,PROD0048,3,0.0,104.91,314.73,229.0,85.73,UPI,Delivered,3.0,Fragrance Product 48,Beauty,Fragrance,109.58,Customer 396,East,Patna,2024-12-31,2025,1,Jan
ORD002728,2025-03-13,CUST00522,PROD0027,1,0.1,412.46,371.21,294.69,76.52,UPI,Delivered,4.0,Decor Product 27,Home & Kitchen,Decor,431.04,Customer 522,North,Chandigarh,2024-07-28,2025,3,Mar
ORD002729,2025-09-18,CUST00926,PROD0108,2,0.15,382.65,650.5,386.7,263.8,Debit Card,Delivered,5.0,Kitchen Product 108,Home & Kitchen,Kitchen,373.49,Customer 926,South,Hyderabad,2024-07-27,2025,9,Sep
ORD002730,2025-09-11,CUST00264,PROD0012,3,0.0,320.61,961.83,764.07,197.76,UPI,Cancelled,,Audio Product 12,Electronics,Audio,304.0,Customer 264,Central,Bhopal,2024-03-27,2025,9,Sep
ORD002731,2025-09-28,CUST00790,PROD0067,2,0.15,180.44,306.75,195.56,111.19,UPI,Delivered,3.0,Furniture Product 67,Home & Kitchen,Furniture,192.97,Customer 790,South,Hyderabad,2025-03-04,2025,9,Sep
ORD002732,2025-05-03,CUST01298,PROD0030,1,0.05,347.62,330.24,197.72,132.52,UPI,Delivered,4.0,Decor Product 30,Home & Kitchen,Decor,335.65,Customer 1298,West,Mumbai,2023-05-25,2025,5,May
ORD002733,2025-05-24,CUST00172,PROD0096,1,0.2,203.73,162.98,120.24,42.74,UPI,Delivered,8.0,Footwear Product 96,Fashion,Footwear,210.2,Customer 172,South,Hyderabad,2024-01-17,2025,5,May
ORD002734,2025-09-14,CUST00265,PROD0087,3,0.1,191.42,516.83,420.94,95.89,UPI,Cancelled,,Equipment Product 87,Sports,Equipment,181.5,Customer 265,North,Lucknow,2024-01-04,2025,9,Sep
ORD002735,2025-05-24,CUST01050,PROD0066,1,0.0,39.77,39.77,23.61,16.16,Credit Card,Delivered,5.0,Self Help Product 66,Books,Self Help,36.75,Customer 1050,North,Lucknow,2024-04-03,2025,5,May
ORD002736,2025-09-16,CUST01493,PROD0007,2,0.05,16.57,31.48,21.48,10.0,UPI,Delivered,3.0,Haircare Product 7,Beauty,Haircare,15.32,Customer 1493,West,Surat,2023-02-13,2025,9,Sep
ORD002737,2025-02-16,CUST00476,PROD0034,1,0.25,104.86,78.64,55.61,23.03,UPI,Delivered,2.0,Accessories Product 34,Fashion,Accessories,105.5,Customer 476,East,Bhubaneswar,2024-10-11,2025,2,Feb
ORD002738,2025-12-17,CUST00356,PROD0032,1,0.15,14.6,12.41,7.95,4.46,Net Banking,Cancelled,,Skincare Product 32,Beauty,Skincare,14.13,Customer 356,Central,Kanpur,2024-03-27,2025,12,Dec
ORD002739,2025-01-13,CUST01050,PROD0117,1,0.05,294.24,279.53,228.07,51.46,UPI,Delivered,4.0,Furniture Product 117,Home & Kitchen,Furniture,272.76,Customer 1050,North,Lucknow,2024-04-03,2025,1,Jan
ORD002740,2025-07-27,CUST00034,PROD0039,1,0.1,157.64,141.88,104.12,37.76,Credit Card,Delivered,4.0,Smartphones Product 39,Electronics,Smartphones,169.11,Customer 34,East,Ranchi,2023-01-17,2025,7,Jul
ORD002741,2025-11-07,CUST00264,PROD0096,2,0.1,218.84,393.91,308.29,85.62,UPI,Delivered,4.0,Footwear Product 96,Fashion,Footwear,210.2,Customer 264,Central,Bhopal,2024-03-27,2025,11,Nov
ORD002742,2025-08-23,CUST01162,PROD0043,4,0.0,55.19,220.76,150.07,70.69,COD,Delivered,6.0,Skincare Product 43,Beauty,Skincare,50.76,Customer 1162,North,Delhi,2023-07-03,2025,8,Aug
ORD002743,2025-05-29,CUST00816,PROD0043,4,0.0,50.48,201.92,134.27,67.65,Debit Card,Delivered,5.0,Skincare Product 43,Beauty,Skincare,50.76,Customer 816,South,Kochi,2025-06-17,2025,5,May
ORD002744,2025-11-18,CUST00875,PROD0078,4,0.1,109.89,395.6,281.97,113.63,UPI,Delivered,5.0,Fitness Product 78,Sports,Fitness,108.69,Customer 875,Central,Indore,2023-09-13,2025,11,Nov
ORD002745,2025-06-04,CUST00754,PROD0003,2,0.05,597.78,1135.78,777.4,358.38,UPI,Delivered,3.0,Accessories Product 3,Electronics,Accessories,564.08,Customer 754,Central,Nagpur,2023-08-27,2025,6,Jun
ORD002746,2025-06-15,CUST00566,PROD0046,2,0.0,111.68,223.36,167.87,55.49,UPI,Delivered,5.0,Accessories Product 46,Electronics,Accessories,119.63,Customer 566,East,Bhubaneswar,2025-05-06,2025,6,Jun
ORD002747,2025-03-31,CUST00462,PROD0032,2,0.15,14.09,23.95,15.42,8.53,Debit Card,Returned,3.0,Skincare Product 32,Beauty,Skincare,14.13,Customer 462,South,Hyderabad,2024-09-01,2025,3,Mar
ORD002748,2025-07-05,CUST01192,PROD0043,3,0.1,49.7,134.19,92.31,41.88,Credit Card,Delivered,1.0,Skincare Product 43,Beauty,Skincare,50.76,Customer 1192,South,Kochi,2023-06-04,2025,7,Jul
ORD002749,2025-11-14,CUST00655,PROD0100,3,0.05,97.15,276.88,220.07,56.81,UPI,Delivered,1.0,Men Product 100,Fashion,Men,105.21,Customer 655,Central,Nagpur,2024-01-24,2025,11,Nov
ORD002750,2025-12-24,CUST00081,PROD0081,1,0.0,321.99,321.99,245.18,76.81,COD,Delivered,5.0,Accessories Product 81,Electronics,Accessories,335.69,Customer 81,East,Patna,2024-07-05,2025,12,Dec
ORD002751,2025-06-23,CUST00757,PROD0112,4,0.1,220.9,795.24,493.32,301.92,Credit Card,Delivered,3.0,Kitchen Product 112,Home & Kitchen,Kitchen,221.08,Customer 757,South,Bengaluru,2024-03-08,2025,6,Jun
ORD002752,2025-08-05,CUST00870,PROD0003,1,0.1,541.23,487.11,386.2,100.91,Credit Card,Delivered,3.0,Accessories Product 3,Electronics,Accessories,564.08,Customer 870,North,Delhi,2025-05-08,2025,8,Aug
ORD002753,2025-09-21,CUST01431,PROD0074,1,0.1,223.97,201.57,145.41,56.16,Net Banking,Cancelled,,Women Product 74,Fashion,Women,215.26,Customer 1431,South,Bengaluru,2025-06-15,2025,9,Sep
ORD002754,2025-04-07,CUST01070,PROD0117,1,0.0,275.41,275.41,204.64,70.77,Net Banking,Delivered,5.0,Furniture Product 117,Home & Kitchen,Furniture,272.76,Customer 1070,West,Mumbai,2024-05-29,2025,4,Apr
ORD002755,2025-04-27,CUST00599,PROD0063,1,0.1,253.89,228.5,148.67,79.83,Debit Card,Delivered,4.0,Kitchen Product 63,Home & Kitchen,Kitchen,273.62,Customer 599,West,Pune,2024-11-28,2025,4,Apr
ORD002756,2025-07-18,CUST00807,PROD0111,1,0.2,62.98,50.38,34.56,15.82,Net Banking,Delivered,4.0,Fiction Product 111,Books,Fiction,64.59,Customer 807,South,Chennai,2024-09-21,2025,7,Jul
ORD002757,2025-11-16,CUST01077,PROD0040,4,0.05,250.08,950.3,735.19,215.11,COD,Cancelled,,Appliances Product 40,Home & Kitchen,Appliances,270.68,Customer 1077,West,Ahmedabad,2024-06-20,2025,11,Nov
ORD002758,2025-01-21,CUST00984,PROD0018,1,0.0,218.51,218.51,144.08,74.43,COD,Returned,5.0,Furniture Product 18,Home & Kitchen,Furniture,220.36,Customer 984,East,Bhubaneswar,2025-03-01,2025,1,Jan
ORD002759,2025-07-19,CUST00704,PROD0067,2,0.15,187.53,318.8,197.53,121.27,UPI,Returned,2.0,Furniture Product 67,Home & Kitchen,Furniture,192.97,Customer 704,Central,Nagpur,2024-09-11,2025,7,Jul
ORD002760,2025-12-07,CUST00476,PROD0103,4,0.0,41.45,165.8,111.22,54.58,Credit Card,Delivered,6.0,Women Product 103,Fashion,Women,39.19,Customer 476,East,Bhubaneswar,2024-10-11,2025,12,Dec
ORD002761,2025-09-05,CUST00592,PROD0062,2,0.05,164.46,312.47,186.42,126.05,UPI,Delivered,3.0,Accessories Product 62,Fashion,Accessories,167.56,Customer 592,South,Hyderabad,2023-04-02,2025,9,Sep
ORD002762,2025-10-03,CUST00016,PROD0010,1,0.0,884.24,884.24,665.2,219.04,Net Banking,Delivered,4.0,Smartphones Product 10,Electronics,Smartphones,888.66,Customer 16,East,Bhubaneswar,2024-05-13,2025,10,Oct
ORD002763,2025-09-21,CUST01384,PROD0052,1,0.05,61.8,58.71,36.13,22.58,UPI,Delivered,6.0,Self Help Product 52,Books,Self Help,58.02,Customer 1384,South,Bengaluru,2025-01-07,2025,9,Sep
ORD002764,2025-02-27,CUST00487,PROD0073,3,0.05,9.53,27.16,17.61,9.55,UPI,Delivered,4.0,Business Product 73,Books,Business,9.38,Customer 487,North,Delhi,2025-04-21,2025,2,Feb
ORD002765,2025-10-29,CUST00706,PROD0046,2,0.0,123.37,246.74,195.28,51.46,UPI,Delivered,5.0,Accessories Product 46,Electronics,Accessories,119.63,Customer 706,South,Kochi,2024-08-28,2025,10,Oct
ORD002766,2025-01-31,CUST01165,PROD0055,2,0.2,313.08,500.93,355.52,145.41,Credit Card,Delivered,6.0,Fitness Product 55,Sports,Fitness,287.69,Customer 1165,Central,Bhopal,2023-01-13,2025,1,Jan
ORD002767,2025-09-06,CUST00620,PROD0046,2,0.1,115.01,207.02,136.04,70.98,Debit Card,Delivered,7.0,Accessories Product 46,Electronics,Accessories,119.63,Customer 620,North,Chandigarh,2023-12-07,2025,9,Sep
ORD002768,2025-04-03,CUST01019,PROD0075,1,0.1,248.0,223.2,158.79,64.41,UPI,Delivered,3.0,Decor Product 75,Home & Kitchen,Decor,221.86,Customer 1019,East,Bhubaneswar,2023-04-14,2025,4,Apr
ORD002769,2025-09-22,CUST00777,PROD0060,1,0.05,134.46,127.74,80.78,46.96,Debit Card,Cancelled,,Outdoor Product 60,Sports,Outdoor,122.23,Customer 777,South,Kochi,2023-07-12,2025,9,Sep
ORD002770,2025-09-28,CUST00447,PROD0097,1,0.1,57.98,52.18,30.58,21.6,Credit Card,Delivered,3.0,Self Help Product 97,Books,Self Help,59.33,Customer 447,West,Surat,2024-02-17,2025,9,Sep
ORD002771,2025-04-04,CUST00290,PROD0100,4,0.05,115.58,439.2,318.37,120.83,UPI,Delivered,3.0,Men Product 100,Fashion,Men,105.21,Customer 290,East,Bhubaneswar,2024-01-25,2025,4,Apr
ORD002772,2025-06-03,CUST00209,PROD0026,1,0.15,241.84,205.56,154.46,51.1,COD,Delivered,5.0,Men Product 26,Fashion,Men,225.85,Customer 209,Central,Kanpur,2023-04-12,2025,6,Jun
ORD002773,2025-10-12,CUST01499,PROD0027,1,0.15,476.8,405.28,320.64,84.64,Credit Card,Delivered,7.0,Decor Product 27,Home & Kitchen,Decor,431.04,Customer 1499,North,Jaipur,2025-03-10,2025,10,Oct
ORD002774,2025-03-21,CUST00413,PROD0038,1,0.1,765.48,688.93,527.21,161.72,UPI,Returned,1.0,Laptops Product 38,Electronics,Laptops,723.36,Customer 413,Central,Indore,2024-03-14,2025,3,Mar
ORD002775,2025-10-19,CUST00677,PROD0022,1,0.1,207.33,186.6,149.73,36.87,COD,Delivered,7.0,Kitchen Product 22,Home & Kitchen,Kitchen,196.54,Customer 677,North,Jaipur,2023-03-28,2025,10,Oct
ORD002776,2025-03-25,CUST01451,PROD0026,2,0.15,207.94,353.5,288.68,64.82,Credit Card,Delivered,8.0,Men Product 26,Fashion,Men,225.85,Customer 1451,North,Lucknow,2024-12-01,2025,3,Mar
ORD002777,2025-12-31,CUST01395,PROD0086,1,0.1,366.74,330.07,250.45,79.62,Debit Card,Delivered,6.0,Audio Product 86,Electronics,Audio,361.35,Customer 1395,West,Ahmedabad,2023-07-25,2025,12,Dec
ORD002778,2025-02-06,CUST00664,PROD0069,3,0.0,138.84,416.52,328.34,88.18,Debit Card,Delivered,2.0,Women Product 69,Fashion,Women,144.62,Customer 664,South,Kochi,2025-05-30,2025,2,Feb
ORD002779,2025-12-08,CUST00290,PROD0035,1,0.0,31.07,31.07,23.04,8.03,Credit Card,Delivered,5.0,Footwear Product 35,Fashion,Footwear,31.55,Customer 290,East,Bhubaneswar,2024-01-25,2025,12,Dec
ORD002780,2025-11-23,CUST01456,PROD0066,3,0.2,41.0,98.4,61.11,37.29,Credit Card,Delivered,4.0,Self Help Product 66,Books,Self Help,36.75,Customer 1456,South,Hyderabad,2024-12-22,2025,11,Nov
ORD002781,2025-08-20,CUST01292,PROD0099,2,0.0,180.74,361.48,225.42,136.06,UPI,Cancelled,,Fitness Product 99,Sports,Fitness,192.87,Customer 1292,East,Bhubaneswar,2023-08-26,2025,8,Aug
ORD002782,2025-04-03,CUST00151,PROD0073,1,0.15,9.98,8.48,5.14,3.34,Credit Card,Delivered,8.0,Business Product 73,Books,Business,9.38,Customer 151,North,Jaipur,2024-11-21,2025,4,Apr
ORD002783,2025-12-02,CUST01279,PROD0115,2,0.0,345.3,690.6,556.84,133.76,UPI,Delivered,2.0,Smartphones Product 115,Electronics,Smartphones,361.73,Customer 1279,West,Surat,2024-10-03,2025,12,Dec
ORD002784,2025-04-12,CUST01377,PROD0051,3,0.05,169.09,481.91,357.32,124.59,Credit Card,Delivered,3.0,Furniture Product 51,Home & Kitchen,Furniture,183.5,Customer 1377,East,Bhubaneswar,2023-02-22,2025,4,Apr
ORD002785,2025-06-15,CUST01401,PROD0113,4,0.1,490.38,1765.37,1358.59,406.78,Debit Card,Delivered,1.0,Smartphones Product 113,Electronics,Smartphones,480.63,Customer 1401,West,Surat,2024-11-29,2025,6,Jun
ORD002786,2025-06-08,CUST00855,PROD0018,1,0.0,209.84,209.84,138.38,71.46,Credit Card,Delivered,3.0,Furniture Product 18,Home & Kitchen,Furniture,220.36,Customer 855,Central,Nagpur,2024-11-24,2025,6,Jun
ORD002787,2025-01-14,CUST01382,PROD0043,2,0.15,56.5,96.05,66.32,29.73,Debit Card,Delivered,4.0,Skincare Product 43,Beauty,Skincare,50.76,Customer 1382,North,Delhi,2023-08-25,2025,1,Jan
ORD002788,2025-08-13,CUST00608,PROD0012,4,0.1,292.06,1051.42,619.86,431.56,UPI,Delivered,6.0,Audio Product 12,Electronics,Audio,304.0,Customer 608,South,Hyderabad,2025-04-01,2025,8,Aug
ORD002789,2025-03-14,CUST00370,PROD0003,1,0.1,540.62,486.56,386.02,100.54,UPI,Delivered,8.0,Accessories Product 3,Electronics,Accessories,564.08,Customer 370,South,Bengaluru,2025-01-29,2025,3,Mar
ORD002790,2025-09-06,CUST01251,PROD0082,1,0.1,585.68,527.11,413.63,113.48,UPI,Delivered,3.0,Laptops Product 82,Electronics,Laptops,632.19,Customer 1251,North,Jaipur,2023-04-20,2025,9,Sep
ORD002791,2025-04-01,CUST00705,PROD0120,3,0.0,13.11,39.33,30.22,9.11,COD,Delivered,3.0,Self Help Product 120,Books,Self Help,13.3,Customer 705,Central,Bhopal,2023-01-18,2025,4,Apr
ORD002792,2025-08-04,CUST01327,PROD0102,2,0.05,48.31,91.79,54.52,37.27,Net Banking,Delivered,2.0,Makeup Product 102,Beauty,Makeup,52.24,Customer 1327,East,Bhubaneswar,2024-10-21,2025,8,Aug
ORD002793,2025-03-31,CUST00826,PROD0007,2,0.0,15.62,31.24,19.43,11.81,COD,Delivered,3.0,Haircare Product 7,Beauty,Haircare,15.32,Customer 826,West,Mumbai,2023-07-13,2025,3,Mar
ORD002794,2025-01-29,CUST01005,PROD0097,2,0.05,60.58,115.1,75.99,39.11,UPI,Delivered,7.0,Self Help Product 97,Books,Self Help,59.33,Customer 1005,East,Patna,2025-04-07,2025,1,Jan
ORD002795,2025-11-01,CUST01413,PROD0006,1,0.2,73.13,58.5,37.62,20.88,Credit Card,Delivered,2.0,Decor Product 6,Home & Kitchen,Decor,78.58,Customer 1413,North,Lucknow,2023-10-14,2025,11,Nov
ORD002796,2025-08-08,CUST00377,PROD0082,1,0.1,611.97,550.77,430.28,120.49,Credit Card,Delivered,3.0,Laptops Product 82,Electronics,Laptops,632.19,Customer 377,West,Mumbai,2023-12-27,2025,8,Aug
ORD002797,2025-11-24,CUST00973,PROD0045,1,0.15,200.01,170.01,106.56,63.45,Credit Card,Delivered,6.0,Kitchen Product 45,Home & Kitchen,Kitchen,184.1,Customer 973,South,Kochi,2024-01-13,2025,11,Nov
ORD002798,2025-08-03,CUST00118,PROD0086,2,0.1,365.87,658.57,466.08,192.49,Debit Card,Delivered,4.0,Audio Product 86,Electronics,Audio,361.35,Customer 118,North,Delhi,2023-01-04,2025,8,Aug
ORD002799,2025-08-09,CUST01029,PROD0115,1,0.0,364.23,364.23,261.2,103.03,Credit Card,Delivered,3.0,Smartphones Product 115,Electronics,Smartphones,361.73,Customer 1029,North,Jaipur,2024-11-18,2025,8,Aug
ORD002800,2025-02-11,CUST00444,PROD0039,1,0.1,179.22,161.3,110.01,51.29,Debit Card,Delivered,5.0,Smartphones Product 39,Electronics,Smartphones,169.11,Customer 444,North,Delhi,2023-02-28,2025,2,Feb
ORD002801,2025-05-15,CUST01376,PROD0051,4,0.15,195.06,663.2,422.97,240.23,Net Banking,Delivered,2.0,Furniture Product 51,Home & Kitchen,Furniture,183.5,Customer 1376,South,Hyderabad,2023-08-08,2025,5,May
ORD002802,2025-02-11,CUST00755,PROD0009,3,0.0,323.48,970.44,786.51,183.93,UPI,Delivered,5.0,Furniture Product 9,Home & Kitchen,Furniture,301.64,Customer 755,North,Delhi,2023-07-24,2025,2,Feb
ORD002803,2025-06-13,CUST00640,PROD0099,1,0.15,209.48,178.06,120.94,57.12,COD,Delivered,4.0,Fitness Product 99,Sports,Fitness,192.87,Customer 640,North,Chandigarh,2024-06-18,2025,6,Jun
ORD002804,2025-12-27,CUST00124,PROD0023,4,0.1,75.16,270.58,204.17,66.41,Credit Card,Delivered,5.0,Equipment Product 23,Sports,Equipment,77.77,Customer 124,East,Ranchi,2023-09-05,2025,12,Dec
ORD002805,2025-10-10,CUST00658,PROD0012,2,0.0,283.72,567.44,354.18,213.26,Debit Card,Delivered,4.0,Audio Product 12,Electronics,Audio,304.0,Customer 658,West,Surat,2023-06-26,2025,10,Oct
ORD002806,2025-02-27,CUST01301,PROD0116,4,0.1,51.28,184.61,143.53,41.08,Debit Card,Delivered,2.0,Men Product 116,Fashion,Men,51.48,Customer 1301,East,Bhubaneswar,2025-01-04,2025,2,Feb
ORD002807,2025-10-29,CUST00822,PROD0088,1,0.05,89.13,84.67,53.5,31.17,Credit Card,Delivered,4.0,Accessories Product 88,Fashion,Accessories,81.69,Customer 822,West,Pune,2024-10-19,2025,10,Oct
ORD002808,2025-11-18,CUST01418,PROD0062,2,0.05,156.77,297.86,221.03,76.83,UPI,Delivered,2.0,Accessories Product 62,Fashion,Accessories,167.56,Customer 1418,South,Kochi,2024-05-01,2025,11,Nov
ORD002809,2025-01-25,CUST00664,PROD0114,1,0.15,569.37,483.96,339.53,144.43,Debit Card,Delivered,2.0,Audio Product 114,Electronics,Audio,550.01,Customer 664,South,Kochi,2025-05-30,2025,1,Jan
ORD002810,2025-03-14,CUST00360,PROD0104,1,0.2,73.02,58.42,35.94,22.48,UPI,Delivered,4.0,Footwear Product 104,Fashion,Footwear,68.87,Customer 360,Central,Nagpur,2024-11-24,2025,3,Mar
ORD002811,2025-05-09,CUST00623,PROD0073,2,0.15,9.53,16.2,9.49,6.71,COD,Delivered,3.0,Business Product 73,Books,Business,9.38,Customer 623,North,Chandigarh,2025-05-09,2025,5,May
ORD002812,2025-03-28,CUST01493,PROD0077,1,0.15,134.05,113.94,91.54,22.4,UPI,Delivered,5.0,Accessories Product 77,Fashion,Accessories,138.05,Customer 1493,West,Surat,2023-02-13,2025,3,Mar
ORD002813,2025-11-26,CUST01081,PROD0040,4,0.2,266.69,853.41,520.72,332.69,UPI,Delivered,4.0,Appliances Product 40,Home & Kitchen,Appliances,270.68,Customer 1081,West,Pune,2024-01-18,2025,11,Nov
ORD002814,2025-06-02,CUST01275,PROD0054,1,0.2,89.59,71.67,53.69,17.98,COD,Delivered,3.0,Makeup Product 54,Beauty,Makeup,95.89,Customer 1275,South,Bengaluru,2025-06-13,2025,6,Jun
ORD002815,2025-07-01,CUST00919,PROD0106,1,0.0,149.48,149.48,110.11,39.37,UPI,Delivered,3.0,Women Product 106,Fashion,Women,152.76,Customer 919,West,Mumbai,2024-07-29,2025,7,Jul
ORD002816,2025-05-05,CUST01174,PROD0081,2,0.1,311.81,561.26,371.56,189.7,UPI,Delivered,6.0,Accessories Product 81,Electronics,Accessories,335.69,Customer 1174,East,Bhubaneswar,2025-05-25,2025,5,May
ORD002817,2025-03-08,CUST00452,PROD0007,2,0.0,16.32,32.64,20.38,12.26,Net Banking,Delivered,1.0,Haircare Product 7,Beauty,Haircare,15.32,Customer 452,Central,Bhopal,2023-09-23,2025,3,Mar
ORD002818,2025-01-06,CUST01186,PROD0017,2,0.1,16.66,29.99,18.68,11.31,UPI,Delivered,4.0,Equipment Product 17,Sports,Equipment,15.15,Customer 1186,North,Delhi,2023-05-24,2025,1,Jan
ORD002819,2025-05-05,CUST00120,PROD0119,4,0.2,540.68,1730.18,1246.56,483.62,UPI,Cancelled,,Smartphones Product 119,Electronics,Smartphones,516.56,Customer 120,Central,Kanpur,2023-10-17,2025,5,May
ORD002820,2025-11-10,CUST00582,PROD0050,1,0.0,99.88,99.88,71.04,28.84,UPI,Delivered,3.0,Smartphones Product 50,Electronics,Smartphones,95.0,Customer 582,South,Hyderabad,2023-05-03,2025,11,Nov
ORD002821,2025-11-22,CUST01375,PROD0024,3,0.1,286.04,772.31,610.3,162.01,Net Banking,Delivered,4.0,Equipment Product 24,Sports,Equipment,281.97,Customer 1375,East,Bhubaneswar,2023-04-30,2025,11,Nov
ORD002822,2025-02-22,CUST00099,PROD0002,2,0.1,28.42,51.16,37.53,13.63,UPI,Delivered,5.0,Decor Product 2,Home & Kitchen,Decor,29.88,Customer 99,South,Kochi,2024-09-06,2025,2,Feb
ORD002823,2025-03-07,CUST01191,PROD0099,1,0.0,177.74,177.74,138.04,39.7,Debit Card,Delivered,4.0,Fitness Product 99,Sports,Fitness,192.87,Customer 1191,North,Delhi,2023-08-27,2025,3,Mar
ORD002824,2025-11-10,CUST00514,PROD0092,1,0.0,56.95,56.95,33.47,23.48,Credit Card,Delivered,4.0,Haircare Product 92,Beauty,Haircare,57.6,Customer 514,South,Chennai,2023-02-08,2025,11,Nov
ORD002825,2025-03-23,CUST00664,PROD0083,1,0.1,44.17,39.75,29.46,10.29,UPI,Delivered,3.0,Business Product 83,Books,Business,41.27,Customer 664,South,Kochi,2025-05-30,2025,3,Mar
ORD002826,2025-03-28,CUST00401,PROD0033,2,0.0,47.01,94.02,59.81,34.21,UPI,Delivered,3.0,Business Product 33,Books,Business,42.27,Customer 401,East,Bhubaneswar,2025-02-16,2025,3,Mar
ORD002827,2025-01-02,CUST00365,PROD0021,2,0.1,13.09,23.56,15.09,8.47,COD,Delivered,3.0,Technology Product 21,Books,Technology,13.01,Customer 365,South,Hyderabad,2023-08-03,2025,1,Jan
ORD002828,2025-07-23,CUST01350,PROD0117,2,0.1,270.87,487.57,367.11,120.46,Credit Card,Delivered,2.0,Furniture Product 117,Home & Kitchen,Furniture,272.76,Customer 1350,West,Mumbai,2023-12-11,2025,7,Jul
ORD002829,2025-05-30,CUST00581,PROD0074,1,0.1,217.24,195.52,150.63,44.89,UPI,Cancelled,,Women Product 74,Fashion,Women,215.26,Customer 581,West,Mumbai,2023-12-29,2025,5,May
ORD002830,2025-10-20,CUST00621,PROD0053,4,0.0,22.92,91.68,61.35,30.33,UPI,Delivered,3.0,Self Help Product 53,Books,Self Help,22.79,Customer 621,East,Ranchi,2024-10-06,2025,10,Oct
ORD002831,2025-04-13,CUST00828,PROD0046,1,0.1,125.03,112.53,86.61,25.92,Credit Card,Delivered,4.0,Accessories Product 46,Electronics,Accessories,119.63,Customer 828,Central,Nagpur,2024-10-09,2025,4,Apr
ORD002832,2025-01-24,CUST00247,PROD0045,4,0.0,196.4,785.6,539.31,246.29,Credit Card,Cancelled,,Kitchen Product 45,Home & Kitchen,Kitchen,184.1,Customer 247,West,Ahmedabad,2023-12-03,2025,1,Jan
ORD002833,2025-07-31,CUST00434,PROD0009,1,0.2,324.86,259.89,204.23,55.66,UPI,Delivered,6.0,Furniture Product 9,Home & Kitchen,Furniture,301.64,Customer 434,Central,Bhopal,2023-10-10,2025,7,Jul
ORD002834,2025-03-06,CUST01117,PROD0102,2,0.05,54.85,104.22,61.07,43.15,UPI,Delivered,3.0,Makeup Product 102,Beauty,Makeup,52.24,Customer 1117,South,Kochi,2024-11-24,2025,3,Mar
ORD002835,2025-07-28,CUST01292,PROD0006,4,0.2,79.17,253.34,152.01,101.33,Net Banking,Delivered,4.0,Decor Product 6,Home & Kitchen,Decor,78.58,Customer 1292,East,Bhubaneswar,2023-08-26,2025,7,Jul
ORD002836,2025-09-08,CUST00615,PROD0051,2,0.15,203.69,346.27,265.36,80.91,Credit Card,Delivered,4.0,Furniture Product 51,Home & Kitchen,Furniture,183.5,Customer 615,West,Surat,2025-01-23,2025,9,Sep
ORD002837,2025-04-27,CUST00943,PROD0117,1,0.15,289.73,246.27,179.72,66.55,UPI,Returned,4.0,Furniture Product 117,Home & Kitchen,Furniture,272.76,Customer 943,North,Lucknow,2024-12-16,2025,4,Apr
ORD002838,2025-04-26,CUST00963,PROD0106,2,0.05,153.57,291.78,208.38,83.4,UPI,Delivered,3.0,Women Product 106,Fashion,Women,152.76,Customer 963,West,Pune,2025-03-16,2025,4,Apr
ORD002839,2025-08-25,CUST00624,PROD0119,4,0.0,521.37,2085.48,1516.88,568.6,Credit Card,Delivered,2.0,Smartphones Product 119,Electronics,Smartphones,516.56,Customer 624,West,Ahmedabad,2023-01-21,2025,8,Aug
ORD002840,2025-04-15,CUST00321,PROD0035,1,0.05,34.19,32.48,26.09,6.39,UPI,Delivered,4.0,Footwear Product 35,Fashion,Footwear,31.55,Customer 321,South,Kochi,2023-07-29,2025,4,Apr
ORD002841,2025-09-16,CUST00856,PROD0082,3,0.0,637.32,1911.96,1409.74,502.22,UPI,Delivered,5.0,Laptops Product 82,Electronics,Laptops,632.19,Customer 856,West,Surat,2023-07-25,2025,9,Sep
ORD002842,2025-02-15,CUST00062,PROD0053,2,0.2,23.32,37.31,27.44,9.87,Debit Card,Delivered,4.0,Self Help Product 53,Books,Self Help,22.79,Customer 62,South,Kochi,2025-01-18,2025,2,Feb
ORD002843,2025-11-07,CUST00300,PROD0019,2,0.05,209.2,397.48,302.99,94.49,Credit Card,Delivered,3.0,Decor Product 19,Home & Kitchen,Decor,213.84,Customer 300,North,Lucknow,2024-04-02,2025,11,Nov
ORD002844,2025-11-27,CUST00403,PROD0069,2,0.25,157.32,235.98,185.95,50.03,Credit Card,Delivered,2.0,Women Product 69,Fashion,Women,144.62,Customer 403,East,Bhubaneswar,2023-12-11,2025,11,Nov
ORD002845,2025-08-04,CUST00955,PROD0025,1,0.15,286.75,243.74,156.69,87.05,Credit Card,Delivered,5.0,Kitchen Product 25,Home & Kitchen,Kitchen,279.9,Customer 955,North,Lucknow,2025-05-07,2025,8,Aug
ORD002846,2025-10-28,CUST01327,PROD0011,1,0.0,170.59,170.59,124.19,46.4,Net Banking,Delivered,6.0,Skincare Product 11,Beauty,Skincare,165.54,Customer 1327,East,Bhubaneswar,2024-10-21,2025,10,Oct
ORD002847,2025-11-29,CUST00253,PROD0074,3,0.1,235.95,637.06,458.78,178.28,UPI,Delivered,2.0,Women Product 74,Fashion,Women,215.26,Customer 253,Central,Bhopal,2023-04-19,2025,11,Nov
ORD002848,2025-01-24,CUST00478,PROD0017,2,0.05,16.73,31.79,19.47,12.32,UPI,Delivered,5.0,Equipment Product 17,Sports,Equipment,15.15,Customer 478,North,Delhi,2023-03-14,2025,1,Jan
ORD002849,2025-02-04,CUST01393,PROD0036,1,0.0,407.43,407.43,287.19,120.24,UPI,Delivered,2.0,Furniture Product 36,Home & Kitchen,Furniture,375.57,Customer 1393,West,Pune,2023-07-04,2025,2,Feb
ORD002850,2025-01-24,CUST00160,PROD0090,1,0.05,153.48,145.81,87.0,58.81,COD,Delivered,6.0,Outdoor Product 90,Sports,Outdoor,164.49,Customer 160,South,Hyderabad,2025-06-27,2025,1,Jan
ORD002851,2025-01-28,CUST00961,PROD0095,1,0.2,37.66,30.13,18.81,11.32,Credit Card,Delivered,4.0,Business Product 95,Books,Business,37.34,Customer 961,Central,Kanpur,2024-01-19,2025,1,Jan
ORD002852,2025-01-16,CUST01190,PROD0096,2,0.1,207.82,374.08,298.93,75.15,UPI,Delivered,2.0,Footwear Product 96,Fashion,Footwear,210.2,Customer 1190,North,Jaipur,2023-02-14,2025,1,Jan
ORD002853,2025-02-28,CUST00205,PROD0021,2,0.1,12.52,22.54,13.72,8.82,UPI,Delivered,1.0,Technology Product 21,Books,Technology,13.01,Customer 205,East,Patna,2023-04-21,2025,2,Feb
ORD002854,2025-08-31,CUST01291,PROD0018,3,0.05,242.79,691.95,497.47,194.48,Debit Card,Delivered,4.0,Furniture Product 18,Home & Kitchen,Furniture,220.36,Customer 1291,East,Kolkata,2023-05-08,2025,8,Aug
ORD002855,2025-07-26,CUST01162,PROD0060,2,0.1,134.21,241.58,158.87,82.71,UPI,Delivered,4.0,Outdoor Product 60,Sports,Outdoor,122.23,Customer 1162,North,Delhi,2023-07-03,2025,7,Jul
ORD002856,2025-09-28,CUST01392,PROD0018,2,0.05,223.24,424.16,302.54,121.62,Debit Card,Delivered,4.0,Furniture Product 18,Home & Kitchen,Furniture,220.36,Customer 1392,North,Jaipur,2025-04-09,2025,9,Sep
ORD002857,2025-09-06,CUST01467,PROD0001,2,0.05,373.32,709.31,451.4,257.91,COD,Delivered,3.0,Kitchen Product 1,Home & Kitchen,Kitchen,394.25,Customer 1467,North,Lucknow,2025-02-19,2025,9,Sep
ORD002858,2025-09-24,CUST00858,PROD0014,2,0.0,118.41,236.82,162.61,74.21,UPI,Delivered,4.0,Accessories Product 14,Electronics,Accessories,128.33,Customer 858,East,Kolkata,2023-02-09,2025,9,Sep
ORD002859,2025-07-12,CUST00760,PROD0008,3,0.05,466.06,1328.27,1046.89,281.38,UPI,Delivered,6.0,Decor Product 8,Home & Kitchen,Decor,462.5,Customer 760,West,Ahmedabad,2023-11-13,2025,7,Jul
ORD002860,2025-12-01,CUST00721,PROD0066,2,0.1,34.1,61.38,41.14,20.24,UPI,Delivered,7.0,Self Help Product 66,Books,Self Help,36.75,Customer 721,North,Delhi,2023-08-22,2025,12,Dec
ORD002861,2025-08-06,CUST01041,PROD0051,1,0.0,191.19,191.19,127.09,64.1,UPI,Delivered,3.0,Furniture Product 51,Home & Kitchen,Furniture,183.5,Customer 1041,East,Bhubaneswar,2025-05-08,2025,8,Aug
ORD002862,2025-04-25,CUST00068,PROD0079,1,0.25,250.9,188.18,129.29,58.89,Credit Card,Delivered,3.0,Appliances Product 79,Home & Kitchen,Appliances,240.86,Customer 68,West,Surat,2025-04-03,2025,4,Apr
ORD002863,2025-03-09,CUST00133,PROD0060,4,0.0,134.43,537.72,324.85,212.87,UPI,Delivered,3.0,Outdoor Product 60,Sports,Outdoor,122.23,Customer 133,East,Bhubaneswar,2024-11-11,2025,3,Mar
ORD002864,2025-10-26,CUST00919,PROD0034,1,0.1,101.07,90.96,61.21,29.75,Credit Card,Cancelled,,Accessories Product 34,Fashion,Accessories,105.5,Customer 919,West,Mumbai,2024-07-29,2025,10,Oct
ORD002865,2025-11-21,CUST00430,PROD0036,1,0.0,373.42,373.42,217.2,156.22,Credit Card,Cancelled,,Furniture Product 36,Home & Kitchen,Furniture,375.57,Customer 430,East,Kolkata,2025-03-12,2025,11,Nov
ORD002866,2025-03-16,CUST00308,PROD0062,1,0.0,182.96,182.96,128.22,54.74,COD,Delivered,3.0,Accessories Product 62,Fashion,Accessories,167.56,Customer 308,South,Kochi,2024-01-11,2025,3,Mar
ORD002867,2025-04-13,CUST00650,PROD0001,2,0.2,400.11,640.18,501.58,138.6,Credit Card,Delivered,3.0,Kitchen Product 1,Home & Kitchen,Kitchen,394.25,Customer 650,North,Delhi,2023-11-07,2025,4,Apr
ORD002868,2025-10-24,CUST01198,PROD0115,3,0.15,337.11,859.63,612.48,247.15,UPI,Delivered,5.0,Smartphones Product 115,Electronics,Smartphones,361.73,Customer 1198,East,Kolkata,2023-03-14,2025,10,Oct
ORD002869,2025-06-27,CUST00412,PROD0085,3,0.1,148.32,400.46,290.68,109.78,UPI,Delivered,1.0,Makeup Product 85,Beauty,Makeup,157.43,Customer 412,East,Ranchi,2023-06-03,2025,6,Jun
ORD002870,2025-08-03,CUST00097,PROD0042,2,0.2,291.54,466.46,273.97,192.49,Debit Card,Delivered,5.0,Accessories Product 42,Electronics,Accessories,269.27,Customer 97,Central,Bhopal,2023-05-27,2025,8,Aug
ORD002871,2025-11-11,CUST01178,PROD0001,2,0.15,421.35,716.3,563.21,153.09,UPI,Cancelled,,Kitchen Product 1,Home & Kitchen,Kitchen,394.25,Customer 1178,South,Hyderabad,2023-01-08,2025,11,Nov
ORD002872,2025-02-08,CUST01266,PROD0096,3,0.1,230.21,621.57,417.94,203.63,UPI,Delivered,3.0,Footwear Product 96,Fashion,Footwear,210.2,Customer 1266,East,Bhubaneswar,2023-04-11,2025,2,Feb
ORD002873,2025-09-16,CUST01328,PROD0084,2,0.15,22.32,37.94,30.88,7.06,COD,Cancelled,,Fiction Product 84,Books,Fiction,23.65,Customer 1328,Central,Nagpur,2023-08-06,2025,9,Sep
ORD002874,2025-07-23,CUST01309,PROD0054,1,0.05,102.8,97.66,59.47,38.19,UPI,Delivered,6.0,Makeup Product 54,Beauty,Makeup,95.89,Customer 1309,North,Chandigarh,2025-02-15,2025,7,Jul
ORD002875,2025-01-07,CUST01051,PROD0047,4,0.1,19.55,70.38,56.78,13.6,UPI,Delivered,6.0,Men Product 47,Fashion,Men,18.6,Customer 1051,South,Bengaluru,2024-11-29,2025,1,Jan
ORD002876,2025-02-18,CUST01426,PROD0100,4,0.15,101.68,345.71,253.14,92.57,Net Banking,Delivered,4.0,Men Product 100,Fashion,Men,105.21,Customer 1426,East,Bhubaneswar,2023-10-03,2025,2,Feb
ORD002877,2025-01-26,CUST01384,PROD0039,4,0.0,188.52,754.08,446.84,307.24,UPI,Delivered,3.0,Smartphones Product 39,Electronics,Smartphones,169.11,Customer 1384,South,Bengaluru,2025-01-07,2025,1,Jan
ORD002878,2025-06-10,CUST01084,PROD0030,1,0.2,347.09,277.67,225.8,51.87,UPI,Delivered,4.0,Decor Product 30,Home & Kitchen,Decor,335.65,Customer 1084,Central,Nagpur,2024-03-25,2025,6,Jun
ORD002879,2025-12-23,CUST00202,PROD0007,2,0.0,16.87,33.74,19.68,14.06,UPI,Delivered,4.0,Haircare Product 7,Beauty,Haircare,15.32,Customer 202,Central,Kanpur,2025-04-15,2025,12,Dec
ORD002880,2025-06-25,CUST00762,PROD0022,4,0.2,214.59,686.69,518.7,167.99,Debit Card,Delivered,7.0,Kitchen Product 22,Home & Kitchen,Kitchen,196.54,Customer 762,North,Lucknow,2024-10-01,2025,6,Jun
ORD002881,2025-03-20,CUST00874,PROD0050,1,0.05,93.73,89.04,70.65,18.39,COD,Delivered,7.0,Smartphones Product 50,Electronics,Smartphones,95.0,Customer 874,North,Lucknow,2023-03-03,2025,3,Mar
ORD002882,2025-01-02,CUST00581,PROD0045,2,0.05,189.11,359.31,223.56,135.75,Credit Card,Delivered,5.0,Kitchen Product 45,Home & Kitchen,Kitchen,184.1,Customer 581,West,Mumbai,2023-12-29,2025,1,Jan
ORD002883,2025-05-12,CUST00370,PROD0074,4,0.0,216.61,866.44,573.93,292.51,UPI,Delivered,4.0,Women Product 74,Fashion,Women,215.26,Customer 370,South,Bengaluru,2025-01-29,2025,5,May
ORD002884,2025-10-03,CUST00533,PROD0120,1,0.2,14.12,11.3,8.08,3.22,UPI,Delivered,3.0,Self Help Product 120,Books,Self Help,13.3,Customer 533,West,Pune,2023-06-10,2025,10,Oct
ORD002885,2025-04-27,CUST01176,PROD0072,2,0.0,16.61,33.22,24.69,8.53,Credit Card,Delivered,2.0,Technology Product 72,Books,Technology,16.01,Customer 1176,Central,Nagpur,2023-05-30,2025,4,Apr
ORD002886,2025-06-13,CUST01126,PROD0091,1,0.1,41.39,37.25,29.4,7.85,Debit Card,Delivered,4.0,Technology Product 91,Books,Technology,38.43,Customer 1126,Central,Kanpur,2024-07-24,2025,6,Jun
ORD002887,2025-10-15,CUST00899,PROD0010,2,0.1,819.66,1475.39,1125.22,350.17,Debit Card,Delivered,3.0,Smartphones Product 10,Electronics,Smartphones,888.66,Customer 899,West,Pune,2024-12-21,2025,10,Oct
ORD002888,2025-01-28,CUST00607,PROD0014,2,0.05,135.72,257.87,172.05,85.82,Credit Card,Cancelled,,Accessories Product 14,Electronics,Accessories,128.33,Customer 607,West,Surat,2025-05-24,2025,1,Jan
ORD002889,2025-11-29,CUST01470,PROD0046,1,0.25,117.69,88.27,68.6,19.67,COD,Delivered,3.0,Accessories Product 46,Electronics,Accessories,119.63,Customer 1470,South,Hyderabad,2024-10-22,2025,11,Nov
ORD002890,2025-01-01,CUST00873,PROD0116,2,0.0,49.67,99.34,80.65,18.69,UPI,Delivered,4.0,Men Product 116,Fashion,Men,51.48,Customer 873,South,Bengaluru,2025-06-16,2025,1,Jan
ORD002891,2025-07-07,CUST01253,PROD0118,2,0.1,141.43,254.57,161.52,93.05,UPI,Delivered,4.0,Kitchen Product 118,Home & Kitchen,Kitchen,130.92,Customer 1253,East,Patna,2025-06-22,2025,7,Jul
ORD002892,2025-02-25,CUST01149,PROD0075,3,0.1,208.07,561.79,335.83,225.96,Net Banking,Delivered,1.0,Decor Product 75,Home & Kitchen,Decor,221.86,Customer 1149,Central,Kanpur,2023-04-22,2025,2,Feb
ORD002893,2025-02-04,CUST00770,PROD0006,4,0.0,75.88,303.52,207.12,96.4,UPI,Delivered,3.0,Decor Product 6,Home & Kitchen,Decor,78.58,Customer 770,East,Kolkata,2023-11-01,2025,2,Feb
ORD002894,2025-04-22,CUST00834,PROD0021,2,0.0,12.5,25.0,19.79,5.21,UPI,Delivered,4.0,Technology Product 21,Books,Technology,13.01,Customer 834,West,Mumbai,2025-05-21,2025,4,Apr
ORD002895,2025-10-13,CUST00999,PROD0062,4,0.15,168.22,571.95,352.36,219.59,Credit Card,Delivered,7.0,Accessories Product 62,Fashion,Accessories,167.56,Customer 999,North,Lucknow,2025-06-11,2025,10,Oct
ORD002896,2025-11-06,CUST00938,PROD0097,4,0.2,58.41,186.91,148.14,38.77,Credit Card,Delivered,1.0,Self Help Product 97,Books,Self Help,59.33,Customer 938,Central,Nagpur,2023-02-09,2025,11,Nov
ORD002897,2025-02-05,CUST00236,PROD0019,3,0.0,227.55,682.65,558.5,124.15,UPI,Delivered,4.0,Decor Product 19,Home & Kitchen,Decor,213.84,Customer 236,South,Chennai,2025-02-01,2025,2,Feb
ORD002898,2025-08-05,CUST00162,PROD0103,2,0.0,41.54,83.08,49.26,33.82,COD,Delivered,1.0,Women Product 103,Fashion,Women,39.19,Customer 162,South,Chennai,2025-04-05,2025,8,Aug
ORD002899,2025-03-21,CUST00554,PROD0088,2,0.25,80.47,120.7,84.35,36.35,UPI,Delivered,2.0,Accessories Product 88,Fashion,Accessories,81.69,Customer 554,East,Patna,2025-06-06,2025,3,Mar
ORD002900,2025-11-10,CUST00788,PROD0082,2,0.0,636.87,1273.74,839.31,434.43,Credit Card,Delivered,2.0,Laptops Product 82,Electronics,Laptops,632.19,Customer 788,West,Mumbai,2024-09-20,2025,11,Nov
ORD002901,2025-03-24,CUST01377,PROD0099,3,0.1,185.46,500.74,337.74,163.0,UPI,Delivered,3.0,Fitness Product 99,Sports,Fitness,192.87,Customer 1377,East,Bhubaneswar,2023-02-22,2025,3,Mar
ORD002902,2025-03-06,CUST01092,PROD0116,1,0.1,54.27,48.84,33.62,15.22,Net Banking,Delivered,5.0,Men Product 116,Fashion,Men,51.48,Customer 1092,North,Chandigarh,2024-10-12,2025,3,Mar
ORD002903,2025-11-21,CUST01197,PROD0062,3,0.05,167.43,477.18,361.48,115.7,UPI,Delivered,5.0,Accessories Product 62,Fashion,Accessories,167.56,Customer 1197,West,Mumbai,2024-05-25,2025,11,Nov
ORD002904,2025-05-08,CUST00559,PROD0107,3,0.1,189.92,512.78,370.18,142.6,Debit Card,Delivered,3.0,Equipment Product 107,Sports,Equipment,200.64,Customer 559,Central,Indore,2024-05-08,2025,5,May
ORD002905,2025-11-03,CUST00261,PROD0101,3,0.2,305.28,732.67,593.97,138.7,UPI,Delivered,3.0,Laptops Product 101,Electronics,Laptops,322.89,Customer 261,South,Chennai,2024-06-27,2025,11,Nov
ORD002906,2025-01-22,CUST00217,PROD0083,2,0.1,40.63,73.13,48.26,24.87,Credit Card,Delivered,2.0,Business Product 83,Books,Business,41.27,Customer 217,West,Mumbai,2024-05-03,2025,1,Jan
ORD002907,2025-08-04,CUST01148,PROD0053,1,0.15,24.37,20.71,14.7,6.01,Debit Card,Delivered,3.0,Self Help Product 53,Books,Self Help,22.79,Customer 1148,West,Surat,2024-03-09,2025,8,Aug
ORD002908,2025-04-17,CUST00805,PROD0024,3,0.1,260.85,704.3,545.97,158.33,UPI,Delivered,3.0,Equipment Product 24,Sports,Equipment,281.97,Customer 805,Central,Kanpur,2024-05-13,2025,4,Apr
ORD002909,2025-04-19,CUST01186,PROD0056,2,0.1,81.51,146.72,98.23,48.49,UPI,Delivered,2.0,Women Product 56,Fashion,Women,83.9,Customer 1186,North,Delhi,2023-05-24,2025,4,Apr
ORD002910,2025-12-23,CUST00201,PROD0062,1,0.0,159.6,159.6,110.39,49.21,Debit Card,Delivered,2.0,Accessories Product 62,Fashion,Accessories,167.56,Customer 201,Central,Bhopal,2025-02-23,2025,12,Dec
ORD002911,2025-06-30,CUST01478,PROD0034,1,0.15,117.24,99.65,74.18,25.47,UPI,Delivered,5.0,Accessories Product 34,Fashion,Accessories,105.5,Customer 1478,South,Bengaluru,2023-06-29,2025,6,Jun
ORD002912,2025-12-22,CUST00402,PROD0022,3,0.05,208.54,594.34,467.5,126.84,COD,Delivered,2.0,Kitchen Product 22,Home & Kitchen,Kitchen,196.54,Customer 402,North,Jaipur,2023-04-08,2025,12,Dec
ORD002913,2025-06-13,CUST01486,PROD0068,3,0.0,94.79,284.37,193.3,91.07,UPI,Delivered,4.0,Kitchen Product 68,Home & Kitchen,Kitchen,98.06,Customer 1486,East,Bhubaneswar,2024-02-21,2025,6,Jun
ORD002914,2025-03-09,CUST00275,PROD0057,1,0.2,29.73,23.78,16.83,6.95,Debit Card,Delivered,2.0,Fitness Product 57,Sports,Fitness,30.92,Customer 275,South,Kochi,2024-11-04,2025,3,Mar
ORD002915,2025-10-19,CUST00206,PROD0010,3,0.15,970.07,2473.68,2013.65,460.03,Net Banking,Delivered,5.0,Smartphones Product 10,Electronics,Smartphones,888.66,Customer 206,West,Ahmedabad,2023-06-02,2025,10,Oct
ORD002916,2025-06-29,CUST01064,PROD0066,2,0.25,35.21,52.82,31.17,21.65,UPI,Delivered,3.0,Self Help Product 66,Books,Self Help,36.75,Customer 1064,North,Jaipur,2024-11-25,2025,6,Jun
ORD002917,2025-06-30,CUST01297,PROD0008,1,0.05,517.73,491.84,338.18,153.66,UPI,Delivered,1.0,Decor Product 8,Home & Kitchen,Decor,462.5,Customer 1297,Central,Kanpur,2023-12-09,2025,6,Jun
ORD002918,2025-06-18,CUST00867,PROD0097,3,0.15,57.93,147.72,108.22,39.5,UPI,Delivered,3.0,Self Help Product 97,Books,Self Help,59.33,Customer 867,North,Lucknow,2024-04-23,2025,6,Jun
ORD002919,2025-01-22,CUST00093,PROD0038,1,0.1,677.69,609.92,354.99,254.93,COD,Delivered,8.0,Laptops Product 38,Electronics,Laptops,723.36,Customer 93,North,Delhi,2023-08-09,2025,1,Jan
ORD002920,2025-03-07,CUST01066,PROD0107,3,0.25,212.31,477.7,345.49,132.21,Debit Card,Delivered,5.0,Equipment Product 107,Sports,Equipment,200.64,Customer 1066,West,Mumbai,2025-02-06,2025,3,Mar
ORD002921,2025-01-21,CUST01489,PROD0062,2,0.2,174.59,279.34,165.78,113.56,Credit Card,Delivered,4.0,Accessories Product 62,Fashion,Accessories,167.56,Customer 1489,Central,Kanpur,2024-10-10,2025,1,Jan
ORD002922,2025-04-10,CUST00379,PROD0028,2,0.25,18.41,27.62,21.7,5.92,UPI,Delivered,2.0,Equipment Product 28,Sports,Equipment,16.44,Customer 379,West,Ahmedabad,2024-01-27,2025,4,Apr
ORD002923,2025-10-27,CUST01131,PROD0010,2,0.25,960.12,1440.18,1114.27,325.91,UPI,Delivered,2.0,Smartphones Product 10,Electronics,Smartphones,888.66,Customer 1131,North,Delhi,2025-04-30,2025,10,Oct
ORD002924,2025-04-13,CUST01352,PROD0045,1,0.0,185.16,185.16,108.83,76.33,Debit Card,Delivered,5.0,Kitchen Product 45,Home & Kitchen,Kitchen,184.1,Customer 1352,East,Ranchi,2025-04-09,2025,4,Apr
ORD002925,2025-02-16,CUST00065,PROD0065,2,0.15,188.67,320.74,189.79,130.95,COD,Delivered,5.0,Women Product 65,Fashion,Women,178.78,Customer 65,North,Chandigarh,2024-12-09,2025,2,Feb
ORD002926,2025-02-08,CUST00365,PROD0098,2,0.05,133.37,253.4,192.8,60.6,UPI,Delivered,3.0,Fragrance Product 98,Beauty,Fragrance,123.08,Customer 365,South,Hyderabad,2023-08-03,2025,2,Feb
ORD002927,2025-10-12,CUST00821,PROD0067,1,0.15,197.36,167.76,112.18,55.58,Debit Card,Delivered,3.0,Furniture Product 67,Home & Kitchen,Furniture,192.97,Customer 821,Central,Indore,2023-08-20,2025,10,Oct
ORD002928,2025-11-06,CUST01048,PROD0009,4,0.25,293.97,881.91,633.22,248.69,UPI,Delivered,5.0,Furniture Product 9,Home & Kitchen,Furniture,301.64,Customer 1048,South,Kochi,2025-05-30,2025,11,Nov
ORD002929,2025-03-31,CUST00540,PROD0005,4,0.0,227.44,909.76,586.68,323.08,Net Banking,Delivered,4.0,Men Product 5,Fashion,Men,236.42,Customer 540,East,Patna,2024-10-11,2025,3,Mar
ORD002930,2025-03-26,CUST01086,PROD0106,1,0.1,149.56,134.6,83.66,50.94,UPI,Delivered,3.0,Women Product 106,Fashion,Women,152.76,Customer 1086,East,Patna,2024-07-26,2025,3,Mar
ORD002931,2025-09-30,CUST00491,PROD0010,4,0.15,968.3,3292.22,2143.43,1148.79,Debit Card,Delivered,2.0,Smartphones Product 10,Electronics,Smartphones,888.66,Customer 491,North,Delhi,2024-11-20,2025,9,Sep
ORD002932,2025-12-02,CUST01297,PROD0012,3,0.05,302.81,863.01,551.65,311.36,COD,Delivered,2.0,Audio Product 12,Electronics,Audio,304.0,Customer 1297,Central,Kanpur,2023-12-09,2025,12,Dec
ORD002933,2025-07-07,CUST00229,PROD0082,2,0.0,617.86,1235.72,849.67,386.05,Credit Card,Cancelled,,Laptops Product 82,Electronics,Laptops,632.19,Customer 229,Central,Indore,2024-01-13,2025,7,Jul
ORD002934,2025-06-08,CUST01044,PROD0058,1,0.0,209.69,209.69,159.2,50.49,COD,Delivered,5.0,Footwear Product 58,Fashion,Footwear,193.95,Customer 1044,East,Bhubaneswar,2024-10-16,2025,6,Jun
ORD002935,2025-08-31,CUST00003,PROD0021,1,0.0,12.05,12.05,8.59,3.46,UPI,Delivered,5.0,Technology Product 21,Books,Technology,13.01,Customer 3,Central,Kanpur,2023-12-15,2025,8,Aug
ORD002936,2025-03-14,CUST01445,PROD0021,2,0.1,13.51,24.32,17.66,6.66,COD,Delivered,4.0,Technology Product 21,Books,Technology,13.01,Customer 1445,East,Kolkata,2024-11-29,2025,3,Mar
ORD002937,2025-02-18,CUST00911,PROD0065,3,0.1,195.72,528.44,366.11,162.33,Net Banking,Delivered,6.0,Women Product 65,Fashion,Women,178.78,Customer 911,North,Lucknow,2023-08-08,2025,2,Feb
ORD002938,2025-04-11,CUST00307,PROD0003,2,0.0,565.22,1130.44,743.76,386.68,UPI,Delivered,3.0,Accessories Product 3,Electronics,Accessories,564.08,Customer 307,Central,Indore,2024-05-28,2025,4,Apr
ORD002939,2025-01-02,CUST00432,PROD0069,1,0.25,140.84,105.63,64.9,40.73,Credit Card,Delivered,2.0,Women Product 69,Fashion,Women,144.62,Customer 432,East,Bhubaneswar,2023-05-14,2025,1,Jan
ORD002940,2025-09-01,CUST00136,PROD0089,4,0.1,476.76,1716.34,1141.53,574.81,COD,Delivered,2.0,Kitchen Product 89,Home & Kitchen,Kitchen,468.17,Customer 136,East,Ranchi,2025-01-30,2025,9,Sep
ORD002941,2025-06-25,CUST00515,PROD0064,2,0.1,528.15,950.67,703.16,247.51,UPI,Delivered,7.0,Decor Product 64,Home & Kitchen,Decor,496.62,Customer 515,South,Bengaluru,2024-01-04,2025,6,Jun
ORD002942,2025-08-26,CUST00193,PROD0049,2,0.05,418.93,795.97,601.84,194.13,Credit Card,Delivered,4.0,Decor Product 49,Home & Kitchen,Decor,409.38,Customer 193,Central,Kanpur,2025-02-05,2025,8,Aug
ORD002943,2025-02-28,CUST01439,PROD0072,2,0.1,14.75,26.55,18.39,8.16,Debit Card,Delivered,5.0,Technology Product 72,Books,Technology,16.01,Customer 1439,Central,Bhopal,2024-11-16,2025,2,Feb
ORD002944,2025-12-19,CUST00873,PROD0017,3,0.05,14.18,40.41,29.69,10.72,UPI,Delivered,4.0,Equipment Product 17,Sports,Equipment,15.15,Customer 873,South,Bengaluru,2025-06-16,2025,12,Dec
ORD002945,2025-04-09,CUST01142,PROD0073,1,0.15,9.98,8.48,5.35,3.13,Debit Card,Delivered,3.0,Business Product 73,Books,Business,9.38,Customer 1142,West,Ahmedabad,2024-12-21,2025,4,Apr
ORD002946,2025-12-25,CUST00666,PROD0032,2,0.1,14.13,25.43,20.0,5.43,UPI,Delivered,2.0,Skincare Product 32,Beauty,Skincare,14.13,Customer 666,North,Delhi,2025-04-08,2025,12,Dec
ORD002947,2025-01-02,CUST00209,PROD0070,4,0.0,112.55,450.2,354.68,95.52,UPI,Delivered,5.0,Footwear Product 70,Fashion,Footwear,104.51,Customer 209,Central,Kanpur,2023-04-12,2025,1,Jan
ORD002948,2025-08-31,CUST00952,PROD0113,2,0.2,504.61,807.38,530.35,277.03,Credit Card,Delivered,1.0,Smartphones Product 113,Electronics,Smartphones,480.63,Customer 952,Central,Bhopal,2023-06-27,2025,8,Aug
ORD002949,2025-10-24,CUST01058,PROD0104,4,0.1,71.37,256.93,182.79,74.14,Credit Card,Delivered,6.0,Footwear Product 104,Fashion,Footwear,68.87,Customer 1058,East,Ranchi,2023-06-15,2025,10,Oct
ORD002950,2025-07-30,CUST00649,PROD0021,2,0.05,14.31,27.19,19.73,7.46,Net Banking,Delivered,2.0,Technology Product 21,Books,Technology,13.01,Customer 649,West,Ahmedabad,2025-01-18,2025,7,Jul
ORD002951,2025-05-03,CUST01342,PROD0007,3,0.25,14.16,31.86,22.09,9.77,Debit Card,Delivered,1.0,Haircare Product 7,Beauty,Haircare,15.32,Customer 1342,West,Surat,2023-08-15,2025,5,May
ORD002952,2025-08-17,CUST00120,PROD0007,4,0.05,14.57,55.37,44.22,11.15,Credit Card,Delivered,2.0,Haircare Product 7,Beauty,Haircare,15.32,Customer 120,Central,Kanpur,2023-10-17,2025,8,Aug
ORD002953,2025-03-23,CUST00627,PROD0111,2,0.15,67.49,114.73,86.91,27.82,Debit Card,Delivered,6.0,Fiction Product 111,Books,Fiction,64.59,Customer 627,Central,Nagpur,2024-09-12,2025,3,Mar
ORD002954,2025-05-24,CUST00525,PROD0103,4,0.1,36.57,131.65,97.61,34.04,Debit Card,Delivered,1.0,Women Product 103,Fashion,Women,39.19,Customer 525,South,Bengaluru,2023-03-10,2025,5,May
ORD002955,2025-05-20,CUST00769,PROD0118,1,0.0,137.33,137.33,96.79,40.54,COD,Delivered,3.0,Kitchen Product 118,Home & Kitchen,Kitchen,130.92,Customer 769,East,Bhubaneswar,2025-03-04,2025,5,May
ORD002956,2025-01-29,CUST01113,PROD0027,3,0.25,481.4,1083.15,650.28,432.87,Debit Card,Delivered,2.0,Decor Product 27,Home & Kitchen,Decor,431.04,Customer 1113,West,Ahmedabad,2025-06-25,2025,1,Jan
ORD002957,2025-09-27,CUST00512,PROD0008,3,0.1,506.79,1368.33,829.04,539.29,Credit Card,Delivered,1.0,Decor Product 8,Home & Kitchen,Decor,462.5,Customer 512,South,Chennai,2024-05-07,2025,9,Sep
ORD002958,2025-09-04,CUST00047,PROD0073,2,0.05,9.74,18.51,12.06,6.45,UPI,Delivered,4.0,Business Product 73,Books,Business,9.38,Customer 47,South,Chennai,2025-05-26,2025,9,Sep
ORD002959,2025-01-12,CUST00772,PROD0028,3,0.2,18.06,43.34,27.34,16.0,Net Banking,Delivered,8.0,Equipment Product 28,Sports,Equipment,16.44,Customer 772,South,Chennai,2023-01-07,2025,1,Jan
ORD002960,2025-12-21,CUST00740,PROD0079,1,0.1,227.19,204.47,165.34,39.13,Net Banking,Delivered,5.0,Appliances Product 79,Home & Kitchen,Appliances,240.86,Customer 740,West,Mumbai,2023-06-24,2025,12,Dec
ORD002961,2025-12-03,CUST00522,PROD0066,2,0.15,37.15,63.15,42.84,20.31,UPI,Delivered,2.0,Self Help Product 66,Books,Self Help,36.75,Customer 522,North,Chandigarh,2024-07-28,2025,12,Dec
ORD002962,2025-04-16,CUST01308,PROD0071,2,0.15,32.9,55.93,44.21,11.72,Debit Card,Cancelled,,Footwear Product 71,Fashion,Footwear,32.71,Customer 1308,West,Pune,2023-08-14,2025,4,Apr
ORD002963,2025-02-01,CUST01401,PROD0047,4,0.0,18.36,73.44,57.01,16.43,Credit Card,Delivered,3.0,Men Product 47,Fashion,Men,18.6,Customer 1401,West,Surat,2024-11-29,2025,2,Feb
ORD002964,2025-03-15,CUST00134,PROD0082,1,0.0,581.64,581.64,450.78,130.86,UPI,Delivered,3.0,Laptops Product 82,Electronics,Laptops,632.19,Customer 134,Central,Indore,2025-04-04,2025,3,Mar
ORD002965,2025-06-20,CUST00248,PROD0086,2,0.0,396.84,793.68,501.42,292.26,Credit Card,Cancelled,,Audio Product 86,Electronics,Audio,361.35,Customer 248,East,Ranchi,2024-07-28,2025,6,Jun
ORD002966,2025-12-03,CUST01342,PROD0114,1,0.2,591.56,473.25,325.29,147.96,UPI,Delivered,2.0,Audio Product 114,Electronics,Audio,550.01,Customer 1342,West,Surat,2023-08-15,2025,12,Dec
ORD002967,2025-03-10,CUST00436,PROD0010,2,0.0,933.6,1867.2,1225.46,641.74,Debit Card,Returned,6.0,Smartphones Product 10,Electronics,Smartphones,888.66,Customer 436,East,Bhubaneswar,2023-03-14,2025,3,Mar
ORD002968,2025-10-28,CUST01200,PROD0118,2,0.05,123.82,235.26,191.24,44.02,UPI,Delivered,4.0,Kitchen Product 118,Home & Kitchen,Kitchen,130.92,Customer 1200,Central,Bhopal,2023-07-31,2025,10,Oct
ORD002969,2025-12-28,CUST00686,PROD0114,3,0.05,547.61,1560.69,1233.6,327.09,UPI,Cancelled,,Audio Product 114,Electronics,Audio,550.01,Customer 686,East,Bhubaneswar,2023-10-12,2025,12,Dec
ORD002970,2025-05-17,CUST00586,PROD0033,4,0.05,46.7,177.46,113.57,63.89,UPI,Delivered,4.0,Business Product 33,Books,Business,42.27,Customer 586,West,Surat,2024-02-24,2025,5,May
ORD002971,2025-04-10,CUST00351,PROD0007,1,0.1,15.98,14.38,9.42,4.96,Credit Card,Delivered,4.0,Haircare Product 7,Beauty,Haircare,15.32,Customer 351,East,Bhubaneswar,2023-07-16,2025,4,Apr
ORD002972,2025-05-26,CUST00143,PROD0003,2,0.25,587.03,880.54,622.49,258.05,UPI,Delivered,3.0,Accessories Product 3,Electronics,Accessories,564.08,Customer 143,North,Chandigarh,2024-11-10,2025,5,May
ORD002973,2025-01-09,CUST00967,PROD0014,1,0.05,141.5,134.42,86.95,47.47,Net Banking,Delivered,3.0,Accessories Product 14,Electronics,Accessories,128.33,Customer 967,North,Jaipur,2024-11-08,2025,1,Jan
ORD002974,2025-03-03,CUST00804,PROD0044,1,0.05,24.11,22.9,17.81,5.09,UPI,Delivered,3.0,Business Product 44,Books,Business,23.36,Customer 804,Central,Nagpur,2024-02-29,2025,3,Mar
ORD002975,2025-07-04,CUST01422,PROD0046,1,0.15,124.36,105.71,82.1,23.61,Net Banking,Delivered,4.0,Accessories Product 46,Electronics,Accessories,119.63,Customer 1422,Central,Nagpur,2024-06-08,2025,7,Jul
ORD002976,2025-01-29,CUST00718,PROD0061,2,0.05,86.35,164.06,123.68,40.38,Credit Card,Delivered,5.0,Outdoor Product 61,Sports,Outdoor,87.3,Customer 718,North,Chandigarh,2023-04-25,2025,1,Jan
ORD002977,2025-04-24,CUST00643,PROD0036,2,0.2,373.42,597.47,445.37,152.1,COD,Delivered,6.0,Furniture Product 36,Home & Kitchen,Furniture,375.57,Customer 643,West,Ahmedabad,2023-03-02,2025,4,Apr
ORD002978,2025-05-23,CUST01393,PROD0013,1,0.1,813.25,731.92,520.65,211.27,UPI,Delivered,1.0,Laptops Product 13,Electronics,Laptops,769.31,Customer 1393,West,Pune,2023-07-04,2025,5,May
ORD002979,2025-04-30,CUST00501,PROD0016,4,0.05,200.62,762.36,505.68,256.68,UPI,Delivered,4.0,Women Product 16,Fashion,Women,203.86,Customer 501,South,Chennai,2024-08-27,2025,4,Apr
ORD002980,2025-06-19,CUST00370,PROD0080,4,0.25,40.54,121.62,94.97,26.65,Credit Card,Returned,5.0,Skincare Product 80,Beauty,Skincare,39.29,Customer 370,South,Bengaluru,2025-01-29,2025,6,Jun
ORD002981,2025-06-06,CUST01406,PROD0118,1,0.05,127.76,121.37,95.41,25.96,Debit Card,Delivered,2.0,Kitchen Product 118,Home & Kitchen,Kitchen,130.92,Customer 1406,East,Kolkata,2023-12-15,2025,6,Jun
ORD002982,2025-12-01,CUST01110,PROD0005,2,0.0,225.36,450.72,266.77,183.95,UPI,Delivered,6.0,Men Product 5,Fashion,Men,236.42,Customer 1110,West,Ahmedabad,2023-01-14,2025,12,Dec
ORD002983,2025-12-15,CUST00787,PROD0116,3,0.0,52.04,156.12,105.49,50.63,UPI,Cancelled,,Men Product 116,Fashion,Men,51.48,Customer 787,West,Ahmedabad,2024-06-24,2025,12,Dec
ORD002984,2025-09-17,CUST00739,PROD0089,1,0.25,451.08,338.31,198.38,139.93,Credit Card,Delivered,5.0,Kitchen Product 89,Home & Kitchen,Kitchen,468.17,Customer 739,East,Bhubaneswar,2023-05-17,2025,9,Sep
ORD002985,2025-03-23,CUST01484,PROD0038,2,0.15,795.48,1352.32,1056.8,295.52,UPI,Delivered,4.0,Laptops Product 38,Electronics,Laptops,723.36,Customer 1484,East,Ranchi,2024-01-19,2025,3,Mar
ORD002986,2025-08-30,CUST00950,PROD0102,1,0.05,51.23,48.67,30.3,18.37,UPI,Delivered,4.0,Makeup Product 102,Beauty,Makeup,52.24,Customer 950,West,Mumbai,2024-12-30,2025,8,Aug
ORD002987,2025-06-21,CUST01349,PROD0050,1,0.15,98.75,83.94,62.26,21.68,Credit Card,Delivered,6.0,Smartphones Product 50,Electronics,Smartphones,95.0,Customer 1349,North,Delhi,2023-07-06,2025,6,Jun
ORD002988,2025-08-19,CUST00522,PROD0038,2,0.1,703.6,1266.48,843.18,423.3,Debit Card,Delivered,7.0,Laptops Product 38,Electronics,Laptops,723.36,Customer 522,North,Chandigarh,2024-07-28,2025,8,Aug
ORD002989,2025-07-27,CUST00489,PROD0103,2,0.05,38.08,72.35,56.13,16.22,COD,Delivered,8.0,Women Product 103,Fashion,Women,39.19,Customer 489,East,Kolkata,2025-03-05,2025,7,Jul
ORD002990,2025-03-16,CUST00397,PROD0056,2,0.15,83.07,141.22,99.18,42.04,UPI,Delivered,4.0,Women Product 56,Fashion,Women,83.9,Customer 397,West,Mumbai,2024-11-19,2025,3,Mar
ORD002991,2025-09-27,CUST00896,PROD0063,2,0.15,301.85,513.14,337.57,175.57,Debit Card,Delivered,3.0,Kitchen Product 63,Home & Kitchen,Kitchen,273.62,Customer 896,East,Ranchi,2024-04-24,2025,9,Sep
ORD002992,2025-04-24,CUST00355,PROD0120,3,0.1,13.28,35.86,23.59,12.27,UPI,Delivered,6.0,Self Help Product 120,Books,Self Help,13.3,Customer 355,South,Kochi,2024-11-09,2025,4,Apr
ORD002993,2025-03-03,CUST00947,PROD0048,1,0.0,118.81,118.81,78.23,40.58,UPI,Returned,4.0,Fragrance Product 48,Beauty,Fragrance,109.58,Customer 947,West,Pune,2023-07-26,2025,3,Mar
ORD002994,2025-12-28,CUST00288,PROD0105,4,0.0,166.02,664.08,510.85,153.23,Debit Card,Delivered,3.0,Fragrance Product 105,Beauty,Fragrance,173.04,Customer 288,North,Chandigarh,2023-10-10,2025,12,Dec
ORD002995,2025-11-16,CUST01483,PROD0090,3,0.15,152.92,389.95,292.72,97.23,Debit Card,Delivered,6.0,Outdoor Product 90,Sports,Outdoor,164.49,Customer 1483,West,Surat,2024-04-15,2025,11,Nov
ORD002996,2025-04-12,CUST00998,PROD0059,4,0.15,104.7,355.98,233.74,122.24,COD,Delivered,5.0,Haircare Product 59,Beauty,Haircare,97.27,Customer 998,West,Mumbai,2023-03-11,2025,4,Apr
ORD002997,2025-12-28,CUST00536,PROD0077,3,0.1,141.97,383.32,267.42,115.9,Debit Card,Cancelled,,Accessories Product 77,Fashion,Accessories,138.05,Customer 536,East,Kolkata,2023-12-04,2025,12,Dec
ORD002998,2025-07-29,CUST01315,PROD0044,2,0.15,23.84,40.53,24.25,16.28,UPI,Delivered,3.0,Business Product 44,Books,Business,23.36,Customer 1315,East,Ranchi,2024-01-06,2025,7,Jul
ORD002999,2025-09-12,CUST00851,PROD0115,3,0.15,352.48,898.82,699.82,199.0,UPI,Delivered,8.0,Smartphones Product 115,Electronics,Smartphones,361.73,Customer 851,South,Hyderabad,2025-01-02,2025,9,Sep
ORD003000,2025-01-20,CUST00838,PROD0090,4,0.2,153.71,491.87,316.68,175.19,Debit Card,Delivered,3.0,Outdoor Product 90,Sports,Outdoor,164.49,Customer 838,Central,Indore,2023-04-26,2025,1,Jan
ORD003001,2025-02-27,CUST00168,PROD0055,3,0.0,292.46,877.38,696.13,181.25,Credit Card,Cancelled,,Fitness Product 55,Sports,Fitness,287.69,Customer 168,Central,Bhopal,2023-04-22,2025,2,Feb
ORD003002,2025-04-22,CUST00950,PROD0055,1,0.05,314.57,298.84,216.13,82.71,UPI,Delivered,4.0,Fitness Product 55,Sports,Fitness,287.69,Customer 950,West,Mumbai,2024-12-30,2025,4,Apr
ORD003003,2025-11-09,CUST00621,PROD0001,2,0.1,372.17,669.91,479.84,190.07,Credit Card,Cancelled,,Kitchen Product 1,Home & Kitchen,Kitchen,394.25,Customer 621,East,Ranchi,2024-10-06,2025,11,Nov
ORD003004,2025-07-15,CUST00428,PROD0008,1,0.05,511.45,485.88,300.79,185.09,COD,Delivered,4.0,Decor Product 8,Home & Kitchen,Decor,462.5,Customer 428,Central,Nagpur,2024-02-18,2025,7,Jul
ORD003005,2025-12-19,CUST00490,PROD0004,4,0.15,10.61,36.07,21.52,14.55,Debit Card,Delivered,5.0,Technology Product 4,Books,Technology,10.88,Customer 490,North,Chandigarh,2023-02-23,2025,12,Dec
ORD003006,2025-04-02,CUST00355,PROD0085,2,0.2,161.59,258.54,184.24,74.3,Credit Card,Cancelled,,Makeup Product 85,Beauty,Makeup,157.43,Customer 355,South,Kochi,2024-11-09,2025,4,Apr
ORD003007,2025-02-21,CUST00196,PROD0086,1,0.05,337.25,320.39,221.81,98.58,COD,Delivered,4.0,Audio Product 86,Electronics,Audio,361.35,Customer 196,South,Hyderabad,2024-10-12,2025,2,Feb
ORD003008,2025-10-20,CUST00545,PROD0115,1,0.2,363.54,290.83,177.04,113.79,Net Banking,Delivered,1.0,Smartphones Product 115,Electronics,Smartphones,361.73,Customer 545,North,Lucknow,2023-06-13,2025,10,Oct
ORD003009,2025-01-08,CUST00717,PROD0053,2,0.1,21.54,38.77,30.26,8.51,UPI,Delivered,4.0,Self Help Product 53,Books,Self Help,22.79,Customer 717,East,Ranchi,2024-10-11,2025,1,Jan
ORD003010,2025-10-27,CUST00824,PROD0058,4,0.1,180.29,649.04,441.44,207.6,UPI,Delivered,3.0,Footwear Product 58,Fashion,Footwear,193.95,Customer 824,North,Jaipur,2024-01-19,2025,10,Oct
ORD003011,2025-04-08,CUST00932,PROD0037,1,0.1,215.93,194.34,124.87,69.47,Credit Card,Delivered,7.0,Sportswear Product 37,Sports,Sportswear,193.95,Customer 932,East,Ranchi,2023-02-23,2025,4,Apr
ORD003012,2025-08-24,CUST01003,PROD0049,1,0.05,436.41,414.59,318.9,95.69,UPI,Delivered,2.0,Decor Product 49,Home & Kitchen,Decor,409.38,Customer 1003,East,Kolkata,2024-08-13,2025,8,Aug
ORD003013,2025-03-10,CUST00659,PROD0067,1,0.05,205.28,195.02,155.85,39.17,Net Banking,Delivered,1.0,Furniture Product 67,Home & Kitchen,Furniture,192.97,Customer 659,West,Surat,2023-12-28,2025,3,Mar
ORD003014,2025-02-14,CUST00939,PROD0019,1,0.1,200.61,180.55,117.98,62.57,Net Banking,Delivered,2.0,Decor Product 19,Home & Kitchen,Decor,213.84,Customer 939,Central,Nagpur,2023-08-25,2025,2,Feb
ORD003015,2025-05-17,CUST00780,PROD0001,2,0.2,435.99,697.58,534.51,163.07,UPI,Delivered,2.0,Kitchen Product 1,Home & Kitchen,Kitchen,394.25,Customer 780,Central,Kanpur,2024-06-12,2025,5,May
ORD003016,2025-08-22,CUST00011,PROD0029,1,0.1,57.12,51.41,37.87,13.54,Debit Card,Delivered,2.0,Women Product 29,Fashion,Women,56.34,Customer 11,Central,Nagpur,2024-03-13,2025,8,Aug
ORD003017,2025-02-01,CUST01280,PROD0087,1,0.05,197.92,188.02,153.71,34.31,Credit Card,Cancelled,,Equipment Product 87,Sports,Equipment,181.5,Customer 1280,West,Ahmedabad,2023-01-31,2025,2,Feb
ORD003018,2025-10-16,CUST00396,PROD0033,3,0.0,38.99,116.97,73.57,43.4,Credit Card,Delivered,3.0,Business Product 33,Books,Business,42.27,Customer 396,East,Patna,2024-12-31,2025,10,Oct
ORD003019,2025-05-06,CUST00731,PROD0119,1,0.25,506.04,379.53,307.63,71.9,Net Banking,Delivered,5.0,Smartphones Product 119,Electronics,Smartphones,516.56,Customer 731,North,Lucknow,2023-04-28,2025,5,May
ORD003020,2025-03-08,CUST00409,PROD0052,3,0.1,64.94,175.34,114.96,60.38,Credit Card,Delivered,3.0,Self Help Product 52,Books,Self Help,58.02,Customer 409,Central,Bhopal,2024-08-08,2025,3,Mar
ORD003021,2025-01-30,CUST00362,PROD0041,2,0.2,393.0,628.8,426.87,201.93,Debit Card,Delivered,6.0,Accessories Product 41,Electronics,Accessories,390.82,Customer 362,North,Chandigarh,2024-08-13,2025,1,Jan
ORD003022,2025-04-24,CUST01283,PROD0023,1,0.1,85.37,76.83,51.18,25.65,UPI,Delivered,1.0,Equipment Product 23,Sports,Equipment,77.77,Customer 1283,South,Kochi,2023-10-29,2025,4,Apr
ORD003023,2025-07-23,CUST01027,PROD0005,3,0.1,233.02,629.15,405.44,223.71,Credit Card,Delivered,6.0,Men Product 5,Fashion,Men,236.42,Customer 1027,South,Hyderabad,2025-02-06,2025,7,Jul
ORD003024,2025-01-29,CUST00084,PROD0071,1,0.15,33.53,28.5,21.27,7.23,UPI,Delivered,5.0,Footwear Product 71,Fashion,Footwear,32.71,Customer 84,Central,Nagpur,2024-04-06,2025,1,Jan
ORD003025,2025-05-11,CUST00156,PROD0057,1,0.05,33.73,32.04,23.11,8.93,Credit Card,Delivered,3.0,Fitness Product 57,Sports,Fitness,30.92,Customer 156,Central,Nagpur,2024-05-25,2025,5,May
ORD003026,2025-07-04,CUST01200,PROD0006,2,0.1,81.81,147.26,96.21,51.05,UPI,Delivered,4.0,Decor Product 6,Home & Kitchen,Decor,78.58,Customer 1200,Central,Bhopal,2023-07-31,2025,7,Jul
ORD003027,2025-09-10,CUST00707,PROD0049,1,0.1,436.01,392.41,240.05,152.36,Credit Card,Delivered,6.0,Decor Product 49,Home & Kitchen,Decor,409.38,Customer 707,North,Delhi,2024-10-23,2025,9,Sep
ORD003028,2025-10-13,CUST00472,PROD0022,3,0.1,189.81,512.49,336.28,176.21,UPI,Delivered,4.0,Kitchen Product 22,Home & Kitchen,Kitchen,196.54,Customer 472,West,Ahmedabad,2023-05-17,2025,10,Oct
ORD003029,2025-03-03,CUST00619,PROD0113,1,0.15,457.16,388.59,260.94,127.65,UPI,Delivered,2.0,Smartphones Product 113,Electronics,Smartphones,480.63,Customer 619,South,Chennai,2023-02-07,2025,3,Mar
ORD003030,2025-01-03,CUST01448,PROD0077,4,0.0,133.36,533.44,358.13,175.31,UPI,Delivered,4.0,Accessories Product 77,Fashion,Accessories,138.05,Customer 1448,West,Pune,2024-05-11,2025,1,Jan
ORD003031,2025-03-09,CUST00134,PROD0076,2,0.1,109.17,196.51,130.83,65.68,Net Banking,Delivered,6.0,Women Product 76,Fashion,Women,107.18,Customer 134,Central,Indore,2025-04-04,2025,3,Mar
ORD003032,2025-01-25,CUST00788,PROD0004,3,0.0,11.75,35.25,20.86,14.39,UPI,Delivered,8.0,Technology Product 4,Books,Technology,10.88,Customer 788,West,Mumbai,2024-09-20,2025,1,Jan
ORD003033,2025-06-28,CUST00907,PROD0072,2,0.0,15.86,31.72,21.93,9.79,Debit Card,Delivered,4.0,Technology Product 72,Books,Technology,16.01,Customer 907,East,Ranchi,2024-08-05,2025,6,Jun
ORD003034,2025-05-21,CUST00864,PROD0064,2,0.1,512.99,923.38,720.87,202.51,UPI,Delivered,2.0,Decor Product 64,Home & Kitchen,Decor,496.62,Customer 864,East,Patna,2025-06-02,2025,5,May
ORD003035,2025-08-19,CUST01404,PROD0037,2,0.0,209.65,419.3,261.34,157.96,Credit Card,Delivered,5.0,Sportswear Product 37,Sports,Sportswear,193.95,Customer 1404,South,Hyderabad,2025-04-06,2025,8,Aug
ORD003036,2025-10-27,CUST00667,PROD0031,2,0.1,245.46,441.83,271.71,170.12,Debit Card,Delivered,8.0,Furniture Product 31,Home & Kitchen,Furniture,253.64,Customer 667,Central,Bhopal,2023-05-17,2025,10,Oct
ORD003037,2025-06-12,CUST00277,PROD0037,3,0.0,212.68,638.04,442.32,195.72,UPI,Delivered,3.0,Sportswear Product 37,Sports,Sportswear,193.95,Customer 277,North,Delhi,2025-01-28,2025,6,Jun
ORD003038,2025-11-07,CUST01260,PROD0045,1,0.05,204.46,194.24,129.94,64.3,UPI,Delivered,3.0,Kitchen Product 45,Home & Kitchen,Kitchen,184.1,Customer 1260,North,Chandigarh,2024-06-23,2025,11,Nov
ORD003039,2025-05-10,CUST00882,PROD0090,4,0.0,152.61,610.44,436.29,174.15,UPI,Delivered,4.0,Outdoor Product 90,Sports,Outdoor,164.49,Customer 882,North,Lucknow,2023-11-13,2025,5,May
ORD003040,2025-09-03,CUST00013,PROD0107,3,0.0,186.96,560.88,452.8,108.08,Debit Card,Delivered,2.0,Equipment Product 107,Sports,Equipment,200.64,Customer 13,East,Bhubaneswar,2023-09-04,2025,9,Sep
ORD003041,2025-10-24,CUST00342,PROD0008,1,0.15,433.91,368.82,281.27,87.55,UPI,Delivered,7.0,Decor Product 8,Home & Kitchen,Decor,462.5,Customer 342,West,Mumbai,2025-06-06,2025,10,Oct
ORD003042,2025-06-21,CUST00035,PROD0040,1,0.1,291.08,261.97,195.14,66.83,Credit Card,Delivered,5.0,Appliances Product 40,Home & Kitchen,Appliances,270.68,Customer 35,North,Delhi,2023-10-01,2025,6,Jun
ORD003043,2025-03-05,CUST00559,PROD0097,1,0.2,56.83,45.46,30.9,14.56,UPI,Delivered,2.0,Self Help Product 97,Books,Self Help,59.33,Customer 559,Central,Indore,2024-05-08,2025,3,Mar
ORD003044,2025-01-31,CUST01238,PROD0109,3,0.0,48.67,146.01,94.76,51.25,Credit Card,Delivered,7.0,Fiction Product 109,Books,Fiction,45.69,Customer 1238,South,Kochi,2025-02-21,2025,1,Jan
ORD003045,2025-02-16,CUST01436,PROD0093,1,0.15,376.48,320.01,227.1,92.91,Credit Card,Delivered,7.0,Appliances Product 93,Home & Kitchen,Appliances,373.4,Customer 1436,South,Hyderabad,2024-12-31,2025,2,Feb
ORD003046,2025-05-10,CUST00405,PROD0005,1,0.1,257.05,231.35,183.35,48.0,UPI,Delivered,3.0,Men Product 5,Fashion,Men,236.42,Customer 405,South,Chennai,2023-07-27,2025,5,May
ORD003047,2025-12-18,CUST00658,PROD0028,2,0.05,17.78,33.78,26.7,7.08,Net Banking,Delivered,4.0,Equipment Product 28,Sports,Equipment,16.44,Customer 658,West,Surat,2023-06-26,2025,12,Dec
ORD003048,2025-11-29,CUST00159,PROD0117,1,0.15,303.29,257.8,177.09,80.71,COD,Delivered,2.0,Furniture Product 117,Home & Kitchen,Furniture,272.76,Customer 159,North,Lucknow,2023-06-18,2025,11,Nov
ORD003049,2025-04-20,CUST00956,PROD0104,1,0.15,66.82,56.8,36.3,20.5,UPI,Delivered,2.0,Footwear Product 104,Fashion,Footwear,68.87,Customer 956,North,Lucknow,2025-03-01,2025,4,Apr
ORD003050,2025-03-10,CUST01134,PROD0081,1,0.1,324.23,291.81,185.03,106.78,Debit Card,Cancelled,,Accessories Product 81,Electronics,Accessories,335.69,Customer 1134,West,Mumbai,2025-04-18,2025,3,Mar
ORD003051,2025-02-27,CUST00549,PROD0119,1,0.1,478.49,430.64,253.28,177.36,UPI,Delivered,1.0,Smartphones Product 119,Electronics,Smartphones,516.56,Customer 549,East,Patna,2024-05-18,2025,2,Feb
ORD003052,2025-04-16,CUST00985,PROD0087,2,0.05,181.88,345.57,270.32,75.25,Debit Card,Delivered,6.0,Equipment Product 87,Sports,Equipment,181.5,Customer 985,East,Patna,2025-06-05,2025,4,Apr
ORD003053,2025-10-27,CUST01371,PROD0109,1,0.05,46.23,43.92,28.27,15.65,UPI,Delivered,6.0,Fiction Product 109,Books,Fiction,45.69,Customer 1371,East,Ranchi,2023-07-06,2025,10,Oct
ORD003054,2025-11-26,CUST00279,PROD0009,3,0.1,335.7,906.39,603.8,302.59,Net Banking,Delivered,1.0,Furniture Product 9,Home & Kitchen,Furniture,301.64,Customer 279,East,Patna,2024-12-28,2025,11,Nov
ORD003055,2025-09-13,CUST00479,PROD0002,2,0.2,32.45,51.92,40.2,11.72,UPI,Delivered,1.0,Decor Product 2,Home & Kitchen,Decor,29.88,Customer 479,Central,Nagpur,2023-08-25,2025,9,Sep
ORD003056,2025-11-08,CUST00111,PROD0063,4,0.05,260.86,991.27,603.49,387.78,Net Banking,Delivered,2.0,Kitchen Product 63,Home & Kitchen,Kitchen,273.62,Customer 111,North,Chandigarh,2023-10-07,2025,11,Nov
ORD003057,2025-06-20,CUST00431,PROD0096,2,0.05,226.95,431.2,297.83,133.37,Debit Card,Delivered,6.0,Footwear Product 96,Fashion,Footwear,210.2,Customer 431,West,Mumbai,2025-04-14,2025,6,Jun
ORD003058,2025-06-11,CUST00542,PROD0051,1,0.1,175.36,157.82,96.17,61.65,UPI,Delivered,5.0,Furniture Product 51,Home & Kitchen,Furniture,183.5,Customer 542,West,Pune,2024-07-03,2025,6,Jun
ORD003059,2025-10-13,CUST01139,PROD0116,1,0.15,48.16,40.94,28.09,12.85,UPI,Delivered,4.0,Men Product 116,Fashion,Men,51.48,Customer 1139,South,Kochi,2024-02-10,2025,10,Oct
ORD003060,2025-03-12,CUST01114,PROD0113,1,0.15,522.65,444.25,262.69,181.56,Debit Card,Delivered,5.0,Smartphones Product 113,Electronics,Smartphones,480.63,Customer 1114,South,Bengaluru,2023-07-08,2025,3,Mar
ORD003061,2025-09-12,CUST01236,PROD0031,1,0.0,282.86,282.86,199.2,83.66,Credit Card,Delivered,2.0,Furniture Product 31,Home & Kitchen,Furniture,253.64,Customer 1236,Central,Bhopal,2025-06-24,2025,9,Sep
ORD003062,2025-02-24,CUST00360,PROD0007,1,0.1,14.36,12.92,9.96,2.96,COD,Delivered,2.0,Haircare Product 7,Beauty,Haircare,15.32,Customer 360,Central,Nagpur,2024-11-24,2025,2,Feb
ORD003063,2025-11-19,CUST00372,PROD0030,4,0.1,363.44,1308.38,971.23,337.15,COD,Cancelled,,Decor Product 30,Home & Kitchen,Decor,335.65,Customer 372,South,Kochi,2023-01-29,2025,11,Nov
ORD003064,2025-01-03,CUST01239,PROD0058,1,0.1,211.76,190.58,133.83,56.75,Debit Card,Delivered,4.0,Footwear Product 58,Fashion,Footwear,193.95,Customer 1239,South,Hyderabad,2024-04-29,2025,1,Jan
ORD003065,2025-01-26,CUST01039,PROD0003,1,0.1,532.35,479.12,373.19,105.93,Credit Card,Delivered,4.0,Accessories Product 3,Electronics,Accessories,564.08,Customer 1039,West,Ahmedabad,2024-03-26,2025,1,Jan
ORD003066,2025-11-09,CUST00955,PROD0051,3,0.15,179.22,457.01,290.05,166.96,UPI,Delivered,2.0,Furniture Product 51,Home & Kitchen,Furniture,183.5,Customer 955,North,Lucknow,2025-05-07,2025,11,Nov
ORD003067,2025-05-06,CUST00259,PROD0115,4,0.15,385.87,1311.96,1022.53,289.43,Net Banking,Delivered,3.0,Smartphones Product 115,Electronics,Smartphones,361.73,Customer 259,North,Delhi,2025-02-21,2025,5,May
ORD003068,2025-02-22,CUST00778,PROD0056,2,0.1,90.74,163.33,105.56,57.77,UPI,Delivered,4.0,Women Product 56,Fashion,Women,83.9,Customer 778,West,Surat,2025-01-22,2025,2,Feb
ORD003069,2025-07-17,CUST01487,PROD0073,4,0.1,9.29,33.44,22.3,11.14,UPI,Delivered,3.0,Business Product 73,Books,Business,9.38,Customer 1487,East,Patna,2025-04-04,2025,7,Jul
ORD003070,2025-10-26,CUST00120,PROD0010,1,0.05,845.99,803.69,490.91,312.78,UPI,Delivered,1.0,Smartphones Product 10,Electronics,Smartphones,888.66,Customer 120,Central,Kanpur,2023-10-17,2025,10,Oct
ORD003071,2025-07-07,CUST00976,PROD0061,1,0.0,91.64,91.64,55.39,36.25,COD,Delivered,2.0,Outdoor Product 61,Sports,Outdoor,87.3,Customer 976,North,Chandigarh,2025-05-17,2025,7,Jul
ORD003072,2025-07-05,CUST00913,PROD0110,1,0.25,429.85,322.39,259.11,63.28,UPI,Delivered,2.0,Kitchen Product 110,Home & Kitchen,Kitchen,405.37,Customer 913,Central,Nagpur,2024-03-17,2025,7,Jul
ORD003073,2025-11-01,CUST01152,PROD0050,1,0.1,96.97,87.27,54.6,32.67,Net Banking,Delivered,4.0,Smartphones Product 50,Electronics,Smartphones,95.0,Customer 1152,West,Mumbai,2023-02-12,2025,11,Nov
ORD003074,2025-10-25,CUST00723,PROD0047,3,0.1,17.65,47.65,31.45,16.2,Credit Card,Delivered,1.0,Men Product 47,Fashion,Men,18.6,Customer 723,Central,Kanpur,2023-01-11,2025,10,Oct
ORD003075,2025-07-23,CUST00523,PROD0090,2,0.15,179.11,304.49,215.27,89.22,UPI,Returned,6.0,Outdoor Product 90,Sports,Outdoor,164.49,Customer 523,North,Chandigarh,2025-01-06,2025,7,Jul
ORD003076,2025-01-11,CUST00325,PROD0001,1,0.0,413.59,413.59,274.41,139.18,Debit Card,Delivered,2.0,Kitchen Product 1,Home & Kitchen,Kitchen,394.25,Customer 325,Central,Nagpur,2023-05-04,2025,1,Jan
ORD003077,2025-12-25,CUST01344,PROD0094,4,0.2,29.73,95.14,75.05,20.09,UPI,Delivered,4.0,Footwear Product 94,Fashion,Footwear,27.18,Customer 1344,East,Patna,2023-01-18,2025,12,Dec
ORD003078,2025-12-20,CUST01074,PROD0057,1,0.15,34.22,29.09,23.16,5.93,UPI,Returned,6.0,Fitness Product 57,Sports,Fitness,30.92,Customer 1074,West,Ahmedabad,2023-05-05,2025,12,Dec
ORD003079,2025-05-26,CUST00069,PROD0038,3,0.15,782.05,1994.23,1312.68,681.55,Net Banking,Delivered,1.0,Laptops Product 38,Electronics,Laptops,723.36,Customer 69,Central,Nagpur,2024-10-22,2025,5,May
ORD003080,2025-03-26,CUST00391,PROD0062,2,0.0,186.28,372.56,224.31,148.25,UPI,Delivered,3.0,Accessories Product 62,Fashion,Accessories,167.56,Customer 391,South,Kochi,2024-11-11,2025,3,Mar
ORD003081,2025-04-10,CUST00383,PROD0079,1,0.1,267.56,240.8,151.81,88.99,UPI,Delivered,3.0,Appliances Product 79,Home & Kitchen,Appliances,240.86,Customer 383,North,Chandigarh,2023-07-21,2025,4,Apr
ORD003082,2025-04-14,CUST00016,PROD0089,1,0.0,488.71,488.71,339.09,149.62,UPI,Delivered,3.0,Kitchen Product 89,Home & Kitchen,Kitchen,468.17,Customer 16,East,Bhubaneswar,2024-05-13,2025,4,Apr
ORD003083,2025-02-15,CUST01463,PROD0070,2,0.1,111.37,200.47,130.15,70.32,Credit Card,Delivered,4.0,Footwear Product 70,Fashion,Footwear,104.51,Customer 1463,West,Surat,2025-01-02,2025,2,Feb
ORD003084,2025-02-13,CUST00846,PROD0082,1,0.15,670.05,569.54,392.32,177.22,Net Banking,Delivered,3.0,Laptops Product 82,Electronics,Laptops,632.19,Customer 846,North,Lucknow,2023-12-01,2025,2,Feb
ORD003085,2025-10-05,CUST00869,PROD0065,2,0.0,186.69,373.38,284.55,88.83,UPI,Delivered,1.0,Women Product 65,Fashion,Women,178.78,Customer 869,Central,Kanpur,2023-04-06,2025,10,Oct
ORD003086,2025-06-30,CUST00568,PROD0062,2,0.1,154.8,278.64,189.74,88.9,UPI,Delivered,7.0,Accessories Product 62,Fashion,Accessories,167.56,Customer 568,Central,Indore,2024-01-04,2025,6,Jun
ORD003087,2025-07-06,CUST00132,PROD0056,1,0.05,83.16,79.0,49.56,29.44,UPI,Delivered,5.0,Women Product 56,Fashion,Women,83.9,Customer 132,West,Ahmedabad,2025-04-09,2025,7,Jul
ORD003088,2025-04-24,CUST01272,PROD0067,1,0.15,181.39,154.18,102.67,51.51,Credit Card,Delivered,2.0,Furniture Product 67,Home & Kitchen,Furniture,192.97,Customer 1272,Central,Nagpur,2023-06-15,2025,4,Apr
ORD003089,2025-09-12,CUST00273,PROD0017,1,0.1,14.85,13.36,10.13,3.23,Credit Card,Delivered,3.0,Equipment Product 17,Sports,Equipment,15.15,Customer 273,South,Bengaluru,2025-03-11,2025,9,Sep
ORD003090,2025-01-30,CUST01373,PROD0112,2,0.05,206.43,392.22,267.41,124.81,UPI,Cancelled,,Kitchen Product 112,Home & Kitchen,Kitchen,221.08,Customer 1373,East,Kolkata,2023-07-10,2025,1,Jan
ORD003091,2025-09-21,CUST00484,PROD0008,1,0.05,510.6,485.07,310.39,174.68,Net Banking,Delivered,1.0,Decor Product 8,Home & Kitchen,Decor,462.5,Customer 484,North,Chandigarh,2023-06-25,2025,9,Sep
ORD003092,2025-04-08,CUST00550,PROD0060,4,0.2,123.48,395.14,269.71,125.43,COD,Delivered,1.0,Outdoor Product 60,Sports,Outdoor,122.23,Customer 550,West,Surat,2024-11-16,2025,4,Apr
ORD003093,2025-11-09,CUST00357,PROD0113,1,0.1,460.38,414.34,285.54,128.8,Net Banking,Delivered,5.0,Smartphones Product 113,Electronics,Smartphones,480.63,Customer 357,Central,Indore,2023-10-16,2025,11,Nov
ORD003094,2025-11-25,CUST01342,PROD0040,1,0.05,280.68,266.65,173.62,93.03,UPI,Delivered,3.0,Appliances Product 40,Home & Kitchen,Appliances,270.68,Customer 1342,West,Surat,2023-08-15,2025,11,Nov
ORD003095,2025-04-25,CUST01072,PROD0081,3,0.0,322.02,966.06,791.17,174.89,Credit Card,Delivered,5.0,Accessories Product 81,Electronics,Accessories,335.69,Customer 1072,West,Mumbai,2024-12-09,2025,4,Apr
ORD003096,2025-10-03,CUST01034,PROD0089,1,0.05,506.04,480.74,367.4,113.34,Net Banking,Delivered,3.0,Kitchen Product 89,Home & Kitchen,Kitchen,468.17,Customer 1034,West,Ahmedabad,2025-03-09,2025,10,Oct
ORD003097,2025-10-08,CUST00233,PROD0062,4,0.15,164.41,558.99,417.11,141.88,UPI,Delivered,5.0,Accessories Product 62,Fashion,Accessories,167.56,Customer 233,West,Pune,2023-11-09,2025,10,Oct
ORD003098,2025-10-02,CUST00036,PROD0041,1,0.15,384.17,326.54,256.39,70.15,Net Banking,Delivered,1.0,Accessories Product 41,Electronics,Accessories,390.82,Customer 36,North,Chandigarh,2024-11-15,2025,10,Oct
ORD003099,2025-09-18,CUST00413,PROD0012,1,0.0,332.57,332.57,246.08,86.49,Net Banking,Delivered,4.0,Audio Product 12,Electronics,Audio,304.0,Customer 413,Central,Indore,2024-03-14,2025,9,Sep
ORD003100,2025-11-27,CUST01486,PROD0093,1,0.05,385.29,366.03,281.78,84.25,UPI,Delivered,3.0,Appliances Product 93,Home & Kitchen,Appliances,373.4,Customer 1486,East,Bhubaneswar,2024-02-21,2025,11,Nov
ORD003101,2025-07-26,CUST01028,PROD0089,1,0.0,513.8,513.8,348.87,164.93,Credit Card,Delivered,3.0,Kitchen Product 89,Home & Kitchen,Kitchen,468.17,Customer 1028,West,Pune,2024-07-03,2025,7,Jul
ORD003102,2025-11-24,CUST00044,PROD0115,1,0.25,362.66,272.0,190.42,81.58,UPI,Returned,5.0,Smartphones Product 115,Electronics,Smartphones,361.73,Customer 44,South,Kochi,2025-02-07,2025,11,Nov
ORD003103,2025-07-30,CUST00568,PROD0100,4,0.1,104.03,374.51,221.44,153.07,UPI,Delivered,1.0,Men Product 100,Fashion,Men,105.21,Customer 568,Central,Indore,2024-01-04,2025,7,Jul
ORD003104,2025-08-03,CUST01279,PROD0117,1,0.15,278.55,236.77,153.27,83.5,Net Banking,Delivered,7.0,Furniture Product 117,Home & Kitchen,Furniture,272.76,Customer 1279,West,Surat,2024-10-03,2025,8,Aug
ORD003105,2025-02-09,CUST00740,PROD0054,1,0.15,89.4,75.99,50.79,25.2,COD,Delivered,5.0,Makeup Product 54,Beauty,Makeup,95.89,Customer 740,West,Mumbai,2023-06-24,2025,2,Feb
ORD003106,2025-01-26,CUST00114,PROD0089,1,0.2,445.15,356.12,260.01,96.11,COD,Delivered,3.0,Kitchen Product 89,Home & Kitchen,Kitchen,468.17,Customer 114,Central,Bhopal,2023-07-08,2025,1,Jan
ORD003107,2025-01-27,CUST00397,PROD0093,1,0.2,359.92,287.94,199.08,88.86,UPI,Delivered,8.0,Appliances Product 93,Home & Kitchen,Appliances,373.4,Customer 397,West,Mumbai,2024-11-19,2025,1,Jan
ORD003108,2025-07-09,CUST01198,PROD0011,2,0.0,179.34,358.68,260.36,98.32,COD,Delivered,2.0,Skincare Product 11,Beauty,Skincare,165.54,Customer 1198,East,Kolkata,2023-03-14,2025,7,Jul
ORD003109,2025-03-24,CUST01279,PROD0060,1,0.25,130.39,97.79,73.46,24.33,Net Banking,Delivered,3.0,Outdoor Product 60,Sports,Outdoor,122.23,Customer 1279,West,Surat,2024-10-03,2025,3,Mar
ORD003110,2025-06-19,CUST00466,PROD0068,3,0.2,94.01,225.62,133.17,92.45,Net Banking,Returned,6.0,Kitchen Product 68,Home & Kitchen,Kitchen,98.06,Customer 466,North,Delhi,2024-03-24,2025,6,Jun
ORD003111,2025-06-16,CUST01301,PROD0078,1,0.05,106.01,100.71,64.65,36.06,COD,Returned,8.0,Fitness Product 78,Sports,Fitness,108.69,Customer 1301,East,Bhubaneswar,2025-01-04,2025,6,Jun
ORD003112,2025-07-07,CUST01488,PROD0046,2,0.15,132.65,225.5,140.04,85.46,Credit Card,Delivered,2.0,Accessories Product 46,Electronics,Accessories,119.63,Customer 1488,North,Lucknow,2023-11-04,2025,7,Jul
ORD003113,2025-06-18,CUST00847,PROD0038,1,0.15,677.9,576.21,360.13,216.08,UPI,Delivered,5.0,Laptops Product 38,Electronics,Laptops,723.36,Customer 847,South,Hyderabad,2024-06-15,2025,6,Jun
ORD003114,2025-10-16,CUST00502,PROD0061,4,0.15,89.87,305.56,214.12,91.44,UPI,Cancelled,,Outdoor Product 61,Sports,Outdoor,87.3,Customer 502,North,Lucknow,2024-01-14,2025,10,Oct
ORD003115,2025-08-17,CUST00441,PROD0017,1,0.0,15.52,15.52,11.76,3.76,UPI,Delivered,5.0,Equipment Product 17,Sports,Equipment,15.15,Customer 441,Central,Kanpur,2025-01-14,2025,8,Aug
ORD003116,2025-04-07,CUST00069,PROD0066,1,0.1,39.14,35.23,22.74,12.49,Debit Card,Delivered,2.0,Self Help Product 66,Books,Self Help,36.75,Customer 69,Central,Nagpur,2024-10-22,2025,4,Apr
ORD003117,2025-01-16,CUST00326,PROD0072,4,0.0,15.57,62.28,48.45,13.83,UPI,Delivered,3.0,Technology Product 72,Books,Technology,16.01,Customer 326,Central,Bhopal,2023-04-23,2025,1,Jan
ORD003118,2025-10-06,CUST00067,PROD0036,2,0.15,415.74,706.76,561.3,145.46,Credit Card,Delivered,1.0,Furniture Product 36,Home & Kitchen,Furniture,375.57,Customer 67,South,Hyderabad,2024-10-12,2025,10,Oct
ORD003119,2025-05-15,CUST00304,PROD0074,1,0.25,215.72,161.79,107.45,54.34,UPI,Delivered,3.0,Women Product 74,Fashion,Women,215.26,Customer 304,South,Chennai,2024-03-27,2025,5,May
ORD003120,2025-01-26,CUST00972,PROD0007,4,0.1,14.97,53.89,40.07,13.82,COD,Cancelled,,Haircare Product 7,Beauty,Haircare,15.32,Customer 972,Central,Kanpur,2023-06-05,2025,1,Jan
ORD003121,2025-12-18,CUST00484,PROD0100,3,0.1,103.88,280.48,170.56,109.92,UPI,Delivered,3.0,Men Product 100,Fashion,Men,105.21,Customer 484,North,Chandigarh,2023-06-25,2025,12,Dec
ORD003122,2025-01-12,CUST00929,PROD0016,4,0.15,201.77,686.02,520.39,165.63,Credit Card,Delivered,4.0,Women Product 16,Fashion,Women,203.86,Customer 929,West,Ahmedabad,2024-03-20,2025,1,Jan
ORD003123,2025-03-13,CUST01441,PROD0014,2,0.05,123.17,234.02,145.0,89.02,Credit Card,Delivered,4.0,Accessories Product 14,Electronics,Accessories,128.33,Customer 1441,South,Chennai,2025-02-14,2025,3,Mar
ORD003124,2025-05-13,CUST01183,PROD0080,1,0.1,43.44,39.1,29.13,9.97,UPI,Delivered,3.0,Skincare Product 80,Beauty,Skincare,39.29,Customer 1183,South,Chennai,2023-12-06,2025,5,May
ORD003125,2025-04-16,CUST00149,PROD0025,2,0.15,267.3,454.41,309.57,144.84,Debit Card,Delivered,3.0,Kitchen Product 25,Home & Kitchen,Kitchen,279.9,Customer 149,North,Chandigarh,2024-05-29,2025,4,Apr
ORD003126,2025-08-08,CUST01051,PROD0105,2,0.0,189.75,379.5,304.67,74.83,Credit Card,Delivered,1.0,Fragrance Product 105,Beauty,Fragrance,173.04,Customer 1051,South,Bengaluru,2024-11-29,2025,8,Aug
ORD003127,2025-06-26,CUST00987,PROD0004,1,0.0,10.89,10.89,7.53,3.36,Credit Card,Delivered,3.0,Technology Product 4,Books,Technology,10.88,Customer 987,Central,Bhopal,2023-12-06,2025,6,Jun
ORD003128,2025-10-09,CUST00584,PROD0029,3,0.15,54.87,139.92,82.19,57.73,Net Banking,Delivered,3.0,Women Product 29,Fashion,Women,56.34,Customer 584,East,Kolkata,2025-01-11,2025,10,Oct
ORD003129,2025-05-13,CUST00248,PROD0056,1,0.05,80.52,76.49,53.19,23.3,UPI,Delivered,1.0,Women Product 56,Fashion,Women,83.9,Customer 248,East,Ranchi,2024-07-28,2025,5,May
ORD003130,2025-01-22,CUST01125,PROD0006,2,0.2,80.22,128.35,98.95,29.4,Net Banking,Delivered,4.0,Decor Product 6,Home & Kitchen,Decor,78.58,Customer 1125,South,Bengaluru,2024-02-29,2025,1,Jan
ORD003131,2025-09-26,CUST00702,PROD0001,1,0.05,415.48,394.71,290.23,104.48,Net Banking,Delivered,5.0,Kitchen Product 1,Home & Kitchen,Kitchen,394.25,Customer 702,Central,Indore,2024-04-29,2025,9,Sep
ORD003132,2025-06-10,CUST00096,PROD0039,2,0.0,185.96,371.92,301.97,69.95,Net Banking,Delivered,3.0,Smartphones Product 39,Electronics,Smartphones,169.11,Customer 96,South,Bengaluru,2024-01-03,2025,6,Jun
ORD003133,2025-04-17,CUST01408,PROD0001,1,0.1,414.16,372.74,291.63,81.11,UPI,Delivered,4.0,Kitchen Product 1,Home & Kitchen,Kitchen,394.25,Customer 1408,South,Kochi,2025-04-16,2025,4,Apr
ORD003134,2025-10-06,CUST00282,PROD0115,1,0.1,367.78,331.0,233.81,97.19,UPI,Delivered,4.0,Smartphones Product 115,Electronics,Smartphones,361.73,Customer 282,North,Jaipur,2025-06-20,2025,10,Oct
ORD003135,2025-12-19,CUST00322,PROD0104,4,0.1,63.82,229.75,144.64,85.11,Credit Card,Delivered,5.0,Footwear Product 104,Fashion,Footwear,68.87,Customer 322,East,Kolkata,2024-05-14,2025,12,Dec
ORD003136,2025-08-23,CUST01420,PROD0063,1,0.1,301.83,271.65,157.8,113.85,UPI,Delivered,4.0,Kitchen Product 63,Home & Kitchen,Kitchen,273.62,Customer 1420,East,Patna,2024-02-10,2025,8,Aug
ORD003137,2025-01-18,CUST01302,PROD0057,1,0.1,34.03,30.63,24.97,5.66,UPI,Cancelled,,Fitness Product 57,Sports,Fitness,30.92,Customer 1302,South,Kochi,2024-05-04,2025,1,Jan
ORD003138,2025-08-30,CUST00529,PROD0067,1,0.1,192.15,172.94,139.25,33.69,UPI,Delivered,5.0,Furniture Product 67,Home & Kitchen,Furniture,192.97,Customer 529,West,Ahmedabad,2023-07-22,2025,8,Aug
ORD003139,2025-04-27,CUST00263,PROD0065,1,0.0,165.52,165.52,106.89,58.63,Credit Card,Delivered,1.0,Women Product 65,Fashion,Women,178.78,Customer 263,Central,Indore,2023-05-08,2025,4,Apr
ORD003140,2025-10-13,CUST00580,PROD0065,3,0.05,190.7,543.49,398.47,145.02,UPI,Delivered,3.0,Women Product 65,Fashion,Women,178.78,Customer 580,West,Ahmedabad,2024-07-23,2025,10,Oct
ORD003141,2025-10-09,CUST01317,PROD0103,1,0.0,42.26,42.26,31.91,10.35,COD,Delivered,4.0,Women Product 103,Fashion,Women,39.19,Customer 1317,South,Kochi,2023-04-16,2025,10,Oct
ORD003142,2025-05-24,CUST00294,PROD0021,4,0.0,13.38,53.52,38.47,15.05,Debit Card,Delivered,5.0,Technology Product 21,Books,Technology,13.01,Customer 294,East,Ranchi,2024-04-27,2025,5,May
ORD003143,2025-07-24,CUST00395,PROD0109,2,0.0,45.72,91.44,71.53,19.91,UPI,Delivered,1.0,Fiction Product 109,Books,Fiction,45.69,Customer 395,East,Patna,2024-02-29,2025,7,Jul
ORD003144,2025-02-08,CUST00513,PROD0030,2,0.0,365.93,731.86,438.15,293.71,Net Banking,Delivered,2.0,Decor Product 30,Home & Kitchen,Decor,335.65,Customer 513,South,Kochi,2024-11-10,2025,2,Feb
ORD003145,2025-06-03,CUST00921,PROD0096,2,0.25,201.48,302.22,240.31,61.91,COD,Delivered,3.0,Footwear Product 96,Fashion,Footwear,210.2,Customer 921,Central,Nagpur,2025-03-14,2025,6,Jun
ORD003146,2025-06-25,CUST00810,PROD0033,1,0.05,42.6,40.47,27.28,13.19,UPI,Delivered,3.0,Business Product 33,Books,Business,42.27,Customer 810,Central,Kanpur,2024-12-18,2025,6,Jun
ORD003147,2025-08-29,CUST01204,PROD0048,1,0.0,101.35,101.35,70.48,30.87,UPI,Delivered,5.0,Fragrance Product 48,Beauty,Fragrance,109.58,Customer 1204,East,Ranchi,2025-01-20,2025,8,Aug
ORD003148,2025-05-14,CUST00920,PROD0022,2,0.15,187.26,318.34,218.62,99.72,UPI,Delivered,7.0,Kitchen Product 22,Home & Kitchen,Kitchen,196.54,Customer 920,East,Ranchi,2025-05-07,2025,5,May
ORD003149,2025-02-15,CUST00693,PROD0094,1,0.05,30.12,28.61,20.24,8.37,Net Banking,Delivered,1.0,Footwear Product 94,Fashion,Footwear,27.18,Customer 693,South,Chennai,2024-01-07,2025,2,Feb
ORD003150,2025-02-19,CUST00235,PROD0054,1,0.05,99.31,94.34,68.26,26.08,UPI,Delivered,1.0,Makeup Product 54,Beauty,Makeup,95.89,Customer 235,East,Bhubaneswar,2024-02-22,2025,2,Feb
ORD003151,2025-06-15,CUST00952,PROD0110,1,0.05,438.25,416.34,312.46,103.88,Debit Card,Delivered,6.0,Kitchen Product 110,Home & Kitchen,Kitchen,405.37,Customer 952,Central,Bhopal,2023-06-27,2025,6,Jun
ORD003152,2025-04-16,CUST01361,PROD0004,1,0.05,11.07,10.52,7.43,3.09,Debit Card,Delivered,2.0,Technology Product 4,Books,Technology,10.88,Customer 1361,South,Chennai,2025-05-07,2025,4,Apr
ORD003153,2025-08-04,CUST01032,PROD0087,1,0.05,197.28,187.42,139.51,47.91,Debit Card,Delivered,3.0,Equipment Product 87,Sports,Equipment,181.5,Customer 1032,West,Mumbai,2024-10-13,2025,8,Aug
ORD003154,2025-05-26,CUST01467,PROD0055,1,0.05,295.68,280.9,185.73,95.17,Credit Card,Delivered,3.0,Fitness Product 55,Sports,Fitness,287.69,Customer 1467,North,Lucknow,2025-02-19,2025,5,May
ORD003155,2025-03-13,CUST00539,PROD0044,4,0.2,21.51,68.83,55.39,13.44,UPI,Delivered,3.0,Business Product 44,Books,Business,23.36,Customer 539,South,Hyderabad,2024-05-17,2025,3,Mar
ORD003156,2025-11-26,CUST00820,PROD0089,2,0.0,514.96,1029.92,613.3,416.62,UPI,Delivered,3.0,Kitchen Product 89,Home & Kitchen,Kitchen,468.17,Customer 820,North,Lucknow,2023-02-26,2025,11,Nov
ORD003157,2025-09-30,CUST01115,PROD0012,2,0.0,288.71,577.42,410.51,166.91,UPI,Delivered,3.0,Audio Product 12,Electronics,Audio,304.0,Customer 1115,West,Mumbai,2023-06-04,2025,9,Sep
ORD003158,2025-09-04,CUST00272,PROD0081,4,0.1,339.08,1220.69,733.6,487.09,Credit Card,Delivered,4.0,Accessories Product 81,Electronics,Accessories,335.69,Customer 272,East,Patna,2025-04-05,2025,9,Sep
ORD003159,2025-07-05,CUST01029,PROD0117,2,0.05,276.94,526.19,361.11,165.08,Net Banking,Delivered,4.0,Furniture Product 117,Home & Kitchen,Furniture,272.76,Customer 1029,North,Jaipur,2024-11-18,2025,7,Jul
ORD003160,2025-03-11,CUST01243,PROD0079,2,0.05,223.87,425.35,273.0,152.35,Net Banking,Delivered,4.0,Appliances Product 79,Home & Kitchen,Appliances,240.86,Customer 1243,East,Kolkata,2024-09-29,2025,3,Mar
ORD003161,2025-05-30,CUST01142,PROD0074,3,0.15,200.32,510.82,411.14,99.68,UPI,Delivered,5.0,Women Product 74,Fashion,Women,215.26,Customer 1142,West,Ahmedabad,2024-12-21,2025,5,May
ORD003162,2025-09-03,CUST00593,PROD0099,4,0.2,206.86,661.95,386.01,275.94,UPI,Returned,5.0,Fitness Product 99,Sports,Fitness,192.87,Customer 593,West,Mumbai,2024-06-13,2025,9,Sep
ORD003163,2025-09-19,CUST00976,PROD0119,1,0.15,506.28,430.34,290.0,140.34,Net Banking,Delivered,2.0,Smartphones Product 119,Electronics,Smartphones,516.56,Customer 976,North,Chandigarh,2025-05-17,2025,9,Sep
ORD003164,2025-01-26,CUST00115,PROD0116,3,0.0,51.58,154.74,118.79,35.95,COD,Delivered,4.0,Men Product 116,Fashion,Men,51.48,Customer 115,North,Jaipur,2023-06-13,2025,1,Jan
ORD003165,2025-05-20,CUST00263,PROD0052,4,0.25,59.92,179.76,112.39,67.37,UPI,Delivered,5.0,Self Help Product 52,Books,Self Help,58.02,Customer 263,Central,Indore,2023-05-08,2025,5,May
ORD003166,2025-04-09,CUST01330,PROD0093,2,0.05,371.41,705.68,547.43,158.25,Debit Card,Delivered,6.0,Appliances Product 93,Home & Kitchen,Appliances,373.4,Customer 1330,South,Chennai,2023-03-23,2025,4,Apr
ORD003167,2025-10-05,CUST01446,PROD0076,1,0.0,115.22,115.22,90.6,24.62,UPI,Delivered,2.0,Women Product 76,Fashion,Women,107.18,Customer 1446,North,Lucknow,2025-02-19,2025,10,Oct
ORD003168,2025-02-20,CUST00207,PROD0065,1,0.1,196.1,176.49,132.35,44.14,UPI,Delivered,3.0,Women Product 65,Fashion,Women,178.78,Customer 207,Central,Kanpur,2024-09-26,2025,2,Feb
ORD003169,2025-05-31,CUST00303,PROD0065,1,0.15,166.61,141.62,89.25,52.37,Debit Card,Delivered,4.0,Women Product 65,Fashion,Women,178.78,Customer 303,East,Bhubaneswar,2023-04-05,2025,5,May
ORD003170,2025-04-14,CUST00112,PROD0010,2,0.0,930.5,1861.0,1200.88,660.12,Net Banking,Delivered,4.0,Smartphones Product 10,Electronics,Smartphones,888.66,Customer 112,South,Bengaluru,2023-10-10,2025,4,Apr
ORD003171,2025-03-30,CUST01441,PROD0018,1,0.1,216.73,195.06,120.95,74.11,UPI,Delivered,3.0,Furniture Product 18,Home & Kitchen,Furniture,220.36,Customer 1441,South,Chennai,2025-02-14,2025,3,Mar
ORD003172,2025-05-21,CUST01309,PROD0047,4,0.2,19.28,61.7,38.51,23.19,Debit Card,Delivered,3.0,Men Product 47,Fashion,Men,18.6,Customer 1309,North,Chandigarh,2025-02-15,2025,5,May
ORD003173,2025-08-01,CUST00185,PROD0066,1,0.05,37.37,35.5,20.9,14.6,Debit Card,Delivered,4.0,Self Help Product 66,Books,Self Help,36.75,Customer 185,West,Surat,2025-01-22,2025,8,Aug
ORD003174,2025-08-21,CUST00901,PROD0049,3,0.1,403.95,1090.66,856.99,233.67,Credit Card,Delivered,3.0,Decor Product 49,Home & Kitchen,Decor,409.38,Customer 901,South,Hyderabad,2024-04-29,2025,8,Aug
ORD003175,2025-07-02,CUST00221,PROD0072,2,0.05,15.03,28.56,20.19,8.37,Credit Card,Delivered,1.0,Technology Product 72,Books,Technology,16.01,Customer 221,East,Ranchi,2023-04-14,2025,7,Jul
ORD003176,2025-09-08,CUST01468,PROD0022,3,0.05,202.81,578.01,380.71,197.3,UPI,Delivered,6.0,Kitchen Product 22,Home & Kitchen,Kitchen,196.54,Customer 1468,North,Lucknow,2023-06-20,2025,9,Sep
ORD003177,2025-01-09,CUST01141,PROD0086,2,0.05,340.59,647.12,420.3,226.82,UPI,Cancelled,,Audio Product 86,Electronics,Audio,361.35,Customer 1141,Central,Indore,2025-01-23,2025,1,Jan
ORD003178,2025-03-20,CUST01094,PROD0026,3,0.1,214.83,580.04,412.25,167.79,Credit Card,Delivered,2.0,Men Product 26,Fashion,Men,225.85,Customer 1094,Central,Nagpur,2024-11-25,2025,3,Mar
ORD003179,2025-02-21,CUST00898,PROD0090,1,0.05,183.64,174.46,114.87,59.59,Credit Card,Delivered,5.0,Outdoor Product 90,Sports,Outdoor,164.49,Customer 898,East,Kolkata,2024-05-14,2025,2,Feb
ORD003180,2025-09-26,CUST01094,PROD0009,2,0.15,296.61,504.24,396.98,107.26,UPI,Delivered,3.0,Furniture Product 9,Home & Kitchen,Furniture,301.64,Customer 1094,Central,Nagpur,2024-11-25,2025,9,Sep
ORD003181,2025-08-14,CUST00622,PROD0021,2,0.25,13.49,20.24,12.76,7.48,Credit Card,Delivered,3.0,Technology Product 21,Books,Technology,13.01,Customer 622,North,Delhi,2024-12-14,2025,8,Aug
ORD003182,2025-02-20,CUST00427,PROD0095,3,0.2,36.39,87.34,69.15,18.19,Debit Card,Delivered,4.0,Business Product 95,Books,Business,37.34,Customer 427,Central,Nagpur,2025-04-13,2025,2,Feb
ORD003183,2025-07-05,CUST00644,PROD0116,1,0.0,56.27,56.27,41.61,14.66,Credit Card,Delivered,1.0,Men Product 116,Fashion,Men,51.48,Customer 644,East,Patna,2023-11-15,2025,7,Jul
ORD003184,2025-02-03,CUST00568,PROD0063,1,0.0,267.24,267.24,216.36,50.88,Credit Card,Delivered,2.0,Kitchen Product 63,Home & Kitchen,Kitchen,273.62,Customer 568,Central,Indore,2024-01-04,2025,2,Feb
ORD003185,2025-10-18,CUST00443,PROD0107,4,0.05,199.31,757.38,442.03,315.35,Debit Card,Delivered,1.0,Equipment Product 107,Sports,Equipment,200.64,Customer 443,North,Lucknow,2023-04-10,2025,10,Oct
ORD003186,2025-08-18,CUST00601,PROD0006,1,0.15,81.86,69.58,41.34,28.24,UPI,Delivered,3.0,Decor Product 6,Home & Kitchen,Decor,78.58,Customer 601,Central,Nagpur,2023-07-24,2025,8,Aug
ORD003187,2025-05-11,CUST01161,PROD0120,4,0.25,14.55,43.65,30.56,13.09,Credit Card,Delivered,6.0,Self Help Product 120,Books,Self Help,13.3,Customer 1161,East,Kolkata,2023-06-05,2025,5,May
ORD003188,2025-04-30,CUST00504,PROD0014,1,0.15,139.01,118.16,94.41,23.75,UPI,Delivered,6.0,Accessories Product 14,Electronics,Accessories,128.33,Customer 504,North,Delhi,2023-09-05,2025,4,Apr
ORD003189,2025-11-22,CUST00131,PROD0033,3,0.1,41.12,111.02,83.86,27.16,Credit Card,Delivered,3.0,Business Product 33,Books,Business,42.27,Customer 131,South,Bengaluru,2023-06-30,2025,11,Nov
ORD003190,2025-09-04,CUST00218,PROD0071,3,0.0,35.52,106.56,77.72,28.84,Credit Card,Delivered,2.0,Footwear Product 71,Fashion,Footwear,32.71,Customer 218,Central,Indore,2025-06-13,2025,9,Sep
ORD003191,2025-07-11,CUST00688,PROD0024,1,0.15,298.96,254.12,149.32,104.8,UPI,Delivered,2.0,Equipment Product 24,Sports,Equipment,281.97,Customer 688,North,Lucknow,2024-11-07,2025,7,Jul
ORD003192,2025-11-19,CUST00171,PROD0073,3,0.0,10.49,31.47,20.93,10.54,UPI,Cancelled,,Business Product 73,Books,Business,9.38,Customer 171,East,Ranchi,2023-07-04,2025,11,Nov
ORD003193,2025-07-29,CUST01499,PROD0075,2,0.0,245.62,491.24,325.69,165.55,UPI,Delivered,5.0,Decor Product 75,Home & Kitchen,Decor,221.86,Customer 1499,North,Jaipur,2025-03-10,2025,7,Jul
ORD003194,2025-04-13,CUST00612,PROD0120,2,0.2,13.65,21.84,15.51,6.33,Credit Card,Delivered,5.0,Self Help Product 120,Books,Self Help,13.3,Customer 612,Central,Nagpur,2023-05-09,2025,4,Apr
ORD003195,2025-11-25,CUST00992,PROD0087,4,0.1,194.2,699.12,448.75,250.37,UPI,Delivered,1.0,Equipment Product 87,Sports,Equipment,181.5,Customer 992,South,Bengaluru,2024-06-23,2025,11,Nov
ORD003196,2025-05-13,CUST01153,PROD0112,1,0.0,228.6,228.6,147.25,81.35,UPI,Delivered,2.0,Kitchen Product 112,Home & Kitchen,Kitchen,221.08,Customer 1153,North,Delhi,2023-07-26,2025,5,May
ORD003197,2025-11-19,CUST00057,PROD0051,2,0.05,190.66,362.25,264.08,98.17,Debit Card,Cancelled,,Furniture Product 51,Home & Kitchen,Furniture,183.5,Customer 57,Central,Kanpur,2025-06-08,2025,11,Nov
ORD003198,2025-05-19,CUST01205,PROD0002,2,0.0,28.1,56.2,45.34,10.86,UPI,Delivered,5.0,Decor Product 2,Home & Kitchen,Decor,29.88,Customer 1205,South,Hyderabad,2023-08-11,2025,5,May
ORD003199,2025-05-01,CUST00246,PROD0015,4,0.1,108.13,389.27,287.45,101.82,Credit Card,Delivered,3.0,Kitchen Product 15,Home & Kitchen,Kitchen,117.47,Customer 246,West,Pune,2024-05-29,2025,5,May
ORD003200,2025-04-04,CUST00144,PROD0035,3,0.05,29.33,83.59,61.89,21.7,COD,Delivered,3.0,Footwear Product 35,Fashion,Footwear,31.55,Customer 144,West,Surat,2024-01-26,2025,4,Apr
ORD003201,2025-05-09,CUST01075,PROD0036,1,0.2,418.13,334.5,273.18,61.32,Net Banking,Delivered,7.0,Furniture Product 36,Home & Kitchen,Furniture,375.57,Customer 1075,South,Bengaluru,2023-05-18,2025,5,May
ORD003202,2025-04-01,CUST00368,PROD0116,4,0.05,48.66,184.91,114.06,70.85,UPI,Delivered,6.0,Men Product 116,Fashion,Men,51.48,Customer 368,East,Bhubaneswar,2025-04-01,2025,4,Apr
ORD003203,2025-04-02,CUST01483,PROD0118,4,0.1,121.61,437.8,257.48,180.32,Credit Card,Delivered,3.0,Kitchen Product 118,Home & Kitchen,Kitchen,130.92,Customer 1483,West,Surat,2024-04-15,2025,4,Apr
ORD003204,2025-03-04,CUST00218,PROD0092,2,0.0,56.56,113.12,85.85,27.27,Debit Card,Delivered,2.0,Haircare Product 92,Beauty,Haircare,57.6,Customer 218,Central,Indore,2025-06-13,2025,3,Mar
ORD003205,2025-01-29,CUST00616,PROD0039,1,0.05,175.47,166.7,114.24,52.46,COD,Delivered,2.0,Smartphones Product 39,Electronics,Smartphones,169.11,Customer 616,Central,Bhopal,2023-05-01,2025,1,Jan
ORD003206,2025-07-29,CUST01281,PROD0108,1,0.1,414.46,373.01,254.74,118.27,Credit Card,Delivered,2.0,Kitchen Product 108,Home & Kitchen,Kitchen,373.49,Customer 1281,South,Hyderabad,2024-01-10,2025,7,Jul
ORD003207,2025-01-12,CUST01180,PROD0004,1,0.15,11.53,9.8,6.21,3.59,Credit Card,Delivered,4.0,Technology Product 4,Books,Technology,10.88,Customer 1180,North,Jaipur,2023-10-23,2025,1,Jan
ORD003208,2025-11-29,CUST00442,PROD0064,4,0.0,484.34,1937.36,1359.34,578.02,Net Banking,Delivered,4.0,Decor Product 64,Home & Kitchen,Decor,496.62,Customer 442,East,Bhubaneswar,2024-03-18,2025,11,Nov
ORD003209,2025-10-24,CUST00841,PROD0074,2,0.1,238.47,429.25,294.52,134.73,UPI,Delivered,4.0,Women Product 74,Fashion,Women,215.26,Customer 841,Central,Indore,2024-11-15,2025,10,Oct
ORD003210,2025-05-10,CUST00956,PROD0006,1,0.15,72.86,61.93,41.05,20.88,Credit Card,Delivered,2.0,Decor Product 6,Home & Kitchen,Decor,78.58,Customer 956,North,Lucknow,2025-03-01,2025,5,May
ORD003211,2025-10-20,CUST00699,PROD0057,1,0.05,34.5,32.78,22.5,10.28,Credit Card,Delivered,5.0,Fitness Product 57,Sports,Fitness,30.92,Customer 699,South,Kochi,2024-09-07,2025,10,Oct
ORD003212,2025-06-22,CUST00876,PROD0030,2,0.0,312.73,625.46,420.38,205.08,COD,Cancelled,,Decor Product 30,Home & Kitchen,Decor,335.65,Customer 876,North,Chandigarh,2024-07-14,2025,6,Jun
ORD003213,2025-07-27,CUST00776,PROD0118,1,0.05,140.19,133.18,107.29,25.89,COD,Delivered,2.0,Kitchen Product 118,Home & Kitchen,Kitchen,130.92,Customer 776,South,Bengaluru,2025-03-31,2025,7,Jul
ORD003214,2025-01-24,CUST00762,PROD0110,2,0.1,376.61,677.9,552.67,125.23,UPI,Delivered,5.0,Kitchen Product 110,Home & Kitchen,Kitchen,405.37,Customer 762,North,Lucknow,2024-10-01,2025,1,Jan
ORD003215,2025-04-09,CUST00945,PROD0099,4,0.0,213.37,853.48,667.06,186.42,UPI,Delivered,8.0,Fitness Product 99,Sports,Fitness,192.87,Customer 945,North,Chandigarh,2023-10-27,2025,4,Apr
ORD003216,2025-12-22,CUST00923,PROD0113,2,0.05,452.63,860.0,703.22,156.78,UPI,Delivered,3.0,Smartphones Product 113,Electronics,Smartphones,480.63,Customer 923,East,Ranchi,2024-04-29,2025,12,Dec
ORD003217,2025-05-19,CUST00935,PROD0107,1,0.1,186.61,167.95,108.12,59.83,UPI,Delivered,2.0,Equipment Product 107,Sports,Equipment,200.64,Customer 935,West,Pune,2024-09-07,2025,5,May
ORD003218,2025-11-10,CUST00025,PROD0074,3,0.25,236.32,531.72,415.97,115.75,Credit Card,Delivered,2.0,Women Product 74,Fashion,Women,215.26,Customer 25,East,Kolkata,2024-09-20,2025,11,Nov
ORD003219,2025-06-23,CUST00806,PROD0117,1,0.05,256.16,243.35,164.89,78.46,Credit Card,Delivered,1.0,Furniture Product 117,Home & Kitchen,Furniture,272.76,Customer 806,East,Bhubaneswar,2023-12-30,2025,6,Jun
ORD003220,2025-01-29,CUST00764,PROD0096,3,0.0,226.93,680.79,516.77,164.02,Credit Card,Returned,5.0,Footwear Product 96,Fashion,Footwear,210.2,Customer 764,North,Delhi,2023-10-09,2025,1,Jan
ORD003221,2025-05-23,CUST01084,PROD0106,3,0.1,163.36,441.07,277.14,163.93,Debit Card,Delivered,4.0,Women Product 106,Fashion,Women,152.76,Customer 1084,Central,Nagpur,2024-03-25,2025,5,May
ORD003222,2025-11-12,CUST01491,PROD0106,1,0.05,158.84,150.9,116.93,33.97,UPI,Returned,4.0,Women Product 106,Fashion,Women,152.76,Customer 1491,South,Chennai,2024-01-02,2025,11,Nov
ORD003223,2025-12-17,CUST00434,PROD0067,1,0.0,192.12,192.12,115.28,76.84,Credit Card,Delivered,5.0,Furniture Product 67,Home & Kitchen,Furniture,192.97,Customer 434,Central,Bhopal,2023-10-10,2025,12,Dec
ORD003224,2025-02-11,CUST00879,PROD0120,1,0.1,14.67,13.2,8.51,4.69,COD,Delivered,8.0,Self Help Product 120,Books,Self Help,13.3,Customer 879,West,Pune,2024-11-01,2025,2,Feb
ORD003225,2025-10-26,CUST01090,PROD0090,2,0.2,179.99,287.98,223.84,64.14,Credit Card,Delivered,3.0,Outdoor Product 90,Sports,Outdoor,164.49,Customer 1090,South,Bengaluru,2023-07-30,2025,10,Oct
ORD003226,2025-07-27,CUST00910,PROD0015,3,0.15,118.09,301.13,228.65,72.48,UPI,Delivered,4.0,Kitchen Product 15,Home & Kitchen,Kitchen,117.47,Customer 910,East,Patna,2025-06-13,2025,7,Jul
ORD003227,2025-11-26,CUST00565,PROD0017,1,0.0,14.64,14.64,10.25,4.39,UPI,Delivered,3.0,Equipment Product 17,Sports,Equipment,15.15,Customer 565,East,Kolkata,2024-09-10,2025,11,Nov
ORD003228,2025-07-11,CUST00106,PROD0091,3,0.15,37.45,95.5,70.81,24.69,UPI,Delivered,3.0,Technology Product 91,Books,Technology,38.43,Customer 106,North,Lucknow,2023-09-28,2025,7,Jul
ORD003229,2025-06-09,CUST00096,PROD0018,2,0.0,212.44,424.88,265.35,159.53,Debit Card,Delivered,5.0,Furniture Product 18,Home & Kitchen,Furniture,220.36,Customer 96,South,Bengaluru,2024-01-03,2025,6,Jun
ORD003230,2025-03-05,CUST00168,PROD0115,2,0.05,371.95,706.7,523.14,183.56,UPI,Delivered,4.0,Smartphones Product 115,Electronics,Smartphones,361.73,Customer 168,Central,Bhopal,2023-04-22,2025,3,Mar
ORD003231,2025-08-31,CUST00042,PROD0019,3,0.2,233.88,561.31,326.63,234.68,Net Banking,Delivered,2.0,Decor Product 19,Home & Kitchen,Decor,213.84,Customer 42,West,Ahmedabad,2023-11-20,2025,8,Aug
ORD003232,2025-09-15,CUST00104,PROD0076,2,0.2,115.19,184.3,143.75,40.55,Net Banking,Delivered,3.0,Women Product 76,Fashion,Women,107.18,Customer 104,West,Ahmedabad,2025-04-15,2025,9,Sep
ORD003233,2025-06-01,CUST01228,PROD0088,2,0.0,88.15,176.3,124.1,52.2,Credit Card,Delivered,5.0,Accessories Product 88,Fashion,Accessories,81.69,Customer 1228,Central,Nagpur,2023-12-30,2025,6,Jun
ORD003234,2025-08-03,CUST00520,PROD0069,1,0.0,146.02,146.02,117.77,28.25,UPI,Delivered,6.0,Women Product 69,Fashion,Women,144.62,Customer 520,East,Patna,2024-03-11,2025,8,Aug
ORD003235,2025-11-18,CUST00282,PROD0024,1,0.05,277.6,263.72,183.22,80.5,Credit Card,Returned,4.0,Equipment Product 24,Sports,Equipment,281.97,Customer 282,North,Jaipur,2025-06-20,2025,11,Nov
ORD003236,2025-06-15,CUST01067,PROD0091,2,0.1,41.18,74.12,50.69,23.43,Net Banking,Delivered,3.0,Technology Product 91,Books,Technology,38.43,Customer 1067,North,Jaipur,2023-08-23,2025,6,Jun
ORD003237,2025-01-31,CUST00947,PROD0048,1,0.2,118.2,94.56,65.06,29.5,UPI,Delivered,2.0,Fragrance Product 48,Beauty,Fragrance,109.58,Customer 947,West,Pune,2023-07-26,2025,1,Jan
ORD003238,2025-08-20,CUST01134,PROD0030,3,0.0,355.48,1066.44,710.61,355.83,COD,Delivered,3.0,Decor Product 30,Home & Kitchen,Decor,335.65,Customer 1134,West,Mumbai,2025-04-18,2025,8,Aug
ORD003239,2025-10-09,CUST01234,PROD0015,2,0.05,108.83,206.78,128.2,78.58,Debit Card,Delivered,4.0,Kitchen Product 15,Home & Kitchen,Kitchen,117.47,Customer 1234,North,Chandigarh,2023-12-24,2025,10,Oct
ORD003240,2025-01-29,CUST00749,PROD0047,2,0.05,19.31,36.69,28.7,7.99,Credit Card,Delivered,1.0,Men Product 47,Fashion,Men,18.6,Customer 749,East,Ranchi,2024-05-13,2025,1,Jan
ORD003241,2025-07-14,CUST00831,PROD0102,1,0.0,51.69,51.69,34.81,16.88,Credit Card,Delivered,3.0,Makeup Product 102,Beauty,Makeup,52.24,Customer 831,Central,Indore,2024-12-16,2025,7,Jul
ORD003242,2025-11-30,CUST00049,PROD0044,3,0.15,22.41,57.15,40.4,16.75,Credit Card,Delivered,4.0,Business Product 44,Books,Business,23.36,Customer 49,East,Ranchi,2024-09-19,2025,11,Nov
ORD003243,2025-09-13,CUST00115,PROD0098,1,0.15,130.33,110.78,64.78,46.0,Credit Card,Delivered,4.0,Fragrance Product 98,Beauty,Fragrance,123.08,Customer 115,North,Jaipur,2023-06-13,2025,9,Sep
ORD003244,2025-10-08,CUST01179,PROD0027,2,0.0,419.71,839.42,499.0,340.42,Credit Card,Delivered,4.0,Decor Product 27,Home & Kitchen,Decor,431.04,Customer 1179,West,Surat,2023-01-29,2025,10,Oct
ORD003245,2025-10-31,CUST00503,PROD0084,1,0.0,26.08,26.08,18.86,7.22,UPI,Cancelled,,Fiction Product 84,Books,Fiction,23.65,Customer 503,North,Jaipur,2023-03-14,2025,10,Oct
ORD003246,2025-11-17,CUST00986,PROD0064,3,0.0,486.5,1459.5,1154.49,305.01,UPI,Delivered,4.0,Decor Product 64,Home & Kitchen,Decor,496.62,Customer 986,West,Ahmedabad,2025-04-17,2025,11,Nov
ORD003247,2025-11-19,CUST00071,PROD0041,3,0.1,402.95,1087.96,759.85,328.11,UPI,Delivered,3.0,Accessories Product 41,Electronics,Accessories,390.82,Customer 71,Central,Nagpur,2024-08-10,2025,11,Nov
ORD003248,2025-12-12,CUST01012,PROD0096,4,0.0,228.18,912.72,565.52,347.2,Credit Card,Delivered,5.0,Footwear Product 96,Fashion,Footwear,210.2,Customer 1012,North,Jaipur,2023-02-25,2025,12,Dec
ORD003249,2025-10-21,CUST01360,PROD0068,1,0.1,98.1,88.29,53.67,34.62,UPI,Delivered,3.0,Kitchen Product 68,Home & Kitchen,Kitchen,98.06,Customer 1360,Central,Kanpur,2023-07-07,2025,10,Oct
ORD003250,2025-03-28,CUST00067,PROD0005,2,0.05,256.69,487.71,388.19,99.52,Debit Card,Delivered,2.0,Men Product 5,Fashion,Men,236.42,Customer 67,South,Hyderabad,2024-10-12,2025,3,Mar
ORD003251,2025-05-29,CUST00967,PROD0053,1,0.0,24.27,24.27,18.16,6.11,UPI,Delivered,4.0,Self Help Product 53,Books,Self Help,22.79,Customer 967,North,Jaipur,2024-11-08,2025,5,May
ORD003252,2025-09-06,CUST01237,PROD0008,1,0.15,510.68,434.08,352.42,81.66,UPI,Delivered,3.0,Decor Product 8,Home & Kitchen,Decor,462.5,Customer 1237,Central,Kanpur,2024-07-17,2025,9,Sep
ORD003253,2025-11-17,CUST00181,PROD0022,1,0.0,193.62,193.62,116.13,77.49,UPI,Delivered,3.0,Kitchen Product 22,Home & Kitchen,Kitchen,196.54,Customer 181,East,Bhubaneswar,2023-01-22,2025,11,Nov
ORD003254,2025-10-10,CUST00613,PROD0106,4,0.15,143.75,488.75,389.35,99.4,UPI,Delivered,4.0,Women Product 106,Fashion,Women,152.76,Customer 613,Central,Indore,2025-04-02,2025,10,Oct
ORD003255,2025-12-28,CUST00697,PROD0007,4,0.1,15.41,55.48,43.44,12.04,UPI,Delivered,8.0,Haircare Product 7,Beauty,Haircare,15.32,Customer 697,West,Mumbai,2024-02-05,2025,12,Dec
ORD003256,2025-07-17,CUST00603,PROD0022,1,0.15,211.71,179.95,142.95,37.0,Net Banking,Delivered,4.0,Kitchen Product 22,Home & Kitchen,Kitchen,196.54,Customer 603,Central,Nagpur,2023-08-02,2025,7,Jul
ORD003257,2025-02-13,CUST00248,PROD0046,4,0.0,120.84,483.36,281.02,202.34,Debit Card,Delivered,3.0,Accessories Product 46,Electronics,Accessories,119.63,Customer 248,East,Ranchi,2024-07-28,2025,2,Feb
ORD003258,2025-12-22,CUST01238,PROD0030,1,0.15,326.39,277.43,210.31,67.12,COD,Delivered,2.0,Decor Product 30,Home & Kitchen,Decor,335.65,Customer 1238,South,Kochi,2025-02-21,2025,12,Dec
ORD003259,2025-01-28,CUST00359,PROD0101,3,0.0,298.84,896.52,638.09,258.43,UPI,Delivered,3.0,Laptops Product 101,Electronics,Laptops,322.89,Customer 359,South,Kochi,2023-03-25,2025,1,Jan
ORD003260,2025-01-17,CUST00249,PROD0016,3,0.25,200.31,450.7,323.41,127.29,Net Banking,Delivered,1.0,Women Product 16,Fashion,Women,203.86,Customer 249,West,Mumbai,2024-07-14,2025,1,Jan
ORD003261,2025-05-07,CUST00638,PROD0079,1,0.15,255.96,217.57,150.69,66.88,Debit Card,Delivered,3.0,Appliances Product 79,Home & Kitchen,Appliances,240.86,Customer 638,South,Bengaluru,2023-11-08,2025,5,May
ORD003262,2025-06-17,CUST00950,PROD0005,1,0.05,224.49,213.27,161.71,51.56,Debit Card,Delivered,4.0,Men Product 5,Fashion,Men,236.42,Customer 950,West,Mumbai,2024-12-30,2025,6,Jun
ORD003263,2025-09-01,CUST01112,PROD0067,1,0.05,190.69,181.16,148.54,32.62,UPI,Delivered,4.0,Furniture Product 67,Home & Kitchen,Furniture,192.97,Customer 1112,South,Bengaluru,2023-10-15,2025,9,Sep
ORD003264,2025-03-17,CUST00663,PROD0023,4,0.2,71.86,229.95,172.58,57.37,UPI,Delivered,6.0,Equipment Product 23,Sports,Equipment,77.77,Customer 663,West,Ahmedabad,2023-04-07,2025,3,Mar
ORD003265,2025-08-19,CUST00176,PROD0061,2,0.2,92.92,148.67,110.42,38.25,Net Banking,Delivered,3.0,Outdoor Product 61,Sports,Outdoor,87.3,Customer 176,East,Patna,2025-06-04,2025,8,Aug
ORD003266,2025-07-23,CUST00723,PROD0074,3,0.2,235.95,566.28,417.39,148.89,Debit Card,Returned,3.0,Women Product 74,Fashion,Women,215.26,Customer 723,Central,Kanpur,2023-01-11,2025,7,Jul
ORD003267,2025-09-05,CUST00426,PROD0005,2,0.15,244.39,415.46,310.29,105.17,Debit Card,Delivered,3.0,Men Product 5,Fashion,Men,236.42,Customer 426,West,Mumbai,2024-01-02,2025,9,Sep
ORD003268,2025-10-29,CUST00771,PROD0023,4,0.15,71.95,244.63,161.97,82.66,UPI,Delivered,5.0,Equipment Product 23,Sports,Equipment,77.77,Customer 771,South,Kochi,2024-03-26,2025,10,Oct
ORD003269,2025-08-02,CUST00703,PROD0079,1,0.1,232.07,208.86,137.19,71.67,UPI,Cancelled,,Appliances Product 79,Home & Kitchen,Appliances,240.86,Customer 703,North,Jaipur,2024-10-07,2025,8,Aug
ORD003270,2025-08-03,CUST00081,PROD0082,1,0.0,637.05,637.05,489.41,147.64,COD,Delivered,7.0,Laptops Product 82,Electronics,Laptops,632.19,Customer 81,East,Patna,2024-07-05,2025,8,Aug
ORD003271,2025-06-07,CUST00927,PROD0025,3,0.0,290.4,871.2,516.4,354.8,Credit Card,Delivered,8.0,Kitchen Product 25,Home & Kitchen,Kitchen,279.9,Customer 927,East,Kolkata,2025-04-23,2025,6,Jun
ORD003272,2025-03-10,CUST00138,PROD0008,1,0.1,471.41,424.27,323.39,100.88,Net Banking,Delivered,8.0,Decor Product 8,Home & Kitchen,Decor,462.5,Customer 138,North,Delhi,2024-07-19,2025,3,Mar
ORD003273,2025-03-26,CUST01457,PROD0095,1,0.05,41.19,39.13,30.34,8.79,Credit Card,Cancelled,,Business Product 95,Books,Business,37.34,Customer 1457,North,Chandigarh,2024-05-25,2025,3,Mar
ORD003274,2025-09-24,CUST00470,PROD0021,1,0.1,14.41,12.97,9.15,3.82,Debit Card,Delivered,4.0,Technology Product 21,Books,Technology,13.01,Customer 470,North,Lucknow,2023-01-07,2025,9,Sep
ORD003275,2025-03-10,CUST00350,PROD0002,2,0.0,28.13,56.26,44.92,11.34,UPI,Delivered,2.0,Decor Product 2,Home & Kitchen,Decor,29.88,Customer 350,South,Bengaluru,2024-12-26,2025,3,Mar
ORD003276,2025-04-09,CUST01150,PROD0022,2,0.1,186.26,335.27,232.52,102.75,UPI,Delivered,5.0,Kitchen Product 22,Home & Kitchen,Kitchen,196.54,Customer 1150,East,Ranchi,2024-01-10,2025,4,Apr
ORD003277,2025-12-13,CUST01333,PROD0072,4,0.0,15.88,63.52,39.56,23.96,Credit Card,Delivered,5.0,Technology Product 72,Books,Technology,16.01,Customer 1333,East,Kolkata,2023-07-20,2025,12,Dec
ORD003278,2025-08-04,CUST01254,PROD0087,1,0.1,182.27,164.04,109.37,54.67,Credit Card,Delivered,5.0,Equipment Product 87,Sports,Equipment,181.5,Customer 1254,Central,Bhopal,2023-04-03,2025,8,Aug
ORD003279,2025-06-10,CUST01484,PROD0096,3,0.1,218.02,588.65,469.39,119.26,UPI,Delivered,3.0,Footwear Product 96,Fashion,Footwear,210.2,Customer 1484,East,Ranchi,2024-01-19,2025,6,Jun
ORD003280,2025-04-04,CUST01369,PROD0072,1,0.0,17.2,17.2,14.08,3.12,Debit Card,Delivered,6.0,Technology Product 72,Books,Technology,16.01,Customer 1369,East,Kolkata,2025-04-24,2025,4,Apr
ORD003281,2025-06-23,CUST00310,PROD0068,1,0.2,92.88,74.3,50.62,23.68,Credit Card,Delivered,4.0,Kitchen Product 68,Home & Kitchen,Kitchen,98.06,Customer 310,Central,Nagpur,2025-06-01,2025,6,Jun
ORD003282,2025-06-14,CUST01044,PROD0064,1,0.1,536.61,482.95,299.45,183.5,COD,Delivered,2.0,Decor Product 64,Home & Kitchen,Decor,496.62,Customer 1044,East,Bhubaneswar,2024-10-16,2025,6,Jun
ORD003283,2025-04-25,CUST01002,PROD0094,2,0.2,28.32,45.31,29.39,15.92,UPI,Delivered,2.0,Footwear Product 94,Fashion,Footwear,27.18,Customer 1002,South,Bengaluru,2024-11-05,2025,4,Apr
ORD003284,2025-08-08,CUST00269,PROD0019,2,0.05,238.68,453.49,323.24,130.25,UPI,Delivered,5.0,Decor Product 19,Home & Kitchen,Decor,213.84,Customer 269,South,Bengaluru,2024-02-23,2025,8,Aug
ORD003285,2025-01-31,CUST01027,PROD0087,3,0.0,190.62,571.86,410.2,161.66,COD,Delivered,3.0,Equipment Product 87,Sports,Equipment,181.5,Customer 1027,South,Hyderabad,2025-02-06,2025,1,Jan
ORD003286,2025-01-11,CUST00770,PROD0082,4,0.0,672.16,2688.64,1965.97,722.67,Debit Card,Delivered,2.0,Laptops Product 82,Electronics,Laptops,632.19,Customer 770,East,Kolkata,2023-11-01,2025,1,Jan
ORD003287,2025-12-09,CUST00016,PROD0053,1,0.0,21.86,21.86,17.06,4.8,Debit Card,Delivered,3.0,Self Help Product 53,Books,Self Help,22.79,Customer 16,East,Bhubaneswar,2024-05-13,2025,12,Dec
ORD003288,2025-05-10,CUST00606,PROD0093,1,0.0,400.95,400.95,300.99,99.96,UPI,Delivered,2.0,Appliances Product 93,Home & Kitchen,Appliances,373.4,Customer 606,South,Kochi,2024-07-26,2025,5,May
ORD003289,2025-04-15,CUST01382,PROD0087,4,0.0,169.86,679.44,436.61,242.83,COD,Delivered,6.0,Equipment Product 87,Sports,Equipment,181.5,Customer 1382,North,Delhi,2023-08-25,2025,4,Apr
ORD003290,2025-01-27,CUST00813,PROD0097,2,0.2,62.37,99.79,67.34,32.45,Debit Card,Delivered,1.0,Self Help Product 97,Books,Self Help,59.33,Customer 813,Central,Bhopal,2024-10-20,2025,1,Jan
ORD003291,2025-08-15,CUST01157,PROD0052,3,0.2,54.02,129.65,101.33,28.32,Debit Card,Delivered,3.0,Self Help Product 52,Books,Self Help,58.02,Customer 1157,East,Ranchi,2024-06-15,2025,8,Aug
ORD003292,2025-01-02,CUST01336,PROD0047,1,0.2,17.54,14.03,10.27,3.76,COD,Delivered,4.0,Men Product 47,Fashion,Men,18.6,Customer 1336,North,Delhi,2024-03-03,2025,1,Jan
ORD003293,2025-12-25,CUST00482,PROD0082,4,0.25,595.25,1785.75,1107.06,678.69,Credit Card,Delivered,6.0,Laptops Product 82,Electronics,Laptops,632.19,Customer 482,East,Ranchi,2025-03-10,2025,12,Dec
ORD003294,2025-04-11,CUST00895,PROD0054,1,0.1,89.23,80.31,52.85,27.46,Credit Card,Delivered,5.0,Makeup Product 54,Beauty,Makeup,95.89,Customer 895,North,Lucknow,2025-03-17,2025,4,Apr
ORD003295,2025-01-21,CUST01329,PROD0044,1,0.1,22.99,20.69,15.93,4.76,Credit Card,Delivered,1.0,Business Product 44,Books,Business,23.36,Customer 1329,West,Ahmedabad,2024-12-31,2025,1,Jan
ORD003296,2025-02-27,CUST00269,PROD0097,2,0.0,66.38,132.76,82.48,50.28,Debit Card,Delivered,5.0,Self Help Product 97,Books,Self Help,59.33,Customer 269,South,Bengaluru,2024-02-23,2025,2,Feb
ORD003297,2025-06-29,CUST00414,PROD0007,1,0.0,15.16,15.16,11.31,3.85,Debit Card,Delivered,4.0,Haircare Product 7,Beauty,Haircare,15.32,Customer 414,North,Chandigarh,2023-10-22,2025,6,Jun
ORD003298,2025-12-07,CUST00025,PROD0115,1,0.15,387.83,329.66,235.79,93.87,Credit Card,Delivered,2.0,Smartphones Product 115,Electronics,Smartphones,361.73,Customer 25,East,Kolkata,2024-09-20,2025,12,Dec
ORD003299,2025-12-15,CUST00316,PROD0092,2,0.2,54.52,87.23,53.68,33.55,UPI,Delivered,4.0,Haircare Product 92,Beauty,Haircare,57.6,Customer 316,North,Delhi,2024-03-26,2025,12,Dec
ORD003300,2025-01-20,CUST00571,PROD0001,1,0.15,398.55,338.77,252.5,86.27,Net Banking,Delivered,5.0,Kitchen Product 1,Home & Kitchen,Kitchen,394.25,Customer 571,North,Lucknow,2024-11-24,2025,1,Jan
ORD003301,2025-09-12,CUST00725,PROD0063,4,0.15,261.86,890.32,546.8,343.52,Debit Card,Delivered,4.0,Kitchen Product 63,Home & Kitchen,Kitchen,273.62,Customer 725,North,Delhi,2024-11-09,2025,9,Sep
ORD003302,2025-11-13,CUST01008,PROD0120,3,0.05,12.75,36.34,24.55,11.79,UPI,Delivered,8.0,Self Help Product 120,Books,Self Help,13.3,Customer 1008,South,Hyderabad,2024-11-20,2025,11,Nov
ORD003303,2025-02-07,CUST01300,PROD0103,1,0.1,36.84,33.16,21.69,11.47,Credit Card,Delivered,3.0,Women Product 103,Fashion,Women,39.19,Customer 1300,South,Chennai,2023-09-04,2025,2,Feb
ORD003304,2025-05-28,CUST00389,PROD0098,1,0.1,123.87,111.48,83.12,28.36,COD,Delivered,4.0,Fragrance Product 98,Beauty,Fragrance,123.08,Customer 389,East,Patna,2024-02-16,2025,5,May
ORD003305,2025-01-25,CUST00722,PROD0039,1,0.25,158.14,118.6,91.06,27.54,UPI,Delivered,1.0,Smartphones Product 39,Electronics,Smartphones,169.11,Customer 722,East,Kolkata,2024-06-23,2025,1,Jan
ORD003306,2025-05-01,CUST00444,PROD0019,4,0.2,235.64,754.05,467.81,286.24,UPI,Returned,5.0,Decor Product 19,Home & Kitchen,Decor,213.84,Customer 444,North,Delhi,2023-02-28,2025,5,May
ORD003307,2025-01-26,CUST00999,PROD0031,2,0.1,256.07,460.93,357.17,103.76,UPI,Delivered,4.0,Furniture Product 31,Home & Kitchen,Furniture,253.64,Customer 999,North,Lucknow,2025-06-11,2025,1,Jan
ORD003308,2025-06-18,CUST01451,PROD0077,2,0.0,150.16,300.32,174.71,125.61,UPI,Delivered,4.0,Accessories Product 77,Fashion,Accessories,138.05,Customer 1451,North,Lucknow,2024-12-01,2025,6,Jun
ORD003309,2025-11-19,CUST01081,PROD0024,3,0.05,314.65,896.75,634.19,262.56,UPI,Delivered,4.0,Equipment Product 24,Sports,Equipment,281.97,Customer 1081,West,Pune,2024-01-18,2025,11,Nov
ORD003310,2025-08-13,CUST00697,PROD0069,2,0.05,152.65,290.04,204.2,85.84,Net Banking,Delivered,4.0,Women Product 69,Fashion,Women,144.62,Customer 697,West,Mumbai,2024-02-05,2025,8,Aug
ORD003311,2025-01-01,CUST00971,PROD0087,4,0.2,199.7,639.04,466.32,172.72,UPI,Delivered,5.0,Equipment Product 87,Sports,Equipment,181.5,Customer 971,North,Jaipur,2024-11-15,2025,1,Jan
ORD003312,2025-11-03,CUST00721,PROD0083,3,0.0,39.09,117.27,74.76,42.51,Net Banking,Delivered,4.0,Business Product 83,Books,Business,41.27,Customer 721,North,Delhi,2023-08-22,2025,11,Nov
ORD003313,2025-09-18,CUST00368,PROD0065,3,0.0,194.15,582.45,339.2,243.25,UPI,Delivered,4.0,Women Product 65,Fashion,Women,178.78,Customer 368,East,Bhubaneswar,2025-04-01,2025,9,Sep
ORD003314,2025-01-13,CUST00342,PROD0033,2,0.05,41.18,78.24,53.92,24.32,COD,Delivered,2.0,Business Product 33,Books,Business,42.27,Customer 342,West,Mumbai,2025-06-06,2025,1,Jan
ORD003315,2025-02-17,CUST00304,PROD0059,1,0.2,98.68,78.94,47.14,31.8,UPI,Delivered,3.0,Haircare Product 59,Beauty,Haircare,97.27,Customer 304,South,Chennai,2024-03-27,2025,2,Feb
ORD003316,2025-11-09,CUST00764,PROD0114,2,0.1,577.13,1038.83,824.96,213.87,Credit Card,Delivered,4.0,Audio Product 114,Electronics,Audio,550.01,Customer 764,North,Delhi,2023-10-09,2025,11,Nov
ORD003317,2025-10-18,CUST01398,PROD0120,1,0.1,14.64,13.18,8.19,4.99,UPI,Delivered,4.0,Self Help Product 120,Books,Self Help,13.3,Customer 1398,North,Jaipur,2025-06-24,2025,10,Oct
ORD003318,2025-11-28,CUST00816,PROD0033,1,0.05,46.59,44.26,30.19,14.07,Credit Card,Delivered,3.0,Business Product 33,Books,Business,42.27,Customer 816,South,Kochi,2025-06-17,2025,11,Nov
ORD003319,2025-04-04,CUST00112,PROD0032,2,0.0,13.26,26.52,18.14,8.38,UPI,Delivered,2.0,Skincare Product 32,Beauty,Skincare,14.13,Customer 112,South,Bengaluru,2023-10-10,2025,4,Apr
ORD003320,2025-09-18,CUST00878,PROD0059,1,0.0,96.58,96.58,68.83,27.75,Credit Card,Delivered,2.0,Haircare Product 59,Beauty,Haircare,97.27,Customer 878,East,Ranchi,2023-12-14,2025,9,Sep
ORD003321,2025-10-05,CUST01030,PROD0092,2,0.15,62.13,105.62,81.1,24.52,UPI,Delivered,4.0,Haircare Product 92,Beauty,Haircare,57.6,Customer 1030,West,Ahmedabad,2023-01-27,2025,10,Oct
ORD003322,2025-12-25,CUST00930,PROD0101,1,0.2,342.47,273.98,189.95,84.03,Net Banking,Delivered,4.0,Laptops Product 101,Electronics,Laptops,322.89,Customer 930,South,Chennai,2023-09-26,2025,12,Dec
ORD003323,2025-07-24,CUST00703,PROD0041,2,0.1,361.61,650.9,381.55,269.35,UPI,Delivered,2.0,Accessories Product 41,Electronics,Accessories,390.82,Customer 703,North,Jaipur,2024-10-07,2025,7,Jul
ORD003324,2025-07-04,CUST00846,PROD0012,1,0.05,307.03,291.68,223.15,68.53,UPI,Delivered,3.0,Audio Product 12,Electronics,Audio,304.0,Customer 846,North,Lucknow,2023-12-01,2025,7,Jul
ORD003325,2025-06-24,CUST00944,PROD0073,1,0.15,10.19,8.66,5.19,3.47,UPI,Delivered,3.0,Business Product 73,Books,Business,9.38,Customer 944,West,Ahmedabad,2024-10-11,2025,6,Jun
ORD003326,2025-11-05,CUST00279,PROD0114,1,0.1,587.16,528.44,387.86,140.58,Credit Card,Delivered,2.0,Audio Product 114,Electronics,Audio,550.01,Customer 279,East,Patna,2024-12-28,2025,11,Nov
ORD003327,2025-03-10,CUST00382,PROD0119,3,0.0,517.78,1553.34,1200.46,352.88,UPI,Delivered,3.0,Smartphones Product 119,Electronics,Smartphones,516.56,Customer 382,East,Patna,2024-10-30,2025,3,Mar
ORD003328,2025-04-14,CUST00013,PROD0011,1,0.05,176.64,167.81,108.71,59.1,UPI,Delivered,3.0,Skincare Product 11,Beauty,Skincare,165.54,Customer 13,East,Bhubaneswar,2023-09-04,2025,4,Apr
ORD003329,2025-09-03,CUST00303,PROD0097,1,0.1,61.12,55.01,37.84,17.17,Debit Card,Delivered,2.0,Self Help Product 97,Books,Self Help,59.33,Customer 303,East,Bhubaneswar,2023-04-05,2025,9,Sep
ORD003330,2025-06-10,CUST00160,PROD0019,4,0.1,235.76,848.74,495.19,353.55,UPI,Delivered,3.0,Decor Product 19,Home & Kitchen,Decor,213.84,Customer 160,South,Hyderabad,2025-06-27,2025,6,Jun
ORD003331,2025-07-19,CUST00154,PROD0054,2,0.25,99.48,149.22,115.34,33.88,Debit Card,Delivered,3.0,Makeup Product 54,Beauty,Makeup,95.89,Customer 154,South,Bengaluru,2025-04-23,2025,7,Jul
ORD003332,2025-08-04,CUST00754,PROD0057,2,0.2,30.92,49.47,37.04,12.43,UPI,Delivered,4.0,Fitness Product 57,Sports,Fitness,30.92,Customer 754,Central,Nagpur,2023-08-27,2025,8,Aug
ORD003333,2025-07-31,CUST00181,PROD0042,4,0.0,294.2,1176.8,747.9,428.9,Credit Card,Delivered,4.0,Accessories Product 42,Electronics,Accessories,269.27,Customer 181,East,Bhubaneswar,2023-01-22,2025,7,Jul
ORD003334,2025-01-16,CUST01204,PROD0098,4,0.15,114.46,389.16,262.16,127.0,COD,Delivered,3.0,Fragrance Product 98,Beauty,Fragrance,123.08,Customer 1204,East,Ranchi,2025-01-20,2025,1,Jan
ORD003335,2025-11-28,CUST00377,PROD0071,4,0.05,35.98,136.72,102.11,34.61,UPI,Delivered,3.0,Footwear Product 71,Fashion,Footwear,32.71,Customer 377,West,Mumbai,2023-12-27,2025,11,Nov
ORD003336,2025-07-24,CUST00776,PROD0031,1,0.1,268.67,241.8,161.03,80.77,UPI,Delivered,4.0,Furniture Product 31,Home & Kitchen,Furniture,253.64,Customer 776,South,Bengaluru,2025-03-31,2025,7,Jul
ORD003337,2025-12-31,CUST01192,PROD0052,4,0.1,64.29,231.44,143.26,88.18,Net Banking,Delivered,6.0,Self Help Product 52,Books,Self Help,58.02,Customer 1192,South,Kochi,2023-06-04,2025,12,Dec
ORD003338,2025-02-08,CUST01238,PROD0002,1,0.1,28.99,26.09,18.38,7.71,Credit Card,Delivered,8.0,Decor Product 2,Home & Kitchen,Decor,29.88,Customer 1238,South,Kochi,2025-02-21,2025,2,Feb
ORD003339,2025-03-30,CUST01174,PROD0083,1,0.2,43.7,34.96,26.35,8.61,Credit Card,Delivered,5.0,Business Product 83,Books,Business,41.27,Customer 1174,East,Bhubaneswar,2025-05-25,2025,3,Mar
ORD003340,2025-09-13,CUST00016,PROD0038,2,0.15,782.6,1330.42,874.08,456.34,Credit Card,Delivered,4.0,Laptops Product 38,Electronics,Laptops,723.36,Customer 16,East,Bhubaneswar,2024-05-13,2025,9,Sep
ORD003341,2025-09-11,CUST01115,PROD0032,4,0.2,14.98,47.94,29.21,18.73,UPI,Delivered,6.0,Skincare Product 32,Beauty,Skincare,14.13,Customer 1115,West,Mumbai,2023-06-04,2025,9,Sep
ORD003342,2025-08-04,CUST01144,PROD0010,4,0.05,854.95,3248.81,2531.12,717.69,Net Banking,Delivered,2.0,Smartphones Product 10,Electronics,Smartphones,888.66,Customer 1144,South,Chennai,2024-03-05,2025,8,Aug
ORD003343,2025-10-30,CUST00253,PROD0105,2,0.05,168.73,320.59,205.39,115.2,Debit Card,Returned,4.0,Fragrance Product 105,Beauty,Fragrance,173.04,Customer 253,Central,Bhopal,2023-04-19,2025,10,Oct
ORD003344,2025-06-21,CUST01084,PROD0008,1,0.1,477.92,430.13,302.41,127.72,Debit Card,Delivered,3.0,Decor Product 8,Home & Kitchen,Decor,462.5,Customer 1084,Central,Nagpur,2024-03-25,2025,6,Jun
ORD003345,2025-05-17,CUST01290,PROD0090,2,0.25,166.03,249.04,185.76,63.28,COD,Delivered,2.0,Outdoor Product 90,Sports,Outdoor,164.49,Customer 1290,West,Surat,2024-02-28,2025,5,May
ORD003346,2025-06-27,CUST01433,PROD0094,2,0.05,29.0,55.1,36.15,18.95,Credit Card,Delivered,1.0,Footwear Product 94,Fashion,Footwear,27.18,Customer 1433,West,Pune,2023-09-30,2025,6,Jun
ORD003347,2025-03-18,CUST00031,PROD0075,1,0.0,220.91,220.91,162.52,58.39,Credit Card,Delivered,3.0,Decor Product 75,Home & Kitchen,Decor,221.86,Customer 31,East,Ranchi,2024-08-25,2025,3,Mar
ORD003348,2025-07-07,CUST01045,PROD0105,4,0.05,188.94,717.97,495.64,222.33,COD,Delivered,2.0,Fragrance Product 105,Beauty,Fragrance,173.04,Customer 1045,East,Patna,2024-02-04,2025,7,Jul
ORD003349,2025-01-15,CUST00731,PROD0020,2,0.1,96.07,172.93,123.97,48.96,UPI,Delivered,2.0,Skincare Product 20,Beauty,Skincare,95.46,Customer 731,North,Lucknow,2023-04-28,2025,1,Jan
ORD003350,2025-10-19,CUST00289,PROD0020,1,0.15,88.59,75.3,54.35,20.95,UPI,Delivered,3.0,Skincare Product 20,Beauty,Skincare,95.46,Customer 289,East,Kolkata,2023-12-02,2025,10,Oct
ORD003351,2025-11-15,CUST00498,PROD0009,1,0.15,278.56,236.78,184.17,52.61,UPI,Delivered,4.0,Furniture Product 9,Home & Kitchen,Furniture,301.64,Customer 498,South,Kochi,2024-01-02,2025,11,Nov
ORD003352,2025-11-21,CUST01498,PROD0072,1,0.25,16.8,12.6,9.29,3.31,COD,Delivered,2.0,Technology Product 72,Books,Technology,16.01,Customer 1498,Central,Indore,2023-09-22,2025,11,Nov
ORD003353,2025-08-02,CUST01429,PROD0015,1,0.15,120.77,102.65,66.05,36.6,Debit Card,Delivered,4.0,Kitchen Product 15,Home & Kitchen,Kitchen,117.47,Customer 1429,West,Surat,2023-12-03,2025,8,Aug
ORD003354,2025-07-27,CUST00548,PROD0098,4,0.05,126.59,481.04,285.88,195.16,UPI,Delivered,5.0,Fragrance Product 98,Beauty,Fragrance,123.08,Customer 548,South,Bengaluru,2024-08-11,2025,7,Jul
ORD003355,2025-06-18,CUST00961,PROD0088,4,0.1,88.06,317.02,184.02,133.0,UPI,Delivered,4.0,Accessories Product 88,Fashion,Accessories,81.69,Customer 961,Central,Kanpur,2024-01-19,2025,6,Jun
ORD003356,2025-11-26,CUST00132,PROD0097,2,0.1,59.04,106.27,84.7,21.57,UPI,Cancelled,,Self Help Product 97,Books,Self Help,59.33,Customer 132,West,Ahmedabad,2025-04-09,2025,11,Nov
ORD003357,2025-10-07,CUST01348,PROD0105,1,0.25,193.65,145.24,117.08,28.16,UPI,Delivered,1.0,Fragrance Product 105,Beauty,Fragrance,173.04,Customer 1348,North,Lucknow,2024-12-08,2025,10,Oct
ORD003358,2025-11-01,CUST00858,PROD0105,4,0.0,191.92,767.68,462.59,305.09,COD,Delivered,3.0,Fragrance Product 105,Beauty,Fragrance,173.04,Customer 858,East,Kolkata,2023-02-09,2025,11,Nov
ORD003359,2025-05-26,CUST01156,PROD0109,1,0.0,42.15,42.15,29.37,12.78,Debit Card,Delivered,5.0,Fiction Product 109,Books,Fiction,45.69,Customer 1156,North,Delhi,2023-04-28,2025,5,May
ORD003360,2025-09-20,CUST00521,PROD0063,4,0.0,300.75,1203.0,741.51,461.49,COD,Delivered,2.0,Kitchen Product 63,Home & Kitchen,Kitchen,273.62,Customer 521,East,Patna,2023-02-16,2025,9,Sep
ORD003361,2025-01-04,CUST00030,PROD0104,1,0.1,72.73,65.46,52.87,12.59,Credit Card,Delivered,5.0,Footwear Product 104,Fashion,Footwear,68.87,Customer 30,South,Chennai,2023-12-25,2025,1,Jan
ORD003362,2025-03-31,CUST00627,PROD0091,4,0.0,39.21,156.84,100.26,56.58,Credit Card,Delivered,3.0,Technology Product 91,Books,Technology,38.43,Customer 627,Central,Nagpur,2024-09-12,2025,3,Mar
ORD003363,2025-03-01,CUST01325,PROD0021,2,0.1,13.49,24.28,17.01,7.27,Credit Card,Delivered,6.0,Technology Product 21,Books,Technology,13.01,Customer 1325,East,Kolkata,2024-01-28,2025,3,Mar
ORD003364,2025-11-07,CUST00004,PROD0005,3,0.15,257.31,656.14,406.64,249.5,Net Banking,Delivered,3.0,Men Product 5,Fashion,Men,236.42,Customer 4,East,Patna,2024-03-26,2025,11,Nov
ORD003365,2025-01-16,CUST01349,PROD0035,2,0.05,35.03,66.56,43.92,22.64,COD,Delivered,4.0,Footwear Product 35,Fashion,Footwear,31.55,Customer 1349,North,Delhi,2023-07-06,2025,1,Jan
ORD003366,2025-08-15,CUST00509,PROD0085,3,0.1,162.48,438.7,282.54,156.16,COD,Delivered,5.0,Makeup Product 85,Beauty,Makeup,157.43,Customer 509,South,Kochi,2023-02-10,2025,8,Aug
ORD003367,2025-01-29,CUST01261,PROD0068,1,0.2,93.77,75.02,52.07,22.95,Credit Card,Returned,2.0,Kitchen Product 68,Home & Kitchen,Kitchen,98.06,Customer 1261,West,Surat,2023-02-18,2025,1,Jan
ORD003368,2025-05-31,CUST00016,PROD0113,3,0.1,503.68,1359.94,925.78,434.16,UPI,Delivered,2.0,Smartphones Product 113,Electronics,Smartphones,480.63,Customer 16,East,Bhubaneswar,2024-05-13,2025,5,May
ORD003369,2025-09-02,CUST00997,PROD0048,4,0.0,102.48,409.92,270.3,139.62,Credit Card,Delivered,2.0,Fragrance Product 48,Beauty,Fragrance,109.58,Customer 997,East,Kolkata,2024-06-17,2025,9,Sep
ORD003370,2025-09-27,CUST01470,PROD0080,2,0.05,41.14,78.17,47.32,30.85,UPI,Delivered,4.0,Skincare Product 80,Beauty,Skincare,39.29,Customer 1470,South,Hyderabad,2024-10-22,2025,9,Sep
ORD003371,2025-03-20,CUST00956,PROD0095,1,0.1,40.39,36.35,25.31,11.04,UPI,Delivered,4.0,Business Product 95,Books,Business,37.34,Customer 956,North,Lucknow,2025-03-01,2025,3,Mar
ORD003372,2025-10-16,CUST01254,PROD0090,1,0.0,162.95,162.95,127.76,35.19,UPI,Delivered,2.0,Outdoor Product 90,Sports,Outdoor,164.49,Customer 1254,Central,Bhopal,2023-04-03,2025,10,Oct
ORD003373,2025-06-02,CUST01131,PROD0062,1,0.1,156.54,140.89,106.41,34.48,UPI,Delivered,3.0,Accessories Product 62,Fashion,Accessories,167.56,Customer 1131,North,Delhi,2025-04-30,2025,6,Jun
ORD003374,2025-10-04,CUST01413,PROD0116,3,0.25,54.49,122.6,92.31,30.29,Credit Card,Delivered,2.0,Men Product 116,Fashion,Men,51.48,Customer 1413,North,Lucknow,2023-10-14,2025,10,Oct
ORD003375,2025-10-06,CUST00263,PROD0035,2,0.1,31.17,56.11,37.47,18.64,UPI,Delivered,2.0,Footwear Product 35,Fashion,Footwear,31.55,Customer 263,Central,Indore,2023-05-08,2025,10,Oct
ORD003376,2025-02-26,CUST01089,PROD0070,2,0.05,101.36,192.58,144.44,48.14,Credit Card,Delivered,3.0,Footwear Product 70,Fashion,Footwear,104.51,Customer 1089,South,Hyderabad,2023-02-17,2025,2,Feb
ORD003377,2025-07-05,CUST00265,PROD0097,4,0.05,62.76,238.49,164.97,73.52,UPI,Delivered,2.0,Self Help Product 97,Books,Self Help,59.33,Customer 265,North,Lucknow,2024-01-04,2025,7,Jul
ORD003378,2025-04-03,CUST01362,PROD0021,3,0.2,14.49,34.78,21.43,13.35,Credit Card,Delivered,3.0,Technology Product 21,Books,Technology,13.01,Customer 1362,South,Chennai,2023-09-27,2025,4,Apr
ORD003379,2025-10-03,CUST01325,PROD0080,3,0.2,42.0,100.8,68.6,32.2,Debit Card,Delivered,4.0,Skincare Product 80,Beauty,Skincare,39.29,Customer 1325,East,Kolkata,2024-01-28,2025,10,Oct
ORD003380,2025-06-07,CUST00378,PROD0111,2,0.1,65.77,118.39,72.44,45.95,UPI,Delivered,4.0,Fiction Product 111,Books,Fiction,64.59,Customer 378,West,Mumbai,2024-07-22,2025,6,Jun
ORD003381,2025-10-02,CUST01199,PROD0039,1,0.05,175.89,167.1,101.51,65.59,Net Banking,Delivered,2.0,Smartphones Product 39,Electronics,Smartphones,169.11,Customer 1199,South,Bengaluru,2023-06-28,2025,10,Oct
ORD003382,2025-06-30,CUST00963,PROD0034,4,0.15,100.06,340.2,199.2,141.0,Debit Card,Delivered,2.0,Accessories Product 34,Fashion,Accessories,105.5,Customer 963,West,Pune,2025-03-16,2025,6,Jun
ORD003383,2025-12-25,CUST01176,PROD0106,1,0.05,165.38,157.11,101.79,55.32,Credit Card,Delivered,5.0,Women Product 106,Fashion,Women,152.76,Customer 1176,Central,Nagpur,2023-05-30,2025,12,Dec
ORD003384,2025-03-18,CUST00476,PROD0015,4,0.0,122.27,489.08,322.5,166.58,Credit Card,Delivered,2.0,Kitchen Product 15,Home & Kitchen,Kitchen,117.47,Customer 476,East,Bhubaneswar,2024-10-11,2025,3,Mar
ORD003385,2025-05-31,CUST01290,PROD0006,2,0.05,87.47,166.19,124.29,41.9,Credit Card,Delivered,1.0,Decor Product 6,Home & Kitchen,Decor,78.58,Customer 1290,West,Surat,2024-02-28,2025,5,May
ORD003386,2025-08-26,CUST00329,PROD0066,1,0.05,41.01,38.96,27.63,11.33,UPI,Delivered,2.0,Self Help Product 66,Books,Self Help,36.75,Customer 329,West,Ahmedabad,2024-07-18,2025,8,Aug
ORD003387,2025-10-16,CUST01187,PROD0088,2,0.05,80.95,153.8,120.89,32.91,Debit Card,Delivered,4.0,Accessories Product 88,Fashion,Accessories,81.69,Customer 1187,West,Surat,2025-04-09,2025,10,Oct
ORD003388,2025-08-19,CUST00438,PROD0056,2,0.0,93.78,187.56,116.73,70.83,Credit Card,Delivered,1.0,Women Product 56,Fashion,Women,83.9,Customer 438,South,Hyderabad,2023-12-18,2025,8,Aug
ORD003389,2025-01-18,CUST01367,PROD0049,1,0.0,454.97,454.97,292.92,162.05,UPI,Delivered,8.0,Decor Product 49,Home & Kitchen,Decor,409.38,Customer 1367,Central,Nagpur,2023-03-13,2025,1,Jan
ORD003390,2025-03-14,CUST01391,PROD0092,1,0.1,60.36,54.32,43.77,10.55,Debit Card,Delivered,2.0,Haircare Product 92,Beauty,Haircare,57.6,Customer 1391,North,Jaipur,2023-03-13,2025,3,Mar
ORD003391,2025-07-08,CUST01489,PROD0001,4,0.1,389.0,1400.4,961.47,438.93,Debit Card,Delivered,2.0,Kitchen Product 1,Home & Kitchen,Kitchen,394.25,Customer 1489,Central,Kanpur,2024-10-10,2025,7,Jul
ORD003392,2025-01-17,CUST01223,PROD0065,2,0.0,191.41,382.82,294.53,88.29,UPI,Delivered,5.0,Women Product 65,Fashion,Women,178.78,Customer 1223,South,Chennai,2023-12-16,2025,1,Jan
ORD003393,2025-01-19,CUST00016,PROD0028,1,0.2,16.02,12.82,8.95,3.87,Net Banking,Delivered,2.0,Equipment Product 28,Sports,Equipment,16.44,Customer 16,East,Bhubaneswar,2024-05-13,2025,1,Jan
ORD003394,2025-08-07,CUST01320,PROD0100,1,0.05,110.05,104.55,72.46,32.09,Credit Card,Delivered,3.0,Men Product 100,Fashion,Men,105.21,Customer 1320,South,Hyderabad,2024-05-17,2025,8,Aug
ORD003395,2025-11-22,CUST00868,PROD0020,1,0.0,88.29,88.29,54.35,33.94,UPI,Delivered,4.0,Skincare Product 20,Beauty,Skincare,95.46,Customer 868,South,Hyderabad,2024-09-10,2025,11,Nov
ORD003396,2025-04-30,CUST00511,PROD0048,1,0.0,114.59,114.59,89.87,24.72,Debit Card,Cancelled,,Fragrance Product 48,Beauty,Fragrance,109.58,Customer 511,South,Chennai,2023-07-31,2025,4,Apr
ORD003397,2025-04-11,CUST00984,PROD0072,2,0.1,17.78,32.0,19.16,12.84,Credit Card,Delivered,5.0,Technology Product 72,Books,Technology,16.01,Customer 984,East,Bhubaneswar,2025-03-01,2025,4,Apr
ORD003398,2025-02-03,CUST01263,PROD0065,2,0.0,172.89,345.78,226.3,119.48,UPI,Delivered,4.0,Women Product 65,Fashion,Women,178.78,Customer 1263,East,Kolkata,2024-09-28,2025,2,Feb
ORD003399,2025-03-25,CUST00581,PROD0090,1,0.0,176.93,176.93,131.22,45.71,Net Banking,Cancelled,,Outdoor Product 90,Sports,Outdoor,164.49,Customer 581,West,Mumbai,2023-12-29,2025,3,Mar
ORD003400,2025-07-15,CUST01325,PROD0051,2,0.1,179.59,323.26,226.85,96.41,Net Banking,Delivered,3.0,Furniture Product 51,Home & Kitchen,Furniture,183.5,Customer 1325,East,Kolkata,2024-01-28,2025,7,Jul
ORD003401,2025-11-26,CUST00006,PROD0043,1,0.1,53.89,48.5,38.39,10.11,Net Banking,Delivered,1.0,Skincare Product 43,Beauty,Skincare,50.76,Customer 6,Central,Kanpur,2024-10-14,2025,11,Nov
ORD003402,2025-07-21,CUST01244,PROD0049,1,0.15,433.94,368.85,217.41,151.44,Credit Card,Delivered,4.0,Decor Product 49,Home & Kitchen,Decor,409.38,Customer 1244,South,Kochi,2025-03-18,2025,7,Jul
ORD003403,2025-12-10,CUST01019,PROD0025,2,0.15,267.85,455.34,335.07,120.27,Net Banking,Delivered,4.0,Kitchen Product 25,Home & Kitchen,Kitchen,279.9,Customer 1019,East,Bhubaneswar,2023-04-14,2025,12,Dec
ORD003404,2025-12-07,CUST01477,PROD0074,1,0.25,223.75,167.81,116.56,51.25,Net Banking,Delivered,6.0,Women Product 74,Fashion,Women,215.26,Customer 1477,South,Kochi,2023-07-20,2025,12,Dec
ORD003405,2025-01-11,CUST01457,PROD0076,2,0.0,117.02,234.04,144.41,89.63,COD,Returned,3.0,Women Product 76,Fashion,Women,107.18,Customer 1457,North,Chandigarh,2024-05-25,2025,1,Jan
ORD003406,2025-12-13,CUST00807,PROD0041,3,0.0,389.45,1168.35,886.05,282.3,COD,Delivered,5.0,Accessories Product 41,Electronics,Accessories,390.82,Customer 807,South,Chennai,2024-09-21,2025,12,Dec
ORD003407,2025-08-06,CUST01410,PROD0071,1,0.25,34.74,26.06,17.69,8.37,Credit Card,Delivered,2.0,Footwear Product 71,Fashion,Footwear,32.71,Customer 1410,North,Delhi,2023-11-04,2025,8,Aug
ORD003408,2025-09-10,CUST00619,PROD0064,4,0.1,523.88,1885.97,1334.47,551.5,UPI,Delivered,1.0,Decor Product 64,Home & Kitchen,Decor,496.62,Customer 619,South,Chennai,2023-02-07,2025,9,Sep
ORD003409,2025-08-10,CUST01319,PROD0061,4,0.15,84.81,288.35,234.18,54.17,UPI,Delivered,7.0,Outdoor Product 61,Sports,Outdoor,87.3,Customer 1319,West,Ahmedabad,2025-04-10,2025,8,Aug
ORD003410,2025-03-21,CUST01142,PROD0012,2,0.0,335.53,671.06,467.52,203.54,Credit Card,Delivered,2.0,Audio Product 12,Electronics,Audio,304.0,Customer 1142,West,Ahmedabad,2024-12-21,2025,3,Mar
ORD003411,2025-01-07,CUST00405,PROD0111,1,0.0,66.7,66.7,51.87,14.83,Net Banking,Delivered,5.0,Fiction Product 111,Books,Fiction,64.59,Customer 405,South,Chennai,2023-07-27,2025,1,Jan
ORD003412,2025-09-29,CUST00997,PROD0104,1,0.0,68.25,68.25,52.19,16.06,Debit Card,Delivered,2.0,Footwear Product 104,Fashion,Footwear,68.87,Customer 997,East,Kolkata,2024-06-17,2025,9,Sep
ORD003413,2025-08-15,CUST00594,PROD0081,2,0.05,319.87,607.75,449.16,158.59,Net Banking,Delivered,2.0,Accessories Product 81,Electronics,Accessories,335.69,Customer 594,South,Hyderabad,2025-05-15,2025,8,Aug
ORD003414,2025-01-16,CUST00566,PROD0069,2,0.0,146.74,293.48,233.39,60.09,UPI,Delivered,5.0,Women Product 69,Fashion,Women,144.62,Customer 566,East,Bhubaneswar,2025-05-06,2025,1,Jan
ORD003415,2025-01-12,CUST00752,PROD0014,2,0.05,136.8,259.92,166.45,93.47,UPI,Delivered,5.0,Accessories Product 14,Electronics,Accessories,128.33,Customer 752,North,Chandigarh,2025-06-15,2025,1,Jan
ORD003416,2025-10-18,CUST00012,PROD0034,3,0.1,110.22,297.59,231.22,66.37,UPI,Delivered,5.0,Accessories Product 34,Fashion,Accessories,105.5,Customer 12,West,Mumbai,2025-01-29,2025,10,Oct
ORD003417,2025-08-29,CUST01233,PROD0048,1,0.0,116.75,116.75,78.3,38.45,Credit Card,Delivered,6.0,Fragrance Product 48,Beauty,Fragrance,109.58,Customer 1233,East,Bhubaneswar,2023-02-19,2025,8,Aug
ORD003418,2025-01-21,CUST00165,PROD0061,4,0.0,94.14,376.56,291.83,84.73,Net Banking,Delivered,3.0,Outdoor Product 61,Sports,Outdoor,87.3,Customer 165,East,Patna,2024-12-02,2025,1,Jan
ORD003419,2025-06-27,CUST00878,PROD0081,1,0.05,338.44,321.52,224.58,96.94,Net Banking,Delivered,3.0,Accessories Product 81,Electronics,Accessories,335.69,Customer 878,East,Ranchi,2023-12-14,2025,6,Jun
ORD003420,2025-08-16,CUST01318,PROD0035,4,0.0,32.31,129.24,101.56,27.68,Credit Card,Delivered,5.0,Footwear Product 35,Fashion,Footwear,31.55,Customer 1318,West,Pune,2023-09-28,2025,8,Aug
ORD003421,2025-09-30,CUST00078,PROD0119,1,0.0,577.14,577.14,458.69,118.45,COD,Delivered,4.0,Smartphones Product 119,Electronics,Smartphones,516.56,Customer 78,South,Chennai,2023-10-30,2025,9,Sep
ORD003422,2025-10-15,CUST01458,PROD0065,2,0.0,199.09,398.18,288.06,110.12,UPI,Delivered,7.0,Women Product 65,Fashion,Women,178.78,Customer 1458,North,Delhi,2023-10-13,2025,10,Oct
ORD003423,2025-10-24,CUST00614,PROD0059,2,0.05,97.56,185.36,130.09,55.27,Credit Card,Delivered,3.0,Haircare Product 59,Beauty,Haircare,97.27,Customer 614,North,Chandigarh,2023-01-03,2025,10,Oct
ORD003424,2025-05-14,CUST00869,PROD0114,2,0.15,581.38,988.35,759.04,229.31,UPI,Delivered,1.0,Audio Product 114,Electronics,Audio,550.01,Customer 869,Central,Kanpur,2023-04-06,2025,5,May
ORD003425,2025-10-10,CUST00812,PROD0114,3,0.0,535.44,1606.32,1034.59,571.73,UPI,Delivered,4.0,Audio Product 114,Electronics,Audio,550.01,Customer 812,East,Patna,2023-12-05,2025,10,Oct
ORD003426,2025-06-02,CUST01101,PROD0036,3,0.15,356.99,910.32,531.34,378.98,COD,Delivered,3.0,Furniture Product 36,Home & Kitchen,Furniture,375.57,Customer 1101,Central,Kanpur,2024-10-22,2025,6,Jun
ORD003427,2025-03-07,CUST01072,PROD0079,2,0.2,258.61,413.78,280.42,133.36,Net Banking,Delivered,3.0,Appliances Product 79,Home & Kitchen,Appliances,240.86,Customer 1072,West,Mumbai,2024-12-09,2025,3,Mar
ORD003428,2025-05-17,CUST00767,PROD0019,1,0.1,215.39,193.85,136.06,57.79,UPI,Delivered,4.0,Decor Product 19,Home & Kitchen,Decor,213.84,Customer 767,West,Pune,2023-09-26,2025,5,May
ORD003429,2025-04-02,CUST00082,PROD0115,4,0.0,345.6,1382.4,900.42,481.98,UPI,Delivered,6.0,Smartphones Product 115,Electronics,Smartphones,361.73,Customer 82,North,Chandigarh,2024-10-06,2025,4,Apr
ORD003430,2025-11-13,CUST00209,PROD0042,1,0.05,288.6,274.17,184.24,89.93,UPI,Delivered,3.0,Accessories Product 42,Electronics,Accessories,269.27,Customer 209,Central,Kanpur,2023-04-12,2025,11,Nov
ORD003431,2025-09-16,CUST01469,PROD0069,1,0.1,159.52,143.57,87.86,55.71,UPI,Delivered,3.0,Women Product 69,Fashion,Women,144.62,Customer 1469,South,Bengaluru,2024-08-28,2025,9,Sep
ORD003432,2025-04-13,CUST00522,PROD0019,4,0.25,236.65,709.95,459.02,250.93,Debit Card,Delivered,6.0,Decor Product 19,Home & Kitchen,Decor,213.84,Customer 522,North,Chandigarh,2024-07-28,2025,4,Apr
ORD003433,2025-02-24,CUST01053,PROD0107,2,0.25,208.52,312.78,199.44,113.34,Credit Card,Delivered,6.0,Equipment Product 107,Sports,Equipment,200.64,Customer 1053,South,Bengaluru,2024-05-22,2025,2,Feb
ORD003434,2025-09-14,CUST01328,PROD0039,2,0.05,171.8,326.42,212.9,113.52,Credit Card,Delivered,2.0,Smartphones Product 39,Electronics,Smartphones,169.11,Customer 1328,Central,Nagpur,2023-08-06,2025,9,Sep
ORD003435,2025-04-11,CUST00994,PROD0069,1,0.1,137.15,123.44,80.45,42.99,UPI,Delivered,4.0,Women Product 69,Fashion,Women,144.62,Customer 994,Central,Kanpur,2025-02-07,2025,4,Apr
ORD003436,2025-07-17,CUST00465,PROD0052,2,0.2,62.58,100.13,71.51,28.62,UPI,Delivered,3.0,Self Help Product 52,Books,Self Help,58.02,Customer 465,North,Lucknow,2023-10-11,2025,7,Jul
ORD003437,2025-10-28,CUST01470,PROD0012,1,0.15,337.16,286.59,183.46,103.13,UPI,Cancelled,,Audio Product 12,Electronics,Audio,304.0,Customer 1470,South,Hyderabad,2024-10-22,2025,10,Oct
ORD003438,2025-08-14,CUST00628,PROD0083,1,0.1,45.31,40.78,32.86,7.92,Net Banking,Delivered,5.0,Business Product 83,Books,Business,41.27,Customer 628,Central,Kanpur,2023-10-30,2025,8,Aug
ORD003439,2025-08-25,CUST00781,PROD0047,1,0.05,19.91,18.91,13.29,5.62,COD,Delivered,3.0,Men Product 47,Fashion,Men,18.6,Customer 781,South,Bengaluru,2023-06-20,2025,8,Aug
ORD003440,2025-01-26,CUST01452,PROD0076,2,0.0,98.7,197.4,120.6,76.8,UPI,Delivered,5.0,Women Product 76,Fashion,Women,107.18,Customer 1452,North,Delhi,2023-09-29,2025,1,Jan
ORD003441,2025-05-01,CUST00559,PROD0036,1,0.1,376.15,338.54,219.07,119.47,UPI,Delivered,8.0,Furniture Product 36,Home & Kitchen,Furniture,375.57,Customer 559,Central,Indore,2024-05-08,2025,5,May
ORD003442,2025-07-01,CUST01383,PROD0063,3,0.15,274.21,699.24,528.03,171.21,UPI,Delivered,3.0,Kitchen Product 63,Home & Kitchen,Kitchen,273.62,Customer 1383,Central,Bhopal,2025-01-27,2025,7,Jul
ORD003443,2025-07-18,CUST00960,PROD0076,4,0.25,117.78,353.34,206.1,147.24,UPI,Delivered,3.0,Women Product 76,Fashion,Women,107.18,Customer 960,North,Chandigarh,2024-01-04,2025,7,Jul
ORD003444,2025-10-29,CUST00091,PROD0082,2,0.2,589.92,943.87,759.89,183.98,UPI,Cancelled,,Laptops Product 82,Electronics,Laptops,632.19,Customer 91,East,Kolkata,2024-09-19,2025,10,Oct
ORD003445,2025-09-12,CUST01077,PROD0113,2,0.0,493.24,986.48,677.56,308.92,COD,Delivered,4.0,Smartphones Product 113,Electronics,Smartphones,480.63,Customer 1077,West,Ahmedabad,2024-06-20,2025,9,Sep
ORD003446,2025-05-02,CUST00860,PROD0051,2,0.15,173.82,295.49,208.34,87.15,Net Banking,Delivered,4.0,Furniture Product 51,Home & Kitchen,Furniture,183.5,Customer 860,West,Mumbai,2024-07-27,2025,5,May
ORD003447,2025-01-31,CUST01228,PROD0112,1,0.05,232.68,221.05,180.65,40.4,UPI,Delivered,3.0,Kitchen Product 112,Home & Kitchen,Kitchen,221.08,Customer 1228,Central,Nagpur,2023-12-30,2025,1,Jan
ORD003448,2025-11-11,CUST00556,PROD0043,1,0.1,54.74,49.27,34.53,14.74,UPI,Delivered,3.0,Skincare Product 43,Beauty,Skincare,50.76,Customer 556,South,Chennai,2025-01-19,2025,11,Nov
ORD003449,2025-10-12,CUST00156,PROD0034,3,0.1,110.61,298.65,241.15,57.5,UPI,Delivered,5.0,Accessories Product 34,Fashion,Accessories,105.5,Customer 156,Central,Nagpur,2024-05-25,2025,10,Oct
ORD003450,2025-04-16,CUST00002,PROD0112,1,0.05,238.53,226.6,181.2,45.4,UPI,Delivered,7.0,Kitchen Product 112,Home & Kitchen,Kitchen,221.08,Customer 2,East,Bhubaneswar,2025-06-07,2025,4,Apr
ORD003451,2025-08-12,CUST01381,PROD0097,1,0.0,61.79,61.79,49.8,11.99,Credit Card,Delivered,6.0,Self Help Product 97,Books,Self Help,59.33,Customer 1381,West,Pune,2024-10-04,2025,8,Aug
ORD003452,2025-09-30,CUST00825,PROD0049,4,0.0,392.17,1568.68,1215.68,353.0,Credit Card,Delivered,4.0,Decor Product 49,Home & Kitchen,Decor,409.38,Customer 825,East,Patna,2024-07-13,2025,9,Sep
ORD003453,2025-08-20,CUST00802,PROD0018,4,0.0,219.6,878.4,571.96,306.44,Credit Card,Delivered,3.0,Furniture Product 18,Home & Kitchen,Furniture,220.36,Customer 802,East,Kolkata,2024-08-20,2025,8,Aug
ORD003454,2025-09-13,CUST00983,PROD0061,3,0.2,97.02,232.85,154.41,78.44,Net Banking,Delivered,4.0,Outdoor Product 61,Sports,Outdoor,87.3,Customer 983,South,Kochi,2024-04-24,2025,9,Sep
ORD003455,2025-01-24,CUST01082,PROD0057,4,0.0,30.23,120.92,80.73,40.19,Credit Card,Delivered,2.0,Fitness Product 57,Sports,Fitness,30.92,Customer 1082,Central,Nagpur,2023-01-19,2025,1,Jan
ORD003456,2025-04-19,CUST01278,PROD0093,4,0.0,348.22,1392.88,1135.2,257.68,UPI,Delivered,4.0,Appliances Product 93,Home & Kitchen,Appliances,373.4,Customer 1278,North,Lucknow,2025-02-28,2025,4,Apr
ORD003457,2025-07-10,CUST01204,PROD0109,2,0.0,45.55,91.1,60.73,30.37,UPI,Delivered,5.0,Fiction Product 109,Books,Fiction,45.69,Customer 1204,East,Ranchi,2025-01-20,2025,7,Jul
ORD003458,2025-12-13,CUST00493,PROD0005,2,0.2,234.83,375.73,227.72,148.01,UPI,Delivered,2.0,Men Product 5,Fashion,Men,236.42,Customer 493,North,Jaipur,2025-01-25,2025,12,Dec
ORD003459,2025-01-25,CUST00669,PROD0089,1,0.05,474.75,451.01,345.83,105.18,Credit Card,Delivered,3.0,Kitchen Product 89,Home & Kitchen,Kitchen,468.17,Customer 669,South,Chennai,2023-04-19,2025,1,Jan
ORD003460,2025-07-06,CUST01059,PROD0024,1,0.0,291.01,291.01,194.35,96.66,Credit Card,Delivered,1.0,Equipment Product 24,Sports,Equipment,281.97,Customer 1059,Central,Bhopal,2024-02-19,2025,7,Jul
ORD003461,2025-10-15,CUST00075,PROD0093,1,0.15,417.64,354.99,258.8,96.19,Net Banking,Delivered,5.0,Appliances Product 93,Home & Kitchen,Appliances,373.4,Customer 75,South,Bengaluru,2023-04-19,2025,10,Oct
ORD003462,2025-04-26,CUST00944,PROD0064,1,0.05,532.0,505.4,405.25,100.15,Net Banking,Delivered,3.0,Decor Product 64,Home & Kitchen,Decor,496.62,Customer 944,West,Ahmedabad,2024-10-11,2025,4,Apr
ORD003463,2025-12-04,CUST01313,PROD0059,4,0.05,90.19,342.72,246.11,96.61,Net Banking,Delivered,4.0,Haircare Product 59,Beauty,Haircare,97.27,Customer 1313,West,Ahmedabad,2024-11-18,2025,12,Dec
ORD003464,2025-02-06,CUST00371,PROD0038,2,0.15,768.6,1306.62,957.82,348.8,Credit Card,Delivered,3.0,Laptops Product 38,Electronics,Laptops,723.36,Customer 371,North,Jaipur,2024-02-08,2025,2,Feb
ORD003465,2025-10-09,CUST00587,PROD0033,1,0.05,45.86,43.57,31.99,11.58,Debit Card,Delivered,4.0,Business Product 33,Books,Business,42.27,Customer 587,South,Bengaluru,2024-09-17,2025,10,Oct
ORD003466,2025-05-17,CUST00329,PROD0010,3,0.2,976.75,2344.2,1704.18,640.02,Debit Card,Delivered,5.0,Smartphones Product 10,Electronics,Smartphones,888.66,Customer 329,West,Ahmedabad,2024-07-18,2025,5,May
ORD003467,2025-08-15,CUST00590,PROD0037,2,0.1,194.88,350.78,216.9,133.88,UPI,Delivered,3.0,Sportswear Product 37,Sports,Sportswear,193.95,Customer 590,West,Pune,2024-07-02,2025,8,Aug
ORD003468,2025-11-16,CUST00777,PROD0097,4,0.1,58.31,209.92,144.75,65.17,UPI,Delivered,4.0,Self Help Product 97,Books,Self Help,59.33,Customer 777,South,Kochi,2023-07-12,2025,11,Nov
ORD003469,2025-11-24,CUST00304,PROD0087,2,0.05,197.45,375.16,218.28,156.88,UPI,Delivered,5.0,Equipment Product 87,Sports,Equipment,181.5,Customer 304,South,Chennai,2024-03-27,2025,11,Nov
ORD003470,2025-07-01,CUST00579,PROD0011,1,0.15,178.04,151.33,110.52,40.81,Credit Card,Delivered,4.0,Skincare Product 11,Beauty,Skincare,165.54,Customer 579,West,Ahmedabad,2024-03-20,2025,7,Jul
ORD003471,2025-12-28,CUST00221,PROD0024,2,0.1,289.64,521.35,374.37,146.98,Net Banking,Delivered,1.0,Equipment Product 24,Sports,Equipment,281.97,Customer 221,East,Ranchi,2023-04-14,2025,12,Dec
ORD003472,2025-03-27,CUST00979,PROD0088,2,0.0,77.08,154.16,101.18,52.98,UPI,Delivered,4.0,Accessories Product 88,Fashion,Accessories,81.69,Customer 979,East,Patna,2024-08-08,2025,3,Mar
ORD003473,2025-02-22,CUST01188,PROD0071,3,0.0,34.36,103.08,72.75,30.33,Debit Card,Cancelled,,Footwear Product 71,Fashion,Footwear,32.71,Customer 1188,West,Surat,2025-01-16,2025,2,Feb
ORD003474,2025-12-14,CUST01479,PROD0114,1,0.1,513.23,461.91,322.57,139.34,Credit Card,Delivered,4.0,Audio Product 114,Electronics,Audio,550.01,Customer 1479,South,Bengaluru,2024-12-14,2025,12,Dec
ORD003475,2025-12-21,CUST00375,PROD0021,1,0.15,12.23,10.4,6.66,3.74,COD,Delivered,1.0,Technology Product 21,Books,Technology,13.01,Customer 375,Central,Bhopal,2025-04-10,2025,12,Dec
ORD003476,2025-08-23,CUST01244,PROD0020,1,0.2,94.15,75.32,48.99,26.33,Credit Card,Delivered,3.0,Skincare Product 20,Beauty,Skincare,95.46,Customer 1244,South,Kochi,2025-03-18,2025,8,Aug
ORD003477,2025-09-24,CUST01278,PROD0117,4,0.1,271.19,976.28,744.91,231.37,COD,Delivered,2.0,Furniture Product 117,Home & Kitchen,Furniture,272.76,Customer 1278,North,Lucknow,2025-02-28,2025,9,Sep
ORD003478,2025-10-14,CUST00188,PROD0010,1,0.1,899.67,809.7,616.49,193.21,UPI,Delivered,6.0,Smartphones Product 10,Electronics,Smartphones,888.66,Customer 188,Central,Indore,2025-03-09,2025,10,Oct
ORD003479,2025-04-10,CUST01215,PROD0089,1,0.05,462.47,439.35,304.36,134.99,COD,Delivered,6.0,Kitchen Product 89,Home & Kitchen,Kitchen,468.17,Customer 1215,West,Mumbai,2024-01-15,2025,4,Apr
ORD003480,2025-03-28,CUST01413,PROD0047,1,0.1,17.24,15.52,11.67,3.85,UPI,Delivered,7.0,Men Product 47,Fashion,Men,18.6,Customer 1413,North,Lucknow,2023-10-14,2025,3,Mar
ORD003481,2025-01-15,CUST01239,PROD0100,1,0.25,100.11,75.08,51.67,23.41,Credit Card,Delivered,4.0,Men Product 100,Fashion,Men,105.21,Customer 1239,South,Hyderabad,2024-04-29,2025,1,Jan
ORD003482,2025-04-11,CUST01399,PROD0112,1,0.1,208.48,187.63,147.16,40.47,UPI,Delivered,5.0,Kitchen Product 112,Home & Kitchen,Kitchen,221.08,Customer 1399,West,Pune,2024-01-22,2025,4,Apr
ORD003483,2025-06-14,CUST01110,PROD0047,2,0.0,18.72,37.44,24.71,12.73,Debit Card,Cancelled,,Men Product 47,Fashion,Men,18.6,Customer 1110,West,Ahmedabad,2023-01-14,2025,6,Jun
ORD003484,2025-01-29,CUST00474,PROD0015,4,0.0,113.06,452.24,362.95,89.29,COD,Delivered,3.0,Kitchen Product 15,Home & Kitchen,Kitchen,117.47,Customer 474,Central,Kanpur,2023-03-24,2025,1,Jan
ORD003485,2025-04-24,CUST00844,PROD0044,2,0.05,22.86,43.43,30.84,12.59,Net Banking,Delivered,5.0,Business Product 44,Books,Business,23.36,Customer 844,North,Lucknow,2023-11-29,2025,4,Apr
ORD003486,2025-04-17,CUST00531,PROD0104,3,0.1,69.86,188.62,133.65,54.97,Credit Card,Delivered,5.0,Footwear Product 104,Fashion,Footwear,68.87,Customer 531,East,Kolkata,2025-04-09,2025,4,Apr
ORD003487,2025-12-30,CUST01071,PROD0104,2,0.2,66.61,106.58,78.98,27.6,Credit Card,Delivered,5.0,Footwear Product 104,Fashion,Footwear,68.87,Customer 1071,Central,Nagpur,2023-07-27,2025,12,Dec
ORD003488,2025-05-10,CUST01089,PROD0114,2,0.05,533.06,1012.81,670.28,342.53,UPI,Delivered,6.0,Audio Product 114,Electronics,Audio,550.01,Customer 1089,South,Hyderabad,2023-02-17,2025,5,May
ORD003489,2025-03-25,CUST00963,PROD0062,2,0.05,182.08,345.95,260.79,85.16,Credit Card,Delivered,6.0,Accessories Product 62,Fashion,Accessories,167.56,Customer 963,West,Pune,2025-03-16,2025,3,Mar
ORD003490,2025-09-28,CUST00475,PROD0006,1,0.1,80.91,72.82,47.84,24.98,UPI,Delivered,3.0,Decor Product 6,Home & Kitchen,Decor,78.58,Customer 475,South,Hyderabad,2025-06-15,2025,9,Sep
ORD003491,2025-09-01,CUST01170,PROD0101,4,0.2,352.39,1127.65,761.63,366.02,Net Banking,Delivered,3.0,Laptops Product 101,Electronics,Laptops,322.89,Customer 1170,East,Kolkata,2025-03-14,2025,9,Sep
ORD003492,2025-08-02,CUST00946,PROD0066,1,0.05,37.59,35.71,26.49,9.22,Net Banking,Delivered,4.0,Self Help Product 66,Books,Self Help,36.75,Customer 946,West,Ahmedabad,2024-01-30,2025,8,Aug
ORD003493,2025-11-02,CUST01406,PROD0076,2,0.0,118.1,236.2,158.45,77.75,COD,Cancelled,,Women Product 76,Fashion,Women,107.18,Customer 1406,East,Kolkata,2023-12-15,2025,11,Nov
ORD003494,2025-06-15,CUST01090,PROD0004,1,0.0,10.56,10.56,6.63,3.93,Credit Card,Delivered,6.0,Technology Product 4,Books,Technology,10.88,Customer 1090,South,Bengaluru,2023-07-30,2025,6,Jun
ORD003495,2025-10-06,CUST00517,PROD0023,3,0.1,81.14,219.08,172.91,46.17,Credit Card,Delivered,8.0,Equipment Product 23,Sports,Equipment,77.77,Customer 517,North,Chandigarh,2023-05-31,2025,10,Oct
ORD003496,2025-02-28,CUST01117,PROD0013,3,0.15,785.19,2002.23,1604.42,397.81,Credit Card,Delivered,4.0,Laptops Product 13,Electronics,Laptops,769.31,Customer 1117,South,Kochi,2024-11-24,2025,2,Feb
ORD003497,2025-03-31,CUST00426,PROD0081,3,0.05,370.51,1055.95,771.28,284.67,Debit Card,Delivered,5.0,Accessories Product 81,Electronics,Accessories,335.69,Customer 426,West,Mumbai,2024-01-02,2025,3,Mar
ORD003498,2025-11-27,CUST01492,PROD0031,1,0.1,254.58,229.12,177.49,51.63,UPI,Delivered,3.0,Furniture Product 31,Home & Kitchen,Furniture,253.64,Customer 1492,West,Surat,2023-01-01,2025,11,Nov
ORD003499,2025-07-13,CUST01118,PROD0016,2,0.1,222.4,400.32,326.98,73.34,Net Banking,Delivered,6.0,Women Product 16,Fashion,Women,203.86,Customer 1118,East,Ranchi,2024-12-22,2025,7,Jul
ORD003500,2025-05-03,CUST00133,PROD0041,3,0.1,403.63,1089.8,792.88,296.92,UPI,Delivered,6.0,Accessories Product 41,Electronics,Accessories,390.82,Customer 133,East,Bhubaneswar,2024-11-11,2025,5,May
ORD003501,2025-05-16,CUST01458,PROD0090,1,0.0,174.64,174.64,139.38,35.26,Credit Card,Delivered,1.0,Outdoor Product 90,Sports,Outdoor,164.49,Customer 1458,North,Delhi,2023-10-13,2025,5,May
ORD003502,2025-05-19,CUST01365,PROD0092,3,0.2,63.21,151.7,101.07,50.63,Net Banking,Delivered,2.0,Haircare Product 92,Beauty,Haircare,57.6,Customer 1365,East,Bhubaneswar,2023-05-12,2025,5,May
ORD003503,2025-08-17,CUST00314,PROD0001,1,0.1,441.32,397.19,297.14,100.05,COD,Delivered,3.0,Kitchen Product 1,Home & Kitchen,Kitchen,394.25,Customer 314,Central,Bhopal,2023-07-25,2025,8,Aug
ORD003504,2025-10-01,CUST00591,PROD0111,2,0.15,68.87,117.08,69.47,47.61,Net Banking,Delivered,4.0,Fiction Product 111,Books,Fiction,64.59,Customer 591,South,Kochi,2023-12-01,2025,10,Oct
ORD003505,2025-02-19,CUST01236,PROD0012,1,0.1,298.8,268.92,206.89,62.03,UPI,Delivered,2.0,Audio Product 12,Electronics,Audio,304.0,Customer 1236,Central,Bhopal,2025-06-24,2025,2,Feb
ORD003506,2025-04-28,CUST01009,PROD0101,3,0.25,316.37,711.83,554.62,157.21,UPI,Delivered,2.0,Laptops Product 101,Electronics,Laptops,322.89,Customer 1009,South,Kochi,2024-11-18,2025,4,Apr
ORD003507,2025-07-21,CUST00159,PROD0119,4,0.1,507.17,1825.81,1234.76,591.05,UPI,Delivered,3.0,Smartphones Product 119,Electronics,Smartphones,516.56,Customer 159,North,Lucknow,2023-06-18,2025,7,Jul
ORD003508,2025-07-10,CUST01292,PROD0056,1,0.05,78.83,74.89,54.92,19.97,COD,Delivered,4.0,Women Product 56,Fashion,Women,83.9,Customer 1292,East,Bhubaneswar,2023-08-26,2025,7,Jul
ORD003509,2025-12-30,CUST00661,PROD0050,3,0.05,88.42,252.0,198.07,53.93,UPI,Delivered,7.0,Smartphones Product 50,Electronics,Smartphones,95.0,Customer 661,East,Bhubaneswar,2025-03-17,2025,12,Dec
ORD003510,2025-11-19,CUST00748,PROD0020,1,0.05,98.91,93.96,74.42,19.54,COD,Delivered,5.0,Skincare Product 20,Beauty,Skincare,95.46,Customer 748,North,Lucknow,2023-12-20,2025,11,Nov
ORD003511,2025-06-30,CUST01498,PROD0066,1,0.05,39.77,37.78,22.88,14.9,COD,Delivered,4.0,Self Help Product 66,Books,Self Help,36.75,Customer 1498,Central,Indore,2023-09-22,2025,6,Jun
ORD003512,2025-03-19,CUST00801,PROD0036,3,0.25,348.24,783.54,610.06,173.48,Net Banking,Delivered,1.0,Furniture Product 36,Home & Kitchen,Furniture,375.57,Customer 801,East,Kolkata,2024-05-19,2025,3,Mar
ORD003513,2025-03-16,CUST00410,PROD0079,1,0.2,248.89,199.11,128.59,70.52,UPI,Delivered,4.0,Appliances Product 79,Home & Kitchen,Appliances,240.86,Customer 410,West,Pune,2023-06-15,2025,3,Mar
ORD003514,2025-10-22,CUST01498,PROD0038,2,0.05,719.27,1366.61,1031.18,335.43,UPI,Delivered,2.0,Laptops Product 38,Electronics,Laptops,723.36,Customer 1498,Central,Indore,2023-09-22,2025,10,Oct
ORD003515,2025-10-08,CUST01380,PROD0022,1,0.05,215.9,205.1,134.96,70.14,Net Banking,Delivered,3.0,Kitchen Product 22,Home & Kitchen,Kitchen,196.54,Customer 1380,Central,Kanpur,2024-02-16,2025,10,Oct
ORD003516,2025-01-21,CUST00680,PROD0108,4,0.0,354.47,1417.88,841.54,576.34,Net Banking,Delivered,2.0,Kitchen Product 108,Home & Kitchen,Kitchen,373.49,Customer 680,West,Pune,2024-04-15,2025,1,Jan
ORD003517,2025-06-20,CUST01217,PROD0061,2,0.2,90.15,144.24,90.92,53.32,COD,Delivered,3.0,Outdoor Product 61,Sports,Outdoor,87.3,Customer 1217,Central,Bhopal,2023-11-05,2025,6,Jun
ORD003518,2025-01-15,CUST01295,PROD0050,4,0.05,105.85,402.23,272.74,129.49,UPI,Cancelled,,Smartphones Product 50,Electronics,Smartphones,95.0,Customer 1295,South,Kochi,2025-04-07,2025,1,Jan
ORD003519,2025-07-30,CUST00114,PROD0096,1,0.1,207.89,187.1,141.8,45.3,Debit Card,Delivered,4.0,Footwear Product 96,Fashion,Footwear,210.2,Customer 114,Central,Bhopal,2023-07-08,2025,7,Jul
ORD003520,2025-02-17,CUST00897,PROD0059,1,0.2,103.92,83.14,50.23,32.91,Credit Card,Delivered,1.0,Haircare Product 59,Beauty,Haircare,97.27,Customer 897,West,Pune,2023-11-10,2025,2,Feb
ORD003521,2025-03-27,CUST01079,PROD0020,2,0.05,104.67,198.87,154.14,44.73,UPI,Delivered,4.0,Skincare Product 20,Beauty,Skincare,95.46,Customer 1079,East,Kolkata,2024-07-26,2025,3,Mar
ORD003522,2025-05-29,CUST00065,PROD0036,1,0.15,359.51,305.58,250.35,55.23,Credit Card,Delivered,5.0,Furniture Product 36,Home & Kitchen,Furniture,375.57,Customer 65,North,Chandigarh,2024-12-09,2025,5,May
ORD003523,2025-07-07,CUST00684,PROD0097,1,0.05,66.36,63.04,48.49,14.55,Credit Card,Delivered,3.0,Self Help Product 97,Books,Self Help,59.33,Customer 684,South,Chennai,2024-12-26,2025,7,Jul
ORD003524,2025-11-02,CUST01296,PROD0015,4,0.15,127.09,432.11,299.75,132.36,UPI,Delivered,5.0,Kitchen Product 15,Home & Kitchen,Kitchen,117.47,Customer 1296,West,Ahmedabad,2024-03-21,2025,11,Nov
ORD003525,2025-05-31,CUST01386,PROD0062,2,0.05,158.77,301.66,216.1,85.56,UPI,Delivered,7.0,Accessories Product 62,Fashion,Accessories,167.56,Customer 1386,West,Pune,2024-02-10,2025,5,May
ORD003526,2025-05-21,CUST00146,PROD0114,1,0.05,540.21,513.2,298.41,214.79,Credit Card,Delivered,3.0,Audio Product 114,Electronics,Audio,550.01,Customer 146,Central,Bhopal,2023-03-26,2025,5,May
ORD003527,2025-03-10,CUST00943,PROD0110,1,0.25,423.61,317.71,200.23,117.48,Credit Card,Delivered,4.0,Kitchen Product 110,Home & Kitchen,Kitchen,405.37,Customer 943,North,Lucknow,2024-12-16,2025,3,Mar
ORD003528,2025-09-17,CUST01233,PROD0003,1,0.1,618.79,556.91,443.17,113.74,UPI,Delivered,3.0,Accessories Product 3,Electronics,Accessories,564.08,Customer 1233,East,Bhubaneswar,2023-02-19,2025,9,Sep
ORD003529,2025-11-30,CUST01310,PROD0093,1,0.05,358.08,340.18,199.08,141.1,UPI,Delivered,3.0,Appliances Product 93,Home & Kitchen,Appliances,373.4,Customer 1310,Central,Bhopal,2025-02-28,2025,11,Nov
ORD003530,2025-01-09,CUST01034,PROD0111,1,0.05,68.87,65.43,52.16,13.27,COD,Delivered,1.0,Fiction Product 111,Books,Fiction,64.59,Customer 1034,West,Ahmedabad,2025-03-09,2025,1,Jan
ORD003531,2025-05-01,CUST00739,PROD0091,3,0.0,37.44,112.32,68.2,44.12,Net Banking,Delivered,1.0,Technology Product 91,Books,Technology,38.43,Customer 739,East,Bhubaneswar,2023-05-17,2025,5,May
ORD003532,2025-04-11,CUST00186,PROD0005,2,0.15,255.59,434.5,265.89,168.61,Net Banking,Delivered,5.0,Men Product 5,Fashion,Men,236.42,Customer 186,North,Chandigarh,2023-09-29,2025,4,Apr
ORD003533,2025-05-29,CUST01488,PROD0056,3,0.05,88.66,252.68,157.19,95.49,UPI,Delivered,2.0,Women Product 56,Fashion,Women,83.9,Customer 1488,North,Lucknow,2023-11-04,2025,5,May
ORD003534,2025-05-26,CUST01158,PROD0031,1,0.15,259.87,220.89,170.49,50.4,UPI,Delivered,4.0,Furniture Product 31,Home & Kitchen,Furniture,253.64,Customer 1158,North,Lucknow,2023-08-10,2025,5,May
ORD003535,2025-12-19,CUST00835,PROD0086,2,0.05,379.41,720.88,500.84,220.04,Net Banking,Delivered,4.0,Audio Product 86,Electronics,Audio,361.35,Customer 835,West,Ahmedabad,2023-10-19,2025,12,Dec
ORD003536,2025-08-31,CUST00809,PROD0035,3,0.05,34.56,98.5,60.56,37.94,UPI,Returned,8.0,Footwear Product 35,Fashion,Footwear,31.55,Customer 809,West,Pune,2023-07-18,2025,8,Aug
ORD003537,2025-08-29,CUST00171,PROD0118,4,0.15,130.56,443.9,330.63,113.27,Credit Card,Delivered,4.0,Kitchen Product 118,Home & Kitchen,Kitchen,130.92,Customer 171,East,Ranchi,2023-07-04,2025,8,Aug
ORD003538,2025-12-03,CUST00213,PROD0071,1,0.1,35.13,31.62,25.48,6.14,UPI,Delivered,2.0,Footwear Product 71,Fashion,Footwear,32.71,Customer 213,West,Surat,2024-12-29,2025,12,Dec
ORD003539,2025-02-12,CUST00027,PROD0070,1,0.2,99.47,79.58,57.09,22.49,UPI,Delivered,4.0,Footwear Product 70,Fashion,Footwear,104.51,Customer 27,South,Hyderabad,2024-11-05,2025,2,Feb
ORD003540,2025-04-05,CUST01014,PROD0026,1,0.1,239.45,215.5,130.09,85.41,Net Banking,Delivered,4.0,Men Product 26,Fashion,Men,225.85,Customer 1014,North,Chandigarh,2024-11-29,2025,4,Apr
ORD003541,2025-08-14,CUST01092,PROD0118,2,0.0,140.1,280.2,166.2,114.0,Net Banking,Delivered,6.0,Kitchen Product 118,Home & Kitchen,Kitchen,130.92,Customer 1092,North,Chandigarh,2024-10-12,2025,8,Aug
ORD003542,2025-01-06,CUST00790,PROD0001,3,0.1,397.64,1073.63,827.78,245.85,COD,Cancelled,,Kitchen Product 1,Home & Kitchen,Kitchen,394.25,Customer 790,South,Hyderabad,2025-03-04,2025,1,Jan
ORD003543,2025-08-02,CUST00408,PROD0083,3,0.0,44.52,133.56,97.53,36.03,COD,Delivered,4.0,Business Product 83,Books,Business,41.27,Customer 408,South,Kochi,2025-03-02,2025,8,Aug
ORD003544,2025-07-25,CUST01133,PROD0007,2,0.05,15.8,30.02,24.06,5.96,Debit Card,Delivered,4.0,Haircare Product 7,Beauty,Haircare,15.32,Customer 1133,South,Bengaluru,2023-03-05,2025,7,Jul
ORD003545,2025-03-08,CUST00074,PROD0036,1,0.0,415.85,415.85,295.81,120.04,Credit Card,Delivered,3.0,Furniture Product 36,Home & Kitchen,Furniture,375.57,Customer 74,North,Lucknow,2024-02-07,2025,3,Mar
ORD003546,2025-04-10,CUST00578,PROD0076,1,0.1,101.02,90.92,54.1,36.82,UPI,Delivered,3.0,Women Product 76,Fashion,Women,107.18,Customer 578,West,Mumbai,2025-02-08,2025,4,Apr
ORD003547,2025-01-12,CUST00680,PROD0084,1,0.0,22.38,22.38,15.15,7.23,Credit Card,Delivered,4.0,Fiction Product 84,Books,Fiction,23.65,Customer 680,West,Pune,2024-04-15,2025,1,Jan
ORD003548,2025-08-25,CUST01286,PROD0087,4,0.05,197.56,750.73,553.98,196.75,UPI,Delivered,1.0,Equipment Product 87,Sports,Equipment,181.5,Customer 1286,North,Delhi,2024-03-28,2025,8,Aug
ORD003549,2025-11-18,CUST01392,PROD0025,4,0.05,304.66,1157.71,778.41,379.3,Net Banking,Delivered,4.0,Kitchen Product 25,Home & Kitchen,Kitchen,279.9,Customer 1392,North,Jaipur,2025-04-09,2025,11,Nov
ORD003550,2025-09-15,CUST00786,PROD0094,2,0.0,27.57,55.14,45.21,9.93,Credit Card,Delivered,2.0,Footwear Product 94,Fashion,Footwear,27.18,Customer 786,Central,Nagpur,2023-07-26,2025,9,Sep
ORD003551,2025-12-03,CUST00849,PROD0059,2,0.0,108.24,216.48,146.62,69.86,Debit Card,Delivered,5.0,Haircare Product 59,Beauty,Haircare,97.27,Customer 849,North,Lucknow,2024-09-26,2025,12,Dec
ORD003552,2025-05-15,CUST00870,PROD0061,2,0.05,92.18,175.14,124.54,50.6,Debit Card,Delivered,7.0,Outdoor Product 61,Sports,Outdoor,87.3,Customer 870,North,Delhi,2025-05-08,2025,5,May
ORD003553,2025-08-10,CUST00237,PROD0029,2,0.0,62.91,125.82,79.78,46.04,UPI,Delivered,5.0,Women Product 29,Fashion,Women,56.34,Customer 237,Central,Bhopal,2024-11-11,2025,8,Aug
ORD003554,2025-06-05,CUST00727,PROD0095,3,0.0,38.33,114.99,70.89,44.1,Debit Card,Delivered,4.0,Business Product 95,Books,Business,37.34,Customer 727,West,Mumbai,2024-07-12,2025,6,Jun
ORD003555,2025-05-22,CUST01390,PROD0018,2,0.0,211.62,423.24,311.03,112.21,Net Banking,Delivered,7.0,Furniture Product 18,Home & Kitchen,Furniture,220.36,Customer 1390,East,Bhubaneswar,2023-09-04,2025,5,May
ORD003556,2025-06-07,CUST01310,PROD0041,2,0.15,394.29,670.29,483.46,186.83,Debit Card,Delivered,2.0,Accessories Product 41,Electronics,Accessories,390.82,Customer 1310,Central,Bhopal,2025-02-28,2025,6,Jun
ORD003557,2025-11-22,CUST00378,PROD0019,4,0.1,238.67,859.21,499.24,359.97,Debit Card,Delivered,2.0,Decor Product 19,Home & Kitchen,Decor,213.84,Customer 378,West,Mumbai,2024-07-22,2025,11,Nov
ORD003558,2025-12-10,CUST00661,PROD0118,4,0.1,130.15,468.54,303.78,164.76,UPI,Delivered,3.0,Kitchen Product 118,Home & Kitchen,Kitchen,130.92,Customer 661,East,Bhubaneswar,2025-03-17,2025,12,Dec
ORD003559,2025-09-19,CUST00830,PROD0004,1,0.2,12.09,9.67,7.1,2.57,COD,Delivered,1.0,Technology Product 4,Books,Technology,10.88,Customer 830,South,Hyderabad,2024-06-01,2025,9,Sep
ORD003560,2025-10-10,CUST00906,PROD0065,1,0.0,192.98,192.98,149.55,43.43,Credit Card,Delivered,7.0,Women Product 65,Fashion,Women,178.78,Customer 906,West,Mumbai,2024-07-24,2025,10,Oct
ORD003561,2025-12-04,CUST00376,PROD0041,2,0.05,394.11,748.81,490.45,258.36,Net Banking,Delivered,1.0,Accessories Product 41,Electronics,Accessories,390.82,Customer 376,Central,Nagpur,2024-12-14,2025,12,Dec
ORD003562,2025-12-10,CUST00619,PROD0015,1,0.15,120.8,102.68,75.51,27.17,Net Banking,Delivered,4.0,Kitchen Product 15,Home & Kitchen,Kitchen,117.47,Customer 619,South,Chennai,2023-02-07,2025,12,Dec
ORD003563,2025-08-17,CUST00653,PROD0054,1,0.1,99.87,89.88,57.85,32.03,UPI,Delivered,3.0,Makeup Product 54,Beauty,Makeup,95.89,Customer 653,Central,Nagpur,2024-07-20,2025,8,Aug
ORD003564,2025-10-07,CUST01100,PROD0064,1,0.25,523.02,392.26,292.5,99.76,COD,Delivered,2.0,Decor Product 64,Home & Kitchen,Decor,496.62,Customer 1100,South,Chennai,2024-07-16,2025,10,Oct
ORD003565,2025-12-24,CUST01033,PROD0072,2,0.2,14.97,23.95,17.9,6.05,COD,Delivered,1.0,Technology Product 72,Books,Technology,16.01,Customer 1033,West,Ahmedabad,2023-10-26,2025,12,Dec
ORD003566,2025-10-17,CUST00196,PROD0015,1,0.0,130.01,130.01,79.47,50.54,Credit Card,Delivered,3.0,Kitchen Product 15,Home & Kitchen,Kitchen,117.47,Customer 196,South,Hyderabad,2024-10-12,2025,10,Oct
ORD003567,2025-06-17,CUST00807,PROD0079,2,0.25,250.35,375.52,277.74,97.78,Net Banking,Delivered,2.0,Appliances Product 79,Home & Kitchen,Appliances,240.86,Customer 807,South,Chennai,2024-09-21,2025,6,Jun
ORD003568,2025-02-16,CUST00893,PROD0050,2,0.2,105.09,168.14,110.98,57.16,COD,Delivered,7.0,Smartphones Product 50,Electronics,Smartphones,95.0,Customer 893,Central,Kanpur,2024-03-04,2025,2,Feb
ORD003569,2025-07-22,CUST01314,PROD0103,2,0.05,41.01,77.92,48.42,29.5,UPI,Delivered,2.0,Women Product 103,Fashion,Women,39.19,Customer 1314,Central,Kanpur,2024-06-13,2025,7,Jul
ORD003570,2025-08-02,CUST01085,PROD0022,2,0.25,197.76,296.64,207.67,88.97,COD,Delivered,2.0,Kitchen Product 22,Home & Kitchen,Kitchen,196.54,Customer 1085,South,Chennai,2023-03-15,2025,8,Aug
ORD003571,2025-09-03,CUST00937,PROD0018,1,0.0,227.72,227.72,156.8,70.92,Credit Card,Delivered,5.0,Furniture Product 18,Home & Kitchen,Furniture,220.36,Customer 937,West,Pune,2025-04-04,2025,9,Sep
ORD003572,2025-01-24,CUST01413,PROD0080,1,0.1,42.67,38.4,29.4,9.0,Net Banking,Delivered,3.0,Skincare Product 80,Beauty,Skincare,39.29,Customer 1413,North,Lucknow,2023-10-14,2025,1,Jan
ORD003573,2025-11-17,CUST00847,PROD0002,1,0.05,29.44,27.97,16.79,11.18,Credit Card,Delivered,5.0,Decor Product 2,Home & Kitchen,Decor,29.88,Customer 847,South,Hyderabad,2024-06-15,2025,11,Nov
ORD003574,2025-10-01,CUST00818,PROD0036,1,0.0,417.37,417.37,321.18,96.19,Credit Card,Delivered,5.0,Furniture Product 36,Home & Kitchen,Furniture,375.57,Customer 818,South,Kochi,2024-11-23,2025,10,Oct
ORD003575,2025-02-13,CUST00564,PROD0020,2,0.1,96.72,174.1,105.41,68.69,Net Banking,Delivered,8.0,Skincare Product 20,Beauty,Skincare,95.46,Customer 564,South,Bengaluru,2024-01-25,2025,2,Feb
ORD003576,2025-11-28,CUST00634,PROD0016,1,0.05,226.54,215.21,135.54,79.67,Credit Card,Delivered,5.0,Women Product 16,Fashion,Women,203.86,Customer 634,South,Bengaluru,2023-07-15,2025,11,Nov
ORD003577,2025-11-09,CUST00679,PROD0067,1,0.1,211.52,190.37,133.98,56.39,Credit Card,Delivered,2.0,Furniture Product 67,Home & Kitchen,Furniture,192.97,Customer 679,East,Bhubaneswar,2023-03-17,2025,11,Nov
ORD003578,2025-12-29,CUST01018,PROD0120,4,0.1,14.28,51.41,35.53,15.88,Credit Card,Delivered,4.0,Self Help Product 120,Books,Self Help,13.3,Customer 1018,West,Surat,2024-03-30,2025,12,Dec
ORD003579,2025-06-05,CUST00008,PROD0030,3,0.05,340.18,969.51,792.41,177.1,Credit Card,Delivered,4.0,Decor Product 30,Home & Kitchen,Decor,335.65,Customer 8,South,Chennai,2023-01-10,2025,6,Jun
ORD003580,2025-07-18,CUST01393,PROD0055,1,0.0,298.45,298.45,215.32,83.13,Credit Card,Delivered,3.0,Fitness Product 55,Sports,Fitness,287.69,Customer 1393,West,Pune,2023-07-04,2025,7,Jul
ORD003581,2025-06-11,CUST01069,PROD0066,1,0.1,39.97,35.97,23.69,12.28,UPI,Delivered,3.0,Self Help Product 66,Books,Self Help,36.75,Customer 1069,West,Surat,2023-12-21,2025,6,Jun
ORD003582,2025-08-22,CUST00344,PROD0099,1,0.15,198.43,168.67,134.27,34.4,Credit Card,Delivered,2.0,Fitness Product 99,Sports,Fitness,192.87,Customer 344,East,Kolkata,2023-02-02,2025,8,Aug
ORD003583,2025-06-12,CUST00796,PROD0026,2,0.1,241.13,434.03,284.26,149.77,UPI,Delivered,4.0,Men Product 26,Fashion,Men,225.85,Customer 796,East,Kolkata,2023-03-14,2025,6,Jun
ORD003584,2025-04-26,CUST01399,PROD0057,1,0.1,33.34,30.01,19.38,10.63,Credit Card,Delivered,2.0,Fitness Product 57,Sports,Fitness,30.92,Customer 1399,West,Pune,2024-01-22,2025,4,Apr
ORD003585,2025-04-03,CUST01051,PROD0069,2,0.1,147.89,266.2,185.98,80.22,Credit Card,Delivered,1.0,Women Product 69,Fashion,Women,144.62,Customer 1051,South,Bengaluru,2024-11-29,2025,4,Apr
ORD003586,2025-02-11,CUST01217,PROD0002,1,0.05,30.69,29.16,23.3,5.86,Credit Card,Delivered,3.0,Decor Product 2,Home & Kitchen,Decor,29.88,Customer 1217,Central,Bhopal,2023-11-05,2025,2,Feb
ORD003587,2025-10-11,CUST00849,PROD0115,1,0.1,347.1,312.39,234.31,78.08,UPI,Delivered,5.0,Smartphones Product 115,Electronics,Smartphones,361.73,Customer 849,North,Lucknow,2024-09-26,2025,10,Oct
ORD003588,2025-07-29,CUST01381,PROD0056,1,0.25,81.29,60.97,45.28,15.69,UPI,Cancelled,,Women Product 56,Fashion,Women,83.9,Customer 1381,West,Pune,2024-10-04,2025,7,Jul
ORD003589,2025-07-25,CUST00062,PROD0084,3,0.15,26.04,66.4,50.08,16.32,Debit Card,Delivered,4.0,Fiction Product 84,Books,Fiction,23.65,Customer 62,South,Kochi,2025-01-18,2025,7,Jul
ORD003590,2025-08-08,CUST01086,PROD0062,1,0.05,182.32,173.2,127.88,45.32,Credit Card,Delivered,5.0,Accessories Product 62,Fashion,Accessories,167.56,Customer 1086,East,Patna,2024-07-26,2025,8,Aug
ORD003591,2025-10-07,CUST00422,PROD0034,1,0.1,97.27,87.54,66.74,20.8,Credit Card,Delivered,1.0,Accessories Product 34,Fashion,Accessories,105.5,Customer 422,East,Ranchi,2023-04-18,2025,10,Oct
ORD003592,2025-05-16,CUST00633,PROD0098,2,0.1,134.63,242.33,151.76,90.57,UPI,Delivered,3.0,Fragrance Product 98,Beauty,Fragrance,123.08,Customer 633,East,Kolkata,2023-05-09,2025,5,May
ORD003593,2025-04-16,CUST00792,PROD0118,4,0.1,121.11,436.0,271.43,164.57,Credit Card,Delivered,2.0,Kitchen Product 118,Home & Kitchen,Kitchen,130.92,Customer 792,East,Kolkata,2023-05-24,2025,4,Apr
ORD003594,2025-04-28,CUST00551,PROD0056,1,0.1,84.88,76.39,50.95,25.44,Net Banking,Delivered,4.0,Women Product 56,Fashion,Women,83.9,Customer 551,Central,Indore,2024-01-22,2025,4,Apr
ORD003595,2025-08-25,CUST01404,PROD0055,2,0.1,268.55,483.39,379.09,104.3,Credit Card,Delivered,6.0,Fitness Product 55,Sports,Fitness,287.69,Customer 1404,South,Hyderabad,2025-04-06,2025,8,Aug
ORD003596,2025-11-05,CUST01301,PROD0020,1,0.05,106.32,101.0,75.9,25.1,UPI,Delivered,1.0,Skincare Product 20,Beauty,Skincare,95.46,Customer 1301,East,Bhubaneswar,2025-01-04,2025,11,Nov
ORD003597,2025-04-10,CUST00606,PROD0050,1,0.05,105.87,100.58,72.01,28.57,UPI,Delivered,4.0,Smartphones Product 50,Electronics,Smartphones,95.0,Customer 606,South,Kochi,2024-07-26,2025,4,Apr
ORD003598,2025-09-18,CUST01455,PROD0025,2,0.2,291.7,466.72,272.88,193.84,COD,Delivered,5.0,Kitchen Product 25,Home & Kitchen,Kitchen,279.9,Customer 1455,West,Pune,2025-01-27,2025,9,Sep
ORD003599,2025-11-01,CUST01139,PROD0084,4,0.05,23.61,89.72,57.12,32.6,Credit Card,Delivered,5.0,Fiction Product 84,Books,Fiction,23.65,Customer 1139,South,Kochi,2024-02-10,2025,11,Nov
ORD003600,2025-12-20,CUST01145,PROD0025,1,0.25,286.17,214.63,165.88,48.75,UPI,Delivered,1.0,Kitchen Product 25,Home & Kitchen,Kitchen,279.9,Customer 1145,East,Ranchi,2024-10-15,2025,12,Dec
ORD003601,2025-10-13,CUST00525,PROD0053,1,0.0,24.44,24.44,15.6,8.84,COD,Delivered,2.0,Self Help Product 53,Books,Self Help,22.79,Customer 525,South,Bengaluru,2023-03-10,2025,10,Oct
ORD003602,2025-11-24,CUST00899,PROD0014,1,0.0,123.79,123.79,93.49,30.3,UPI,Delivered,2.0,Accessories Product 14,Electronics,Accessories,128.33,Customer 899,West,Pune,2024-12-21,2025,11,Nov
ORD003603,2025-04-13,CUST01440,PROD0060,3,0.1,123.25,332.78,207.76,125.02,Debit Card,Delivered,2.0,Outdoor Product 60,Sports,Outdoor,122.23,Customer 1440,East,Bhubaneswar,2023-11-24,2025,4,Apr
ORD003604,2025-03-04,CUST00163,PROD0111,2,0.15,68.95,117.22,85.05,32.17,UPI,Delivered,5.0,Fiction Product 111,Books,Fiction,64.59,Customer 163,Central,Indore,2023-11-02,2025,3,Mar
ORD003605,2025-06-24,CUST00787,PROD0108,4,0.15,373.15,1268.71,927.14,341.57,UPI,Delivered,3.0,Kitchen Product 108,Home & Kitchen,Kitchen,373.49,Customer 787,West,Ahmedabad,2024-06-24,2025,6,Jun
ORD003606,2025-10-09,CUST00910,PROD0043,3,0.0,47.02,141.06,107.27,33.79,Credit Card,Delivered,4.0,Skincare Product 43,Beauty,Skincare,50.76,Customer 910,East,Patna,2025-06-13,2025,10,Oct
ORD003607,2025-10-20,CUST00982,PROD0107,1,0.0,204.95,204.95,140.43,64.52,UPI,Delivered,3.0,Equipment Product 107,Sports,Equipment,200.64,Customer 982,West,Pune,2024-01-23,2025,10,Oct
ORD003608,2025-08-14,CUST01361,PROD0062,2,0.1,178.87,321.97,235.63,86.34,UPI,Delivered,2.0,Accessories Product 62,Fashion,Accessories,167.56,Customer 1361,South,Chennai,2025-05-07,2025,8,Aug
ORD003609,2025-01-07,CUST00379,PROD0103,1,0.05,43.71,41.52,28.93,12.59,COD,Delivered,4.0,Women Product 103,Fashion,Women,39.19,Customer 379,West,Ahmedabad,2024-01-27,2025,1,Jan
ORD003610,2025-05-07,CUST01348,PROD0076,1,0.05,99.4,94.43,76.24,18.19,UPI,Delivered,4.0,Women Product 76,Fashion,Women,107.18,Customer 1348,North,Lucknow,2024-12-08,2025,5,May
ORD003611,2025-04-02,CUST00173,PROD0112,4,0.1,227.27,818.17,577.02,241.15,Debit Card,Delivered,2.0,Kitchen Product 112,Home & Kitchen,Kitchen,221.08,Customer 173,East,Bhubaneswar,2024-05-10,2025,4,Apr
ORD003612,2025-07-09,CUST01000,PROD0069,4,0.1,146.06,525.82,331.43,194.39,UPI,Delivered,6.0,Women Product 69,Fashion,Women,144.62,Customer 1000,Central,Kanpur,2024-02-09,2025,7,Jul
ORD003613,2025-12-25,CUST00064,PROD0063,1,0.05,265.0,251.75,186.37,65.38,COD,Delivered,3.0,Kitchen Product 63,Home & Kitchen,Kitchen,273.62,Customer 64,East,Kolkata,2024-08-02,2025,12,Dec
ORD003614,2025-02-22,CUST01125,PROD0002,1,0.0,31.3,31.3,22.27,9.03,COD,Delivered,4.0,Decor Product 2,Home & Kitchen,Decor,29.88,Customer 1125,South,Bengaluru,2024-02-29,2025,2,Feb
ORD003615,2025-08-30,CUST01346,PROD0054,1,0.05,91.36,86.79,67.08,19.71,UPI,Delivered,1.0,Makeup Product 54,Beauty,Makeup,95.89,Customer 1346,West,Surat,2024-03-14,2025,8,Aug
ORD003616,2025-05-12,CUST00975,PROD0016,2,0.0,199.12,398.24,247.89,150.35,Credit Card,Delivered,3.0,Women Product 16,Fashion,Women,203.86,Customer 975,North,Lucknow,2025-02-19,2025,5,May
ORD003617,2025-12-30,CUST00066,PROD0055,1,0.1,309.66,278.69,179.09,99.6,Debit Card,Delivered,7.0,Fitness Product 55,Sports,Fitness,287.69,Customer 66,East,Kolkata,2023-09-13,2025,12,Dec
ORD003618,2025-04-22,CUST00458,PROD0094,4,0.15,27.51,93.53,74.94,18.59,UPI,Delivered,6.0,Footwear Product 94,Fashion,Footwear,27.18,Customer 458,Central,Kanpur,2025-06-09,2025,4,Apr
ORD003619,2025-01-07,CUST00453,PROD0111,1,0.0,72.26,72.26,58.04,14.22,Debit Card,Delivered,2.0,Fiction Product 111,Books,Fiction,64.59,Customer 453,Central,Kanpur,2025-03-31,2025,1,Jan
ORD003620,2025-08-18,CUST01283,PROD0043,3,0.0,50.62,151.86,104.2,47.66,COD,Delivered,6.0,Skincare Product 43,Beauty,Skincare,50.76,Customer 1283,South,Kochi,2023-10-29,2025,8,Aug
ORD003621,2025-06-05,CUST01450,PROD0061,3,0.0,88.4,265.2,156.86,108.34,UPI,Delivered,3.0,Outdoor Product 61,Sports,Outdoor,87.3,Customer 1450,Central,Indore,2024-04-17,2025,6,Jun
ORD003622,2025-07-16,CUST00979,PROD0038,1,0.15,708.93,602.59,393.84,208.75,Net Banking,Delivered,5.0,Laptops Product 38,Electronics,Laptops,723.36,Customer 979,East,Patna,2024-08-08,2025,7,Jul
ORD003623,2025-11-19,CUST00178,PROD0045,3,0.0,178.07,534.21,341.53,192.68,UPI,Delivered,4.0,Kitchen Product 45,Home & Kitchen,Kitchen,184.1,Customer 178,West,Surat,2024-07-04,2025,11,Nov
ORD003624,2025-12-30,CUST00280,PROD0051,1,0.25,202.67,152.0,103.29,48.71,Credit Card,Delivered,3.0,Furniture Product 51,Home & Kitchen,Furniture,183.5,Customer 280,Central,Indore,2023-11-11,2025,12,Dec
ORD003625,2025-08-11,CUST00344,PROD0042,1,0.05,288.06,273.66,179.6,94.06,UPI,Delivered,6.0,Accessories Product 42,Electronics,Accessories,269.27,Customer 344,East,Kolkata,2023-02-02,2025,8,Aug
ORD003626,2025-09-07,CUST01041,PROD0024,1,0.05,278.21,264.3,205.88,58.42,Credit Card,Delivered,3.0,Equipment Product 24,Sports,Equipment,281.97,Customer 1041,East,Bhubaneswar,2025-05-08,2025,9,Sep
ORD003627,2025-03-24,CUST00296,PROD0115,4,0.0,383.45,1533.8,890.72,643.08,UPI,Delivered,3.0,Smartphones Product 115,Electronics,Smartphones,361.73,Customer 296,South,Bengaluru,2024-12-16,2025,3,Mar
ORD003628,2025-08-28,CUST00202,PROD0030,2,0.1,373.63,672.53,494.12,178.41,UPI,Delivered,3.0,Decor Product 30,Home & Kitchen,Decor,335.65,Customer 202,Central,Kanpur,2025-04-15,2025,8,Aug
ORD003629,2025-12-26,CUST00962,PROD0037,2,0.1,181.31,326.36,241.32,85.04,Debit Card,Delivered,6.0,Sportswear Product 37,Sports,Sportswear,193.95,Customer 962,West,Ahmedabad,2023-03-03,2025,12,Dec
ORD003630,2025-11-19,CUST00684,PROD0053,4,0.1,22.17,79.81,58.94,20.87,UPI,Delivered,5.0,Self Help Product 53,Books,Self Help,22.79,Customer 684,South,Chennai,2024-12-26,2025,11,Nov
ORD003631,2025-09-20,CUST01218,PROD0063,1,0.05,262.71,249.57,175.93,73.64,Credit Card,Delivered,3.0,Kitchen Product 63,Home & Kitchen,Kitchen,273.62,Customer 1218,West,Pune,2024-09-22,2025,9,Sep
ORD003632,2025-07-08,CUST01173,PROD0103,3,0.05,42.87,122.18,88.78,33.4,UPI,Delivered,2.0,Women Product 103,Fashion,Women,39.19,Customer 1173,East,Kolkata,2024-08-09,2025,7,Jul
ORD003633,2025-10-17,CUST00375,PROD0011,1,0.05,158.23,150.32,116.43,33.89,UPI,Delivered,2.0,Skincare Product 11,Beauty,Skincare,165.54,Customer 375,Central,Bhopal,2025-04-10,2025,10,Oct
ORD003634,2025-12-28,CUST00035,PROD0078,4,0.05,106.69,405.42,311.45,93.97,Credit Card,Delivered,2.0,Fitness Product 78,Sports,Fitness,108.69,Customer 35,North,Delhi,2023-10-01,2025,12,Dec
ORD003635,2025-02-27,CUST01393,PROD0023,2,0.05,80.01,152.02,89.43,62.59,UPI,Delivered,2.0,Equipment Product 23,Sports,Equipment,77.77,Customer 1393,West,Pune,2023-07-04,2025,2,Feb
ORD003636,2025-01-09,CUST00029,PROD0117,1,0.1,284.82,256.34,150.55,105.79,Net Banking,Delivered,3.0,Furniture Product 117,Home & Kitchen,Furniture,272.76,Customer 29,North,Chandigarh,2024-09-16,2025,1,Jan
ORD003637,2025-10-31,CUST00775,PROD0080,1,0.05,42.5,40.38,31.55,8.83,Credit Card,Cancelled,,Skincare Product 80,Beauty,Skincare,39.29,Customer 775,Central,Indore,2023-04-13,2025,10,Oct
ORD003638,2025-04-25,CUST00221,PROD0050,3,0.05,95.14,271.15,194.67,76.48,Net Banking,Delivered,1.0,Smartphones Product 50,Electronics,Smartphones,95.0,Customer 221,East,Ranchi,2023-04-14,2025,4,Apr
ORD003639,2025-07-29,CUST00053,PROD0085,2,0.05,161.66,307.15,248.72,58.43,UPI,Delivered,4.0,Makeup Product 85,Beauty,Makeup,157.43,Customer 53,West,Pune,2024-12-15,2025,7,Jul
ORD003640,2025-02-10,CUST00791,PROD0055,4,0.0,320.23,1280.92,875.61,405.31,Debit Card,Delivered,2.0,Fitness Product 55,Sports,Fitness,287.69,Customer 791,West,Pune,2024-01-15,2025,2,Feb
ORD003641,2025-10-31,CUST01377,PROD0055,4,0.1,281.78,1014.41,631.39,383.02,Credit Card,Delivered,5.0,Fitness Product 55,Sports,Fitness,287.69,Customer 1377,East,Bhubaneswar,2023-02-22,2025,10,Oct
ORD003642,2025-06-22,CUST01416,PROD0004,4,0.05,10.55,40.09,27.81,12.28,UPI,Delivered,2.0,Technology Product 4,Books,Technology,10.88,Customer 1416,East,Bhubaneswar,2025-01-31,2025,6,Jun
ORD003643,2025-08-22,CUST00076,PROD0097,1,0.0,63.02,63.02,43.15,19.87,Debit Card,Delivered,4.0,Self Help Product 97,Books,Self Help,59.33,Customer 76,Central,Nagpur,2024-11-30,2025,8,Aug
ORD003644,2025-10-08,CUST00494,PROD0054,1,0.2,103.01,82.41,58.03,24.38,Debit Card,Delivered,4.0,Makeup Product 54,Beauty,Makeup,95.89,Customer 494,West,Ahmedabad,2024-05-21,2025,10,Oct
ORD003645,2025-03-19,CUST00117,PROD0061,1,0.05,87.56,83.18,64.37,18.81,UPI,Delivered,2.0,Outdoor Product 61,Sports,Outdoor,87.3,Customer 117,North,Jaipur,2024-06-19,2025,3,Mar
ORD003646,2025-04-18,CUST00280,PROD0111,1,0.05,62.17,59.06,43.55,15.51,COD,Delivered,6.0,Fiction Product 111,Books,Fiction,64.59,Customer 280,Central,Indore,2023-11-11,2025,4,Apr
ORD003647,2025-10-08,CUST01199,PROD0078,4,0.15,116.93,397.56,248.26,149.3,Debit Card,Delivered,3.0,Fitness Product 78,Sports,Fitness,108.69,Customer 1199,South,Bengaluru,2023-06-28,2025,10,Oct
ORD003648,2025-02-08,CUST00746,PROD0083,1,0.0,43.5,43.5,32.9,10.6,UPI,Delivered,3.0,Business Product 83,Books,Business,41.27,Customer 746,South,Kochi,2023-06-24,2025,2,Feb
ORD003649,2025-04-29,CUST00949,PROD0005,1,0.2,258.94,207.15,149.57,57.58,UPI,Delivered,6.0,Men Product 5,Fashion,Men,236.42,Customer 949,Central,Kanpur,2024-08-15,2025,4,Apr
ORD003650,2025-12-01,CUST00764,PROD0100,3,0.0,114.56,343.68,247.04,96.64,Credit Card,Delivered,5.0,Men Product 100,Fashion,Men,105.21,Customer 764,North,Delhi,2023-10-09,2025,12,Dec
ORD003651,2025-12-02,CUST00295,PROD0095,3,0.1,35.89,96.9,71.98,24.92,UPI,Delivered,4.0,Business Product 95,Books,Business,37.34,Customer 295,North,Chandigarh,2024-10-20,2025,12,Dec
ORD003652,2025-01-27,CUST01018,PROD0109,2,0.1,49.64,89.35,63.92,25.43,UPI,Delivered,3.0,Fiction Product 109,Books,Fiction,45.69,Customer 1018,West,Surat,2024-03-30,2025,1,Jan
ORD003653,2025-04-14,CUST01475,PROD0018,1,0.2,210.45,168.36,116.14,52.22,Credit Card,Delivered,3.0,Furniture Product 18,Home & Kitchen,Furniture,220.36,Customer 1475,South,Bengaluru,2024-09-19,2025,4,Apr
ORD003654,2025-03-15,CUST01045,PROD0044,2,0.1,25.53,45.95,33.71,12.24,UPI,Delivered,4.0,Business Product 44,Books,Business,23.36,Customer 1045,East,Patna,2024-02-04,2025,3,Mar
ORD003655,2025-07-10,CUST01097,PROD0031,3,0.1,272.43,735.56,554.39,181.17,Credit Card,Delivered,2.0,Furniture Product 31,Home & Kitchen,Furniture,253.64,Customer 1097,Central,Kanpur,2023-07-10,2025,7,Jul
ORD003656,2025-11-20,CUST00842,PROD0119,3,0.1,534.11,1442.1,914.56,527.54,UPI,Delivered,3.0,Smartphones Product 119,Electronics,Smartphones,516.56,Customer 842,Central,Bhopal,2023-03-23,2025,11,Nov
ORD003657,2025-05-27,CUST01060,PROD0094,3,0.0,28.5,85.5,59.79,25.71,UPI,Delivered,5.0,Footwear Product 94,Fashion,Footwear,27.18,Customer 1060,North,Jaipur,2024-04-06,2025,5,May
ORD003658,2025-09-12,CUST01257,PROD0021,1,0.1,12.24,11.02,7.6,3.42,UPI,Delivered,4.0,Technology Product 21,Books,Technology,13.01,Customer 1257,Central,Kanpur,2023-03-01,2025,9,Sep
ORD003659,2025-10-11,CUST00497,PROD0047,2,0.0,17.26,34.52,20.35,14.17,Credit Card,Delivered,4.0,Men Product 47,Fashion,Men,18.6,Customer 497,South,Bengaluru,2024-02-13,2025,10,Oct
ORD003660,2025-08-01,CUST00206,PROD0030,4,0.1,330.99,1191.56,929.73,261.83,Credit Card,Delivered,6.0,Decor Product 30,Home & Kitchen,Decor,335.65,Customer 206,West,Ahmedabad,2023-06-02,2025,8,Aug
ORD003661,2025-05-03,CUST00426,PROD0055,4,0.1,311.94,1122.98,753.04,369.94,Debit Card,Delivered,7.0,Fitness Product 55,Sports,Fitness,287.69,Customer 426,West,Mumbai,2024-01-02,2025,5,May
ORD003662,2025-07-25,CUST00044,PROD0105,1,0.2,175.32,140.26,83.8,56.46,COD,Delivered,3.0,Fragrance Product 105,Beauty,Fragrance,173.04,Customer 44,South,Kochi,2025-02-07,2025,7,Jul
ORD003663,2025-08-28,CUST01115,PROD0068,1,0.1,94.6,85.14,58.74,26.4,UPI,Delivered,1.0,Kitchen Product 68,Home & Kitchen,Kitchen,98.06,Customer 1115,West,Mumbai,2023-06-04,2025,8,Aug
ORD003664,2025-12-05,CUST01494,PROD0069,3,0.15,157.19,400.83,248.02,152.81,UPI,Delivered,5.0,Women Product 69,Fashion,Women,144.62,Customer 1494,Central,Bhopal,2025-01-08,2025,12,Dec
ORD003665,2025-10-13,CUST00605,PROD0041,4,0.0,377.42,1509.68,1130.84,378.84,Debit Card,Delivered,2.0,Accessories Product 41,Electronics,Accessories,390.82,Customer 605,East,Patna,2023-05-15,2025,10,Oct
ORD003666,2025-01-22,CUST01491,PROD0045,2,0.0,199.4,398.8,286.03,112.77,UPI,Delivered,2.0,Kitchen Product 45,Home & Kitchen,Kitchen,184.1,Customer 1491,South,Chennai,2024-01-02,2025,1,Jan
ORD003667,2025-09-16,CUST00454,PROD0074,4,0.1,217.54,783.14,504.99,278.15,UPI,Delivered,4.0,Women Product 74,Fashion,Women,215.26,Customer 454,East,Kolkata,2023-03-20,2025,9,Sep
ORD003668,2025-12-23,CUST00595,PROD0091,2,0.1,38.92,70.06,56.62,13.44,UPI,Returned,5.0,Technology Product 91,Books,Technology,38.43,Customer 595,East,Kolkata,2023-03-04,2025,12,Dec
ORD003669,2025-04-15,CUST01357,PROD0080,1,0.1,38.29,34.46,22.4,12.06,Credit Card,Delivered,4.0,Skincare Product 80,Beauty,Skincare,39.29,Customer 1357,Central,Kanpur,2023-08-17,2025,4,Apr
ORD003670,2025-09-15,CUST00507,PROD0030,4,0.15,369.23,1255.38,895.34,360.04,Credit Card,Delivered,3.0,Decor Product 30,Home & Kitchen,Decor,335.65,Customer 507,Central,Kanpur,2023-02-12,2025,9,Sep
ORD003671,2025-07-23,CUST00794,PROD0077,3,0.05,129.46,368.96,284.98,83.98,COD,Delivered,6.0,Accessories Product 77,Fashion,Accessories,138.05,Customer 794,Central,Nagpur,2025-04-01,2025,7,Jul
ORD003672,2025-11-06,CUST01494,PROD0100,1,0.1,99.83,89.85,63.19,26.66,Credit Card,Delivered,5.0,Men Product 100,Fashion,Men,105.21,Customer 1494,Central,Bhopal,2025-01-08,2025,11,Nov
ORD003673,2025-09-19,CUST00021,PROD0085,1,0.0,164.86,164.86,133.64,31.22,Debit Card,Delivered,4.0,Makeup Product 85,Beauty,Makeup,157.43,Customer 21,North,Lucknow,2023-11-23,2025,9,Sep
ORD003674,2025-04-17,CUST01252,PROD0045,3,0.0,200.67,602.01,471.09,130.92,Credit Card,Delivered,3.0,Kitchen Product 45,Home & Kitchen,Kitchen,184.1,Customer 1252,East,Patna,2023-07-11,2025,4,Apr
ORD003675,2025-09-08,CUST01400,PROD0117,1,0.0,256.15,256.15,205.19,50.96,UPI,Delivered,3.0,Furniture Product 117,Home & Kitchen,Furniture,272.76,Customer 1400,North,Delhi,2025-02-06,2025,9,Sep
ORD003676,2025-08-09,CUST01154,PROD0104,1,0.15,73.47,62.45,41.81,20.64,UPI,Delivered,2.0,Footwear Product 104,Fashion,Footwear,68.87,Customer 1154,Central,Bhopal,2025-02-18,2025,8,Aug
ORD003677,2025-08-10,CUST00620,PROD0045,4,0.1,196.71,708.16,503.93,204.23,Net Banking,Delivered,5.0,Kitchen Product 45,Home & Kitchen,Kitchen,184.1,Customer 620,North,Chandigarh,2023-12-07,2025,8,Aug
ORD003678,2025-09-15,CUST00414,PROD0079,3,0.0,249.6,748.8,585.29,163.51,UPI,Delivered,6.0,Appliances Product 79,Home & Kitchen,Appliances,240.86,Customer 414,North,Chandigarh,2023-10-22,2025,9,Sep
ORD003679,2025-07-20,CUST01095,PROD0084,2,0.1,24.06,43.31,34.51,8.8,UPI,Delivered,5.0,Fiction Product 84,Books,Fiction,23.65,Customer 1095,South,Hyderabad,2024-06-23,2025,7,Jul
ORD003680,2025-09-15,CUST01428,PROD0084,3,0.05,23.28,66.35,53.52,12.83,UPI,Delivered,4.0,Fiction Product 84,Books,Fiction,23.65,Customer 1428,East,Kolkata,2024-12-17,2025,9,Sep
ORD003681,2025-12-15,CUST01421,PROD0045,1,0.15,182.31,154.96,122.57,32.39,UPI,Delivered,5.0,Kitchen Product 45,Home & Kitchen,Kitchen,184.1,Customer 1421,North,Chandigarh,2024-01-23,2025,12,Dec
ORD003682,2025-08-13,CUST00337,PROD0055,1,0.1,303.48,273.13,206.32,66.81,UPI,Delivered,5.0,Fitness Product 55,Sports,Fitness,287.69,Customer 337,North,Chandigarh,2024-05-31,2025,8,Aug
ORD003683,2025-07-21,CUST00910,PROD0059,2,0.0,90.76,181.52,106.34,75.18,Debit Card,Delivered,5.0,Haircare Product 59,Beauty,Haircare,97.27,Customer 910,East,Patna,2025-06-13,2025,7,Jul
ORD003684,2025-08-14,CUST00276,PROD0005,1,0.25,245.16,183.87,120.54,63.33,UPI,Delivered,8.0,Men Product 5,Fashion,Men,236.42,Customer 276,South,Hyderabad,2024-12-01,2025,8,Aug
ORD003685,2025-08-24,CUST00892,PROD0118,1,0.0,127.74,127.74,78.04,49.7,UPI,Delivered,5.0,Kitchen Product 118,Home & Kitchen,Kitchen,130.92,Customer 892,South,Chennai,2024-01-03,2025,8,Aug
ORD003686,2025-07-02,CUST00013,PROD0118,3,0.1,132.66,358.18,221.05,137.13,Net Banking,Delivered,3.0,Kitchen Product 118,Home & Kitchen,Kitchen,130.92,Customer 13,East,Bhubaneswar,2023-09-04,2025,7,Jul
ORD003687,2025-07-19,CUST01027,PROD0032,4,0.05,14.58,55.4,36.0,19.4,Debit Card,Delivered,5.0,Skincare Product 32,Beauty,Skincare,14.13,Customer 1027,South,Hyderabad,2025-02-06,2025,7,Jul
ORD003688,2025-12-23,CUST00978,PROD0006,2,0.0,86.21,172.42,103.1,69.32,Credit Card,Delivered,3.0,Decor Product 6,Home & Kitchen,Decor,78.58,Customer 978,East,Patna,2025-02-28,2025,12,Dec
ORD003689,2025-09-03,CUST01248,PROD0094,4,0.1,28.15,101.34,64.69,36.65,Credit Card,Delivered,4.0,Footwear Product 94,Fashion,Footwear,27.18,Customer 1248,East,Patna,2023-02-25,2025,9,Sep
ORD003690,2025-12-19,CUST00974,PROD0026,1,0.0,218.04,218.04,176.54,41.5,UPI,Delivered,5.0,Men Product 26,Fashion,Men,225.85,Customer 974,East,Patna,2024-09-13,2025,12,Dec
ORD003691,2025-04-21,CUST00175,PROD0037,1,0.2,181.52,145.22,95.1,50.12,Debit Card,Delivered,3.0,Sportswear Product 37,Sports,Sportswear,193.95,Customer 175,North,Lucknow,2023-02-16,2025,4,Apr
ORD003692,2025-01-06,CUST01409,PROD0013,1,0.05,804.23,764.02,472.42,291.6,Credit Card,Delivered,1.0,Laptops Product 13,Electronics,Laptops,769.31,Customer 1409,South,Hyderabad,2024-12-02,2025,1,Jan
ORD003693,2025-08-24,CUST00241,PROD0093,1,0.05,384.23,365.02,274.64,90.38,Credit Card,Delivered,4.0,Appliances Product 93,Home & Kitchen,Appliances,373.4,Customer 241,West,Pune,2024-08-04,2025,8,Aug
ORD003694,2025-05-07,CUST00547,PROD0069,2,0.1,152.48,274.46,213.76,60.7,Debit Card,Delivered,6.0,Women Product 69,Fashion,Women,144.62,Customer 547,East,Kolkata,2023-11-15,2025,5,May
ORD003695,2025-04-14,CUST00014,PROD0025,1,0.0,283.23,283.23,185.62,97.61,Credit Card,Delivered,6.0,Kitchen Product 25,Home & Kitchen,Kitchen,279.9,Customer 14,South,Kochi,2024-10-28,2025,4,Apr
ORD003696,2025-08-25,CUST01219,PROD0013,1,0.1,834.72,751.25,485.94,265.31,Credit Card,Delivered,5.0,Laptops Product 13,Electronics,Laptops,769.31,Customer 1219,East,Patna,2023-09-25,2025,8,Aug
ORD003697,2025-06-04,CUST01421,PROD0088,2,0.2,90.19,144.3,92.07,52.23,Credit Card,Delivered,6.0,Accessories Product 88,Fashion,Accessories,81.69,Customer 1421,North,Chandigarh,2024-01-23,2025,6,Jun
ORD003698,2025-09-14,CUST01455,PROD0095,2,0.1,34.65,62.37,42.06,20.31,Credit Card,Returned,5.0,Business Product 95,Books,Business,37.34,Customer 1455,West,Pune,2025-01-27,2025,9,Sep
ORD003699,2025-08-23,CUST01330,PROD0020,1,0.05,102.03,96.93,58.25,38.68,Debit Card,Delivered,1.0,Skincare Product 20,Beauty,Skincare,95.46,Customer 1330,South,Chennai,2023-03-23,2025,8,Aug
ORD003700,2025-10-16,CUST01358,PROD0119,1,0.1,478.87,430.98,319.18,111.8,Credit Card,Delivered,3.0,Smartphones Product 119,Electronics,Smartphones,516.56,Customer 1358,North,Lucknow,2024-01-25,2025,10,Oct
ORD003701,2025-02-09,CUST00725,PROD0072,1,0.2,16.15,12.92,10.04,2.88,UPI,Delivered,3.0,Technology Product 72,Books,Technology,16.01,Customer 725,North,Delhi,2024-11-09,2025,2,Feb
ORD003702,2025-10-15,CUST01434,PROD0060,2,0.0,123.74,247.48,182.96,64.52,Credit Card,Delivered,2.0,Outdoor Product 60,Sports,Outdoor,122.23,Customer 1434,North,Lucknow,2023-02-27,2025,10,Oct
ORD003703,2025-07-16,CUST00003,PROD0073,1,0.1,9.94,8.95,6.1,2.85,COD,Returned,5.0,Business Product 73,Books,Business,9.38,Customer 3,Central,Kanpur,2023-12-15,2025,7,Jul
ORD003704,2025-09-30,CUST00691,PROD0021,4,0.0,12.89,51.56,33.48,18.08,UPI,Delivered,4.0,Technology Product 21,Books,Technology,13.01,Customer 691,North,Delhi,2024-11-02,2025,9,Sep
ORD003705,2025-09-21,CUST01476,PROD0115,1,0.2,392.18,313.74,212.8,100.94,Net Banking,Delivered,5.0,Smartphones Product 115,Electronics,Smartphones,361.73,Customer 1476,North,Jaipur,2023-05-23,2025,9,Sep
ORD003706,2025-02-26,CUST00747,PROD0061,1,0.15,86.3,73.35,50.0,23.35,Credit Card,Delivered,4.0,Outdoor Product 61,Sports,Outdoor,87.3,Customer 747,Central,Indore,2024-03-24,2025,2,Feb
ORD003707,2025-10-25,CUST00769,PROD0084,3,0.15,23.38,59.62,44.11,15.51,Debit Card,Delivered,4.0,Fiction Product 84,Books,Fiction,23.65,Customer 769,East,Bhubaneswar,2025-03-04,2025,10,Oct
ORD003708,2025-04-08,CUST00872,PROD0079,1,0.2,232.32,185.86,149.2,36.66,Net Banking,Delivered,3.0,Appliances Product 79,Home & Kitchen,Appliances,240.86,Customer 872,West,Pune,2023-08-23,2025,4,Apr
ORD003709,2025-05-17,CUST00495,PROD0026,1,0.0,238.67,238.67,142.47,96.2,Debit Card,Delivered,5.0,Men Product 26,Fashion,Men,225.85,Customer 495,West,Surat,2023-12-07,2025,5,May
ORD003710,2025-03-28,CUST00417,PROD0054,1,0.0,89.69,89.69,72.54,17.15,Net Banking,Delivered,4.0,Makeup Product 54,Beauty,Makeup,95.89,Customer 417,East,Kolkata,2024-05-09,2025,3,Mar
ORD003711,2025-08-30,CUST01415,PROD0042,2,0.05,267.28,507.83,405.48,102.35,UPI,Delivered,3.0,Accessories Product 42,Electronics,Accessories,269.27,Customer 1415,West,Surat,2024-12-25,2025,8,Aug
ORD003712,2025-07-18,CUST01397,PROD0011,2,0.05,161.13,306.15,186.22,119.93,UPI,Delivered,8.0,Skincare Product 11,Beauty,Skincare,165.54,Customer 1397,West,Ahmedabad,2024-09-02,2025,7,Jul
ORD003713,2025-11-06,CUST00628,PROD0037,3,0.1,187.33,505.79,315.64,190.15,Credit Card,Delivered,3.0,Sportswear Product 37,Sports,Sportswear,193.95,Customer 628,Central,Kanpur,2023-10-30,2025,11,Nov
ORD003714,2025-03-25,CUST01076,PROD0105,2,0.15,161.31,274.23,179.56,94.67,Net Banking,Delivered,3.0,Fragrance Product 105,Beauty,Fragrance,173.04,Customer 1076,Central,Kanpur,2023-12-05,2025,3,Mar
ORD003715,2025-08-30,CUST01400,PROD0011,2,0.05,158.6,301.34,215.25,86.09,Net Banking,Delivered,4.0,Skincare Product 11,Beauty,Skincare,165.54,Customer 1400,North,Delhi,2025-02-06,2025,8,Aug
ORD003716,2025-10-08,CUST01419,PROD0027,1,0.1,435.03,391.53,239.72,151.81,UPI,Delivered,2.0,Decor Product 27,Home & Kitchen,Decor,431.04,Customer 1419,South,Kochi,2024-01-18,2025,10,Oct
ORD003717,2025-11-19,CUST01021,PROD0094,1,0.15,27.74,23.58,14.81,8.77,UPI,Delivered,5.0,Footwear Product 94,Fashion,Footwear,27.18,Customer 1021,North,Jaipur,2023-08-18,2025,11,Nov
ORD003718,2025-09-09,CUST00142,PROD0083,2,0.0,40.19,80.38,64.03,16.35,Net Banking,Delivered,4.0,Business Product 83,Books,Business,41.27,Customer 142,North,Lucknow,2024-10-11,2025,9,Sep
ORD003719,2025-07-09,CUST01110,PROD0034,2,0.0,110.78,221.56,134.32,87.24,Credit Card,Delivered,6.0,Accessories Product 34,Fashion,Accessories,105.5,Customer 1110,West,Ahmedabad,2023-01-14,2025,7,Jul
ORD003720,2025-06-01,CUST01488,PROD0038,1,0.1,714.07,642.66,434.27,208.39,Credit Card,Delivered,3.0,Laptops Product 38,Electronics,Laptops,723.36,Customer 1488,North,Lucknow,2023-11-04,2025,6,Jun
ORD003721,2025-10-29,CUST00046,PROD0061,1,0.05,86.73,82.39,62.87,19.52,Net Banking,Delivered,5.0,Outdoor Product 61,Sports,Outdoor,87.3,Customer 46,Central,Nagpur,2023-06-03,2025,10,Oct
ORD003722,2025-10-05,CUST00844,PROD0087,4,0.2,195.39,625.25,495.99,129.26,UPI,Delivered,3.0,Equipment Product 87,Sports,Equipment,181.5,Customer 844,North,Lucknow,2023-11-29,2025,10,Oct
ORD003723,2025-05-19,CUST01009,PROD0053,2,0.05,23.48,44.61,29.47,15.14,UPI,Delivered,1.0,Self Help Product 53,Books,Self Help,22.79,Customer 1009,South,Kochi,2024-11-18,2025,5,May
ORD003724,2025-06-25,CUST01262,PROD0065,2,0.15,198.56,337.55,209.1,128.45,Net Banking,Delivered,2.0,Women Product 65,Fashion,Women,178.78,Customer 1262,Central,Kanpur,2024-02-24,2025,6,Jun
ORD003725,2025-01-08,CUST00010,PROD0003,1,0.1,559.49,503.54,381.12,122.42,UPI,Delivered,2.0,Accessories Product 3,Electronics,Accessories,564.08,Customer 10,North,Chandigarh,2023-09-22,2025,1,Jan
ORD003726,2025-10-22,CUST00664,PROD0067,3,0.0,209.48,628.44,481.02,147.42,UPI,Delivered,5.0,Furniture Product 67,Home & Kitchen,Furniture,192.97,Customer 664,South,Kochi,2025-05-30,2025,10,Oct
ORD003727,2025-08-23,CUST00573,PROD0028,1,0.0,17.55,17.55,14.31,3.24,UPI,Delivered,2.0,Equipment Product 28,Sports,Equipment,16.44,Customer 573,South,Hyderabad,2024-10-10,2025,8,Aug
ORD003728,2025-06-12,CUST00649,PROD0014,1,0.0,140.91,140.91,86.45,54.46,UPI,Delivered,4.0,Accessories Product 14,Electronics,Accessories,128.33,Customer 649,West,Ahmedabad,2025-01-18,2025,6,Jun
ORD003729,2025-02-18,CUST00913,PROD0052,2,0.0,64.48,128.96,96.75,32.21,UPI,Delivered,4.0,Self Help Product 52,Books,Self Help,58.02,Customer 913,Central,Nagpur,2024-03-17,2025,2,Feb
ORD003730,2025-10-29,CUST00640,PROD0030,1,0.05,309.31,293.84,199.86,93.98,Debit Card,Delivered,5.0,Decor Product 30,Home & Kitchen,Decor,335.65,Customer 640,North,Chandigarh,2024-06-18,2025,10,Oct
ORD003731,2025-02-07,CUST00616,PROD0058,3,0.1,181.86,491.02,392.58,98.44,COD,Delivered,5.0,Footwear Product 58,Fashion,Footwear,193.95,Customer 616,Central,Bhopal,2023-05-01,2025,2,Feb
ORD003732,2025-05-16,CUST00698,PROD0054,1,0.1,101.15,91.04,61.71,29.33,UPI,Delivered,4.0,Makeup Product 54,Beauty,Makeup,95.89,Customer 698,South,Chennai,2023-09-04,2025,5,May
ORD003733,2025-11-06,CUST00909,PROD0069,4,0.1,144.34,519.62,356.99,162.63,Net Banking,Returned,2.0,Women Product 69,Fashion,Women,144.62,Customer 909,North,Jaipur,2023-09-22,2025,11,Nov
ORD003734,2025-08-07,CUST00178,PROD0113,1,0.0,520.92,520.92,317.99,202.93,UPI,Delivered,4.0,Smartphones Product 113,Electronics,Smartphones,480.63,Customer 178,West,Surat,2024-07-04,2025,8,Aug
ORD003735,2025-12-14,CUST00869,PROD0015,1,0.1,108.35,97.52,64.07,33.45,UPI,Delivered,3.0,Kitchen Product 15,Home & Kitchen,Kitchen,117.47,Customer 869,Central,Kanpur,2023-04-06,2025,12,Dec
ORD003736,2025-10-23,CUST01030,PROD0038,1,0.05,782.24,743.13,502.51,240.62,Credit Card,Delivered,5.0,Laptops Product 38,Electronics,Laptops,723.36,Customer 1030,West,Ahmedabad,2023-01-27,2025,10,Oct
ORD003737,2025-02-03,CUST00853,PROD0078,1,0.2,102.93,82.34,48.1,34.24,COD,Delivered,5.0,Fitness Product 78,Sports,Fitness,108.69,Customer 853,South,Hyderabad,2025-04-30,2025,2,Feb
ORD003738,2025-12-18,CUST00307,PROD0014,3,0.2,125.51,301.22,206.34,94.88,COD,Delivered,2.0,Accessories Product 14,Electronics,Accessories,128.33,Customer 307,Central,Indore,2024-05-28,2025,12,Dec
ORD003739,2025-03-20,CUST00548,PROD0057,1,0.15,34.44,29.27,19.34,9.93,UPI,Cancelled,,Fitness Product 57,Sports,Fitness,30.92,Customer 548,South,Bengaluru,2024-08-11,2025,3,Mar
ORD003740,2025-08-24,CUST00327,PROD0059,4,0.15,90.49,307.67,237.8,69.87,UPI,Delivered,1.0,Haircare Product 59,Beauty,Haircare,97.27,Customer 327,North,Chandigarh,2023-01-12,2025,8,Aug
ORD003741,2025-09-30,CUST01380,PROD0113,4,0.0,475.73,1902.92,1152.61,750.31,COD,Delivered,5.0,Smartphones Product 113,Electronics,Smartphones,480.63,Customer 1380,Central,Kanpur,2024-02-16,2025,9,Sep
ORD003742,2025-06-10,CUST00395,PROD0008,2,0.0,433.32,866.64,660.77,205.87,UPI,Returned,5.0,Decor Product 8,Home & Kitchen,Decor,462.5,Customer 395,East,Patna,2024-02-29,2025,6,Jun
ORD003743,2025-06-24,CUST00300,PROD0072,1,0.15,17.46,14.84,11.15,3.69,Debit Card,Returned,3.0,Technology Product 72,Books,Technology,16.01,Customer 300,North,Lucknow,2024-04-02,2025,6,Jun
ORD003744,2025-11-04,CUST00749,PROD0019,1,0.05,226.8,215.46,137.47,77.99,UPI,Delivered,5.0,Decor Product 19,Home & Kitchen,Decor,213.84,Customer 749,East,Ranchi,2024-05-13,2025,11,Nov
ORD003745,2025-08-09,CUST00285,PROD0032,4,0.1,15.26,54.94,32.96,21.98,Debit Card,Delivered,5.0,Skincare Product 32,Beauty,Skincare,14.13,Customer 285,Central,Kanpur,2023-12-05,2025,8,Aug
ORD003746,2025-01-09,CUST00330,PROD0095,4,0.15,38.29,130.19,101.81,28.38,Credit Card,Delivered,2.0,Business Product 95,Books,Business,37.34,Customer 330,North,Chandigarh,2023-11-27,2025,1,Jan
ORD003747,2025-10-16,CUST00050,PROD0029,1,0.1,55.86,50.27,32.17,18.1,Credit Card,Delivered,3.0,Women Product 29,Fashion,Women,56.34,Customer 50,South,Kochi,2025-05-04,2025,10,Oct
ORD003748,2025-04-23,CUST00773,PROD0041,1,0.0,359.73,359.73,221.21,138.52,Net Banking,Delivered,3.0,Accessories Product 41,Electronics,Accessories,390.82,Customer 773,North,Lucknow,2023-11-10,2025,4,Apr
ORD003749,2025-07-24,CUST00378,PROD0075,3,0.0,216.44,649.32,432.56,216.76,UPI,Delivered,3.0,Decor Product 75,Home & Kitchen,Decor,221.86,Customer 378,West,Mumbai,2024-07-22,2025,7,Jul
ORD003750,2025-07-05,CUST01000,PROD0045,1,0.0,188.32,188.32,127.34,60.98,UPI,Delivered,3.0,Kitchen Product 45,Home & Kitchen,Kitchen,184.1,Customer 1000,Central,Kanpur,2024-02-09,2025,7,Jul
ORD003751,2025-12-07,CUST00774,PROD0013,3,0.15,809.99,2065.47,1359.62,705.85,Credit Card,Delivered,3.0,Laptops Product 13,Electronics,Laptops,769.31,Customer 774,East,Kolkata,2025-03-27,2025,12,Dec
ORD003752,2025-07-16,CUST01168,PROD0027,4,0.1,416.29,1498.64,1220.43,278.21,UPI,Delivered,1.0,Decor Product 27,Home & Kitchen,Decor,431.04,Customer 1168,East,Kolkata,2025-01-11,2025,7,Jul
ORD003753,2025-09-23,CUST01084,PROD0120,4,0.2,12.61,40.35,31.93,8.42,UPI,Delivered,1.0,Self Help Product 120,Books,Self Help,13.3,Customer 1084,Central,Nagpur,2024-03-25,2025,9,Sep
ORD003754,2025-09-19,CUST00868,PROD0019,1,0.15,205.36,174.56,137.82,36.74,UPI,Delivered,4.0,Decor Product 19,Home & Kitchen,Decor,213.84,Customer 868,South,Hyderabad,2024-09-10,2025,9,Sep
ORD003755,2025-09-05,CUST01099,PROD0026,1,0.0,223.78,223.78,151.21,72.57,UPI,Delivered,3.0,Men Product 26,Fashion,Men,225.85,Customer 1099,Central,Indore,2025-06-19,2025,9,Sep
ORD003756,2025-04-25,CUST00003,PROD0053,2,0.0,21.64,43.28,35.1,8.18,COD,Delivered,2.0,Self Help Product 53,Books,Self Help,22.79,Customer 3,Central,Kanpur,2023-12-15,2025,4,Apr
ORD003757,2025-05-01,CUST00748,PROD0051,4,0.1,174.58,628.49,467.7,160.79,Credit Card,Delivered,3.0,Furniture Product 51,Home & Kitchen,Furniture,183.5,Customer 748,North,Lucknow,2023-12-20,2025,5,May
ORD003758,2025-05-21,CUST01472,PROD0037,3,0.2,180.13,432.31,337.06,95.25,Credit Card,Delivered,3.0,Sportswear Product 37,Sports,Sportswear,193.95,Customer 1472,South,Kochi,2024-07-20,2025,5,May
ORD003759,2025-03-06,CUST00275,PROD0112,3,0.0,241.27,723.81,506.82,216.99,Debit Card,Delivered,4.0,Kitchen Product 112,Home & Kitchen,Kitchen,221.08,Customer 275,South,Kochi,2024-11-04,2025,3,Mar
ORD003760,2025-10-03,CUST00215,PROD0009,1,0.15,290.77,247.15,152.87,94.28,Debit Card,Delivered,2.0,Furniture Product 9,Home & Kitchen,Furniture,301.64,Customer 215,South,Kochi,2025-03-14,2025,10,Oct
ORD003761,2025-11-09,CUST00329,PROD0092,1,0.05,62.46,59.34,47.05,12.29,Credit Card,Delivered,8.0,Haircare Product 92,Beauty,Haircare,57.6,Customer 329,West,Ahmedabad,2024-07-18,2025,11,Nov
ORD003762,2025-08-27,CUST00255,PROD0096,4,0.05,211.81,804.88,560.79,244.09,UPI,Delivered,3.0,Footwear Product 96,Fashion,Footwear,210.2,Customer 255,East,Bhubaneswar,2023-07-11,2025,8,Aug
ORD003763,2025-10-29,CUST01411,PROD0052,4,0.2,60.72,194.3,157.86,36.44,UPI,Delivered,4.0,Self Help Product 52,Books,Self Help,58.02,Customer 1411,Central,Bhopal,2023-12-11,2025,10,Oct
ORD003764,2025-01-10,CUST00126,PROD0054,2,0.0,89.67,179.34,114.99,64.35,UPI,Delivered,6.0,Makeup Product 54,Beauty,Makeup,95.89,Customer 126,South,Chennai,2023-10-06,2025,1,Jan
ORD003765,2025-08-21,CUST00767,PROD0003,3,0.1,584.79,1578.93,1291.83,287.1,Net Banking,Delivered,1.0,Accessories Product 3,Electronics,Accessories,564.08,Customer 767,West,Pune,2023-09-26,2025,8,Aug
ORD003766,2025-07-14,CUST01348,PROD0115,1,0.0,353.77,353.77,224.07,129.7,Debit Card,Delivered,4.0,Smartphones Product 115,Electronics,Smartphones,361.73,Customer 1348,North,Lucknow,2024-12-08,2025,7,Jul
ORD003767,2025-01-12,CUST01228,PROD0096,1,0.15,197.39,167.78,112.14,55.64,Credit Card,Delivered,4.0,Footwear Product 96,Fashion,Footwear,210.2,Customer 1228,Central,Nagpur,2023-12-30,2025,1,Jan
ORD003768,2025-06-26,CUST01196,PROD0069,1,0.15,159.32,135.42,97.85,37.57,Credit Card,Delivered,1.0,Women Product 69,Fashion,Women,144.62,Customer 1196,West,Ahmedabad,2023-09-13,2025,6,Jun
ORD003769,2025-06-26,CUST00217,PROD0008,1,0.2,481.34,385.07,287.42,97.65,Credit Card,Cancelled,,Decor Product 8,Home & Kitchen,Decor,462.5,Customer 217,West,Mumbai,2024-05-03,2025,6,Jun
ORD003770,2025-08-05,CUST01269,PROD0014,3,0.0,124.27,372.81,280.68,92.13,Credit Card,Delivered,2.0,Accessories Product 14,Electronics,Accessories,128.33,Customer 1269,East,Kolkata,2024-05-30,2025,8,Aug
ORD003771,2025-01-11,CUST01360,PROD0120,1,0.0,13.35,13.35,9.27,4.08,UPI,Delivered,4.0,Self Help Product 120,Books,Self Help,13.3,Customer 1360,Central,Kanpur,2023-07-07,2025,1,Jan
ORD003772,2025-04-28,CUST01322,PROD0003,1,0.1,559.22,503.3,301.19,202.11,UPI,Delivered,3.0,Accessories Product 3,Electronics,Accessories,564.08,Customer 1322,East,Ranchi,2024-06-08,2025,4,Apr
ORD003773,2025-06-13,CUST00832,PROD0024,1,0.05,298.92,283.97,198.51,85.46,Net Banking,Delivered,5.0,Equipment Product 24,Sports,Equipment,281.97,Customer 832,South,Hyderabad,2025-01-20,2025,6,Jun
ORD003774,2025-02-08,CUST00182,PROD0013,3,0.1,801.23,2163.32,1428.49,734.83,Debit Card,Delivered,7.0,Laptops Product 13,Electronics,Laptops,769.31,Customer 182,Central,Bhopal,2023-08-01,2025,2,Feb
ORD003775,2025-02-22,CUST00334,PROD0043,2,0.1,46.9,84.42,62.29,22.13,UPI,Delivered,6.0,Skincare Product 43,Beauty,Skincare,50.76,Customer 334,Central,Indore,2024-02-05,2025,2,Feb
ORD003776,2025-08-06,CUST00511,PROD0029,4,0.0,54.06,216.24,134.88,81.36,UPI,Delivered,3.0,Women Product 29,Fashion,Women,56.34,Customer 511,South,Chennai,2023-07-31,2025,8,Aug
ORD003777,2025-07-25,CUST00383,PROD0072,2,0.15,16.26,27.64,18.64,9.0,UPI,Delivered,2.0,Technology Product 72,Books,Technology,16.01,Customer 383,North,Chandigarh,2023-07-21,2025,7,Jul
ORD003778,2025-11-08,CUST01223,PROD0051,2,0.15,185.17,314.79,255.57,59.22,Debit Card,Cancelled,,Furniture Product 51,Home & Kitchen,Furniture,183.5,Customer 1223,South,Chennai,2023-12-16,2025,11,Nov
ORD003779,2025-12-26,CUST00332,PROD0042,1,0.25,275.55,206.66,124.27,82.39,Debit Card,Delivered,4.0,Accessories Product 42,Electronics,Accessories,269.27,Customer 332,East,Bhubaneswar,2023-10-10,2025,12,Dec
ORD003780,2025-02-25,CUST01189,PROD0031,1,0.05,269.61,256.13,185.58,70.55,Credit Card,Delivered,3.0,Furniture Product 31,Home & Kitchen,Furniture,253.64,Customer 1189,North,Jaipur,2024-06-02,2025,2,Feb
ORD003781,2025-04-28,CUST01266,PROD0063,2,0.05,289.05,549.2,330.48,218.72,COD,Delivered,3.0,Kitchen Product 63,Home & Kitchen,Kitchen,273.62,Customer 1266,East,Bhubaneswar,2023-04-11,2025,4,Apr
ORD003782,2025-09-10,CUST00900,PROD0026,2,0.0,224.62,449.24,277.49,171.75,Net Banking,Delivered,2.0,Men Product 26,Fashion,Men,225.85,Customer 900,South,Hyderabad,2023-12-21,2025,9,Sep
ORD003783,2025-10-13,CUST00642,PROD0018,2,0.0,241.41,482.82,350.13,132.69,Net Banking,Delivered,3.0,Furniture Product 18,Home & Kitchen,Furniture,220.36,Customer 642,Central,Nagpur,2023-10-04,2025,10,Oct
ORD003784,2025-09-25,CUST01251,PROD0082,2,0.05,589.57,1120.18,769.07,351.11,UPI,Delivered,2.0,Laptops Product 82,Electronics,Laptops,632.19,Customer 1251,North,Jaipur,2023-04-20,2025,9,Sep
ORD003785,2025-10-18,CUST00634,PROD0057,1,0.25,32.06,24.04,17.11,6.93,Credit Card,Delivered,3.0,Fitness Product 57,Sports,Fitness,30.92,Customer 634,South,Bengaluru,2023-07-15,2025,10,Oct
ORD003786,2025-11-29,CUST00451,PROD0007,3,0.0,17.0,51.0,40.35,10.65,Credit Card,Delivered,3.0,Haircare Product 7,Beauty,Haircare,15.32,Customer 451,North,Jaipur,2023-06-03,2025,11,Nov
ORD003787,2025-06-29,CUST00196,PROD0112,1,0.05,227.67,216.29,167.87,48.42,Credit Card,Delivered,7.0,Kitchen Product 112,Home & Kitchen,Kitchen,221.08,Customer 196,South,Hyderabad,2024-10-12,2025,6,Jun
ORD003788,2025-12-24,CUST01228,PROD0102,1,0.0,52.82,52.82,41.89,10.93,Net Banking,Cancelled,,Makeup Product 102,Beauty,Makeup,52.24,Customer 1228,Central,Nagpur,2023-12-30,2025,12,Dec
ORD003789,2025-08-23,CUST00458,PROD0048,1,0.05,103.75,98.56,71.74,26.82,UPI,Delivered,3.0,Fragrance Product 48,Beauty,Fragrance,109.58,Customer 458,Central,Kanpur,2025-06-09,2025,8,Aug
ORD003790,2025-12-09,CUST00830,PROD0080,3,0.0,42.51,127.53,88.95,38.58,Net Banking,Cancelled,,Skincare Product 80,Beauty,Skincare,39.29,Customer 830,South,Hyderabad,2024-06-01,2025,12,Dec
ORD003791,2025-07-15,CUST00257,PROD0119,4,0.1,513.85,1849.86,1276.79,573.07,Credit Card,Delivered,5.0,Smartphones Product 119,Electronics,Smartphones,516.56,Customer 257,North,Jaipur,2025-04-28,2025,7,Jul
ORD003792,2025-11-04,CUST01296,PROD0120,2,0.05,14.1,26.79,20.29,6.5,UPI,Delivered,3.0,Self Help Product 120,Books,Self Help,13.3,Customer 1296,West,Ahmedabad,2024-03-21,2025,11,Nov
ORD003793,2025-03-21,CUST00009,PROD0060,1,0.0,117.28,117.28,82.7,34.58,Credit Card,Delivered,1.0,Outdoor Product 60,Sports,Outdoor,122.23,Customer 9,South,Hyderabad,2025-01-09,2025,3,Mar
ORD003794,2025-05-15,CUST00761,PROD0033,2,0.0,39.24,78.48,47.51,30.97,UPI,Delivered,4.0,Business Product 33,Books,Business,42.27,Customer 761,Central,Nagpur,2023-10-22,2025,5,May
ORD003795,2025-01-22,CUST00949,PROD0120,1,0.1,13.05,11.74,7.21,4.53,UPI,Delivered,3.0,Self Help Product 120,Books,Self Help,13.3,Customer 949,Central,Kanpur,2024-08-15,2025,1,Jan
ORD003796,2025-11-27,CUST01225,PROD0115,1,0.05,353.15,335.49,223.34,112.15,Net Banking,Delivered,3.0,Smartphones Product 115,Electronics,Smartphones,361.73,Customer 1225,West,Surat,2024-06-06,2025,11,Nov
ORD003797,2025-08-13,CUST01083,PROD0003,1,0.0,617.5,617.5,368.2,249.3,Debit Card,Delivered,5.0,Accessories Product 3,Electronics,Accessories,564.08,Customer 1083,Central,Nagpur,2024-11-13,2025,8,Aug
ORD003798,2025-02-27,CUST00887,PROD0102,2,0.2,57.09,91.34,58.22,33.12,UPI,Delivered,2.0,Makeup Product 102,Beauty,Makeup,52.24,Customer 887,South,Kochi,2023-05-16,2025,2,Feb
ORD003799,2025-04-03,CUST00393,PROD0004,1,0.05,11.17,10.61,7.83,2.78,COD,Delivered,3.0,Technology Product 4,Books,Technology,10.88,Customer 393,West,Surat,2024-04-18,2025,4,Apr
ORD003800,2025-07-11,CUST01143,PROD0100,1,0.1,97.19,87.47,50.99,36.48,UPI,Delivered,3.0,Men Product 100,Fashion,Men,105.21,Customer 1143,East,Ranchi,2023-04-03,2025,7,Jul
ORD003801,2025-04-13,CUST00399,PROD0004,3,0.2,10.51,25.22,18.28,6.94,UPI,Delivered,1.0,Technology Product 4,Books,Technology,10.88,Customer 399,West,Surat,2024-08-05,2025,4,Apr
ORD003802,2025-01-07,CUST00331,PROD0042,2,0.05,282.14,536.07,410.29,125.78,UPI,Delivered,5.0,Accessories Product 42,Electronics,Accessories,269.27,Customer 331,East,Bhubaneswar,2025-06-19,2025,1,Jan
ORD003803,2025-05-08,CUST01291,PROD0009,3,0.15,283.63,723.26,449.03,274.23,UPI,Delivered,5.0,Furniture Product 9,Home & Kitchen,Furniture,301.64,Customer 1291,East,Kolkata,2023-05-08,2025,5,May
ORD003804,2025-02-24,CUST00480,PROD0104,3,0.2,73.01,175.22,109.24,65.98,UPI,Delivered,4.0,Footwear Product 104,Fashion,Footwear,68.87,Customer 480,South,Kochi,2023-02-15,2025,2,Feb
ORD003805,2025-08-19,CUST00134,PROD0051,3,0.0,169.26,507.78,298.03,209.75,Net Banking,Delivered,6.0,Furniture Product 51,Home & Kitchen,Furniture,183.5,Customer 134,Central,Indore,2025-04-04,2025,8,Aug
ORD003806,2025-12-28,CUST00916,PROD0017,2,0.2,16.01,25.62,18.01,7.61,COD,Delivered,3.0,Equipment Product 17,Sports,Equipment,15.15,Customer 916,South,Bengaluru,2024-12-27,2025,12,Dec
ORD003807,2025-03-03,CUST00935,PROD0017,3,0.0,16.5,49.5,36.49,13.01,Net Banking,Delivered,2.0,Equipment Product 17,Sports,Equipment,15.15,Customer 935,West,Pune,2024-09-07,2025,3,Mar
ORD003808,2025-08-28,CUST00355,PROD0097,2,0.05,60.15,114.28,78.81,35.47,Debit Card,Delivered,1.0,Self Help Product 97,Books,Self Help,59.33,Customer 355,South,Kochi,2024-11-09,2025,8,Aug
ORD003809,2025-03-31,CUST00584,PROD0020,2,0.15,103.65,176.2,118.67,57.53,Debit Card,Returned,4.0,Skincare Product 20,Beauty,Skincare,95.46,Customer 584,East,Kolkata,2025-01-11,2025,3,Mar
ORD003810,2025-08-20,CUST00625,PROD0014,4,0.2,138.12,441.98,304.55,137.43,Credit Card,Delivered,3.0,Accessories Product 14,Electronics,Accessories,128.33,Customer 625,South,Chennai,2023-08-30,2025,8,Aug
ORD003811,2025-08-21,CUST01131,PROD0022,1,0.1,207.21,186.49,143.14,43.35,Credit Card,Delivered,5.0,Kitchen Product 22,Home & Kitchen,Kitchen,196.54,Customer 1131,North,Delhi,2025-04-30,2025,8,Aug
ORD003812,2025-12-20,CUST00290,PROD0052,1,0.0,58.54,58.54,34.42,24.12,Debit Card,Delivered,3.0,Self Help Product 52,Books,Self Help,58.02,Customer 290,East,Bhubaneswar,2024-01-25,2025,12,Dec
ORD003813,2025-11-29,CUST00825,PROD0027,3,0.1,420.0,1134.0,871.04,262.96,COD,Delivered,2.0,Decor Product 27,Home & Kitchen,Decor,431.04,Customer 825,East,Patna,2024-07-13,2025,11,Nov
ORD003814,2025-10-19,CUST00629,PROD0043,1,0.1,55.44,49.9,36.92,12.98,UPI,Cancelled,,Skincare Product 43,Beauty,Skincare,50.76,Customer 629,North,Lucknow,2024-08-18,2025,10,Oct
ORD003815,2025-12-11,CUST01019,PROD0003,2,0.05,592.12,1125.03,717.7,407.33,UPI,Delivered,3.0,Accessories Product 3,Electronics,Accessories,564.08,Customer 1019,East,Bhubaneswar,2023-04-14,2025,12,Dec
ORD003816,2025-06-01,CUST00632,PROD0088,1,0.25,88.19,66.14,46.69,19.45,UPI,Cancelled,,Accessories Product 88,Fashion,Accessories,81.69,Customer 632,Central,Nagpur,2023-03-10,2025,6,Jun
ORD003817,2025-05-25,CUST01171,PROD0094,1,0.05,28.01,26.61,15.75,10.86,Credit Card,Delivered,4.0,Footwear Product 94,Fashion,Footwear,27.18,Customer 1171,East,Patna,2024-03-13,2025,5,May
ORD003818,2025-05-10,CUST00327,PROD0008,2,0.0,441.4,882.8,592.45,290.35,Credit Card,Delivered,2.0,Decor Product 8,Home & Kitchen,Decor,462.5,Customer 327,North,Chandigarh,2023-01-12,2025,5,May
ORD003819,2025-05-21,CUST01439,PROD0086,1,0.0,403.23,403.23,250.72,152.51,Credit Card,Delivered,5.0,Audio Product 86,Electronics,Audio,361.35,Customer 1439,Central,Bhopal,2024-11-16,2025,5,May
ORD003820,2025-04-03,CUST00210,PROD0089,1,0.05,447.83,425.44,249.03,176.41,UPI,Delivered,6.0,Kitchen Product 89,Home & Kitchen,Kitchen,468.17,Customer 210,Central,Kanpur,2025-01-22,2025,4,Apr
ORD003821,2025-04-24,CUST01320,PROD0010,1,0.1,979.52,881.57,586.86,294.71,Credit Card,Delivered,3.0,Smartphones Product 10,Electronics,Smartphones,888.66,Customer 1320,South,Hyderabad,2024-05-17,2025,4,Apr
ORD003822,2025-10-11,CUST01422,PROD0113,1,0.0,462.19,462.19,348.61,113.58,Credit Card,Cancelled,,Smartphones Product 113,Electronics,Smartphones,480.63,Customer 1422,Central,Nagpur,2024-06-08,2025,10,Oct
ORD003823,2025-05-23,CUST01127,PROD0029,1,0.15,56.04,47.63,38.15,9.48,Credit Card,Delivered,1.0,Women Product 29,Fashion,Women,56.34,Customer 1127,North,Chandigarh,2024-05-25,2025,5,May
ORD003824,2025-08-11,CUST00636,PROD0040,3,0.0,272.85,818.55,604.86,213.69,Net Banking,Delivered,3.0,Appliances Product 40,Home & Kitchen,Appliances,270.68,Customer 636,South,Kochi,2024-03-19,2025,8,Aug
ORD003825,2025-08-20,CUST00868,PROD0118,1,0.05,144.57,137.34,92.91,44.43,Credit Card,Delivered,4.0,Kitchen Product 118,Home & Kitchen,Kitchen,130.92,Customer 868,South,Hyderabad,2024-09-10,2025,8,Aug
ORD003826,2025-02-02,CUST01233,PROD0065,3,0.15,196.24,500.41,410.28,90.13,UPI,Delivered,3.0,Women Product 65,Fashion,Women,178.78,Customer 1233,East,Bhubaneswar,2023-02-19,2025,2,Feb
ORD003827,2025-10-03,CUST00428,PROD0116,4,0.0,55.84,223.36,144.72,78.64,UPI,Delivered,1.0,Men Product 116,Fashion,Men,51.48,Customer 428,Central,Nagpur,2024-02-18,2025,10,Oct
ORD003828,2025-06-19,CUST00393,PROD0021,4,0.1,12.95,46.62,29.13,17.49,UPI,Delivered,5.0,Technology Product 21,Books,Technology,13.01,Customer 393,West,Surat,2024-04-18,2025,6,Jun
ORD003829,2025-05-20,CUST00826,PROD0103,1,0.15,36.09,30.68,21.21,9.47,UPI,Delivered,7.0,Women Product 103,Fashion,Women,39.19,Customer 826,West,Mumbai,2023-07-13,2025,5,May
ORD003830,2025-12-23,CUST00916,PROD0024,1,0.1,297.85,268.07,187.96,80.11,UPI,Delivered,3.0,Equipment Product 24,Sports,Equipment,281.97,Customer 916,South,Bengaluru,2024-12-27,2025,12,Dec
ORD003831,2025-07-20,CUST01133,PROD0073,1,0.1,9.4,8.46,5.63,2.83,Debit Card,Delivered,1.0,Business Product 73,Books,Business,9.38,Customer 1133,South,Bengaluru,2023-03-05,2025,7,Jul
ORD003832,2025-01-23,CUST00348,PROD0060,4,0.15,130.96,445.26,332.57,112.69,UPI,Delivered,3.0,Outdoor Product 60,Sports,Outdoor,122.23,Customer 348,East,Ranchi,2024-05-03,2025,1,Jan
ORD003833,2025-08-12,CUST00050,PROD0108,1,0.25,402.98,302.24,188.64,113.6,Net Banking,Returned,5.0,Kitchen Product 108,Home & Kitchen,Kitchen,373.49,Customer 50,South,Kochi,2025-05-04,2025,8,Aug
ORD003834,2025-09-27,CUST00916,PROD0118,2,0.0,131.96,263.92,185.4,78.52,UPI,Delivered,4.0,Kitchen Product 118,Home & Kitchen,Kitchen,130.92,Customer 916,South,Bengaluru,2024-12-27,2025,9,Sep
ORD003835,2025-12-13,CUST01129,PROD0026,2,0.1,241.57,434.83,304.39,130.44,UPI,Delivered,3.0,Men Product 26,Fashion,Men,225.85,Customer 1129,North,Lucknow,2023-07-01,2025,12,Dec
ORD003836,2025-06-02,CUST01444,PROD0009,2,0.0,328.18,656.36,510.46,145.9,UPI,Delivered,3.0,Furniture Product 9,Home & Kitchen,Furniture,301.64,Customer 1444,East,Patna,2023-04-21,2025,6,Jun
ORD003837,2025-11-29,CUST01397,PROD0020,2,0.0,105.55,211.1,169.4,41.7,COD,Delivered,2.0,Skincare Product 20,Beauty,Skincare,95.46,Customer 1397,West,Ahmedabad,2024-09-02,2025,11,Nov
ORD003838,2025-03-26,CUST01051,PROD0056,1,0.05,86.96,82.61,61.06,21.55,Credit Card,Returned,3.0,Women Product 56,Fashion,Women,83.9,Customer 1051,South,Bengaluru,2024-11-29,2025,3,Mar
ORD003839,2025-04-19,CUST00968,PROD0099,4,0.25,207.47,622.41,406.61,215.8,Credit Card,Delivered,3.0,Fitness Product 99,Sports,Fitness,192.87,Customer 968,South,Kochi,2023-08-10,2025,4,Apr
ORD003840,2025-01-31,CUST00800,PROD0036,2,0.1,382.67,688.81,513.51,175.3,UPI,Delivered,4.0,Furniture Product 36,Home & Kitchen,Furniture,375.57,Customer 800,West,Surat,2023-04-03,2025,1,Jan
ORD003841,2025-08-17,CUST01297,PROD0106,4,0.05,141.81,538.88,345.06,193.82,Debit Card,Cancelled,,Women Product 106,Fashion,Women,152.76,Customer 1297,Central,Kanpur,2023-12-09,2025,8,Aug
ORD003842,2025-08-28,CUST01017,PROD0036,1,0.0,357.18,357.18,290.02,67.16,Debit Card,Returned,6.0,Furniture Product 36,Home & Kitchen,Furniture,375.57,Customer 1017,Central,Nagpur,2025-02-05,2025,8,Aug
ORD003843,2025-12-29,CUST00649,PROD0118,4,0.2,123.8,396.16,307.96,88.2,UPI,Delivered,3.0,Kitchen Product 118,Home & Kitchen,Kitchen,130.92,Customer 649,West,Ahmedabad,2025-01-18,2025,12,Dec
ORD003844,2025-11-06,CUST01364,PROD0073,2,0.05,8.95,17.0,11.62,5.38,Debit Card,Delivered,3.0,Business Product 73,Books,Business,9.38,Customer 1364,Central,Kanpur,2023-11-06,2025,11,Nov
ORD003845,2025-05-21,CUST00301,PROD0022,1,0.05,181.22,172.16,132.26,39.9,UPI,Delivered,4.0,Kitchen Product 22,Home & Kitchen,Kitchen,196.54,Customer 301,Central,Kanpur,2023-03-30,2025,5,May
ORD003846,2025-06-05,CUST01289,PROD0001,4,0.2,430.42,1377.34,933.94,443.4,UPI,Delivered,2.0,Kitchen Product 1,Home & Kitchen,Kitchen,394.25,Customer 1289,North,Chandigarh,2023-09-23,2025,6,Jun
ORD003847,2025-10-26,CUST00166,PROD0069,4,0.1,149.25,537.3,321.26,216.04,Debit Card,Cancelled,,Women Product 69,Fashion,Women,144.62,Customer 166,South,Kochi,2025-05-18,2025,10,Oct
ORD003848,2025-12-11,CUST00316,PROD0073,1,0.0,9.35,9.35,7.01,2.34,COD,Delivered,3.0,Business Product 73,Books,Business,9.38,Customer 316,North,Delhi,2024-03-26,2025,12,Dec
ORD003849,2025-04-09,CUST00001,PROD0037,1,0.05,194.33,184.61,125.0,59.61,Debit Card,Delivered,1.0,Sportswear Product 37,Sports,Sportswear,193.95,Customer 1,Central,Nagpur,2023-06-04,2025,4,Apr
ORD003850,2025-02-16,CUST01020,PROD0102,1,0.2,52.9,42.32,33.99,8.33,UPI,Delivered,3.0,Makeup Product 102,Beauty,Makeup,52.24,Customer 1020,East,Bhubaneswar,2023-03-18,2025,2,Feb
ORD003851,2025-11-23,CUST01285,PROD0083,4,0.2,38.58,123.46,80.69,42.77,UPI,Delivered,4.0,Business Product 83,Books,Business,41.27,Customer 1285,North,Chandigarh,2023-07-09,2025,11,Nov
ORD003852,2025-03-08,CUST00063,PROD0072,2,0.0,15.61,31.22,24.43,6.79,COD,Delivered,5.0,Technology Product 72,Books,Technology,16.01,Customer 63,Central,Bhopal,2025-01-02,2025,3,Mar
ORD003853,2025-03-03,CUST00483,PROD0106,2,0.05,166.56,316.46,235.23,81.23,UPI,Delivered,4.0,Women Product 106,Fashion,Women,152.76,Customer 483,Central,Nagpur,2023-09-19,2025,3,Mar
ORD003854,2025-04-19,CUST01345,PROD0107,2,0.0,214.43,428.86,336.57,92.29,Debit Card,Delivered,4.0,Equipment Product 107,Sports,Equipment,200.64,Customer 1345,North,Lucknow,2025-06-30,2025,4,Apr
ORD003855,2025-06-16,CUST01225,PROD0096,1,0.1,217.07,195.36,126.99,68.37,Debit Card,Delivered,5.0,Footwear Product 96,Fashion,Footwear,210.2,Customer 1225,West,Surat,2024-06-06,2025,6,Jun
ORD003856,2025-02-06,CUST00222,PROD0013,1,0.15,781.73,664.47,458.96,205.51,Credit Card,Delivered,5.0,Laptops Product 13,Electronics,Laptops,769.31,Customer 222,Central,Kanpur,2025-02-21,2025,2,Feb
ORD003857,2025-04-29,CUST00152,PROD0084,3,0.05,22.98,65.49,50.92,14.57,UPI,Delivered,3.0,Fiction Product 84,Books,Fiction,23.65,Customer 152,West,Pune,2023-12-08,2025,4,Apr
ORD003858,2025-03-27,CUST00644,PROD0100,2,0.15,106.71,181.41,133.25,48.16,UPI,Delivered,4.0,Men Product 100,Fashion,Men,105.21,Customer 644,East,Patna,2023-11-15,2025,3,Mar
ORD003859,2025-02-21,CUST00626,PROD0043,4,0.1,52.77,189.97,126.59,63.38,Credit Card,Delivered,3.0,Skincare Product 43,Beauty,Skincare,50.76,Customer 626,East,Ranchi,2024-03-30,2025,2,Feb
ORD003860,2025-04-01,CUST01486,PROD0108,1,0.15,396.84,337.31,237.09,100.22,COD,Delivered,4.0,Kitchen Product 108,Home & Kitchen,Kitchen,373.49,Customer 1486,East,Bhubaneswar,2024-02-21,2025,4,Apr
ORD003861,2025-10-16,CUST00217,PROD0037,3,0.2,184.9,443.76,363.47,80.29,UPI,Delivered,3.0,Sportswear Product 37,Sports,Sportswear,193.95,Customer 217,West,Mumbai,2024-05-03,2025,10,Oct
ORD003862,2025-12-03,CUST00196,PROD0094,1,0.05,29.43,27.96,21.19,6.77,Credit Card,Cancelled,,Footwear Product 94,Fashion,Footwear,27.18,Customer 196,South,Hyderabad,2024-10-12,2025,12,Dec
ORD003863,2025-10-25,CUST01226,PROD0074,1,0.05,212.93,202.28,147.16,55.12,Debit Card,Delivered,2.0,Women Product 74,Fashion,Women,215.26,Customer 1226,North,Jaipur,2023-04-08,2025,10,Oct
ORD003864,2025-07-23,CUST00995,PROD0095,1,0.1,38.11,34.3,26.71,7.59,Credit Card,Delivered,4.0,Business Product 95,Books,Business,37.34,Customer 995,East,Bhubaneswar,2024-11-07,2025,7,Jul
ORD003865,2025-08-26,CUST01015,PROD0025,2,0.15,291.54,495.62,340.04,155.58,Credit Card,Delivered,4.0,Kitchen Product 25,Home & Kitchen,Kitchen,279.9,Customer 1015,West,Pune,2024-05-18,2025,8,Aug
ORD003866,2025-06-04,CUST00647,PROD0093,3,0.0,379.98,1139.94,921.09,218.85,Debit Card,Delivered,4.0,Appliances Product 93,Home & Kitchen,Appliances,373.4,Customer 647,North,Lucknow,2025-05-05,2025,6,Jun
ORD003867,2025-08-28,CUST01258,PROD0088,2,0.15,84.5,143.65,102.35,41.3,Net Banking,Delivered,1.0,Accessories Product 88,Fashion,Accessories,81.69,Customer 1258,South,Chennai,2024-10-11,2025,8,Aug
ORD003868,2025-05-16,CUST01165,PROD0103,2,0.0,36.93,73.86,48.63,25.23,UPI,Delivered,6.0,Women Product 103,Fashion,Women,39.19,Customer 1165,Central,Bhopal,2023-01-13,2025,5,May
ORD003869,2025-12-28,CUST00708,PROD0021,1,0.0,13.09,13.09,7.86,5.23,Net Banking,Delivered,1.0,Technology Product 21,Books,Technology,13.01,Customer 708,South,Bengaluru,2025-01-27,2025,12,Dec
ORD003870,2025-03-05,CUST01081,PROD0041,2,0.0,381.48,762.96,511.31,251.65,Credit Card,Delivered,6.0,Accessories Product 41,Electronics,Accessories,390.82,Customer 1081,West,Pune,2024-01-18,2025,3,Mar
ORD003871,2025-05-03,CUST01166,PROD0073,1,0.25,8.79,6.59,4.72,1.87,Debit Card,Delivered,5.0,Business Product 73,Books,Business,9.38,Customer 1166,South,Kochi,2025-04-13,2025,5,May
ORD003872,2025-09-11,CUST00722,PROD0042,2,0.1,258.05,464.49,347.8,116.69,UPI,Delivered,2.0,Accessories Product 42,Electronics,Accessories,269.27,Customer 722,East,Kolkata,2024-06-23,2025,9,Sep
ORD003873,2025-04-24,CUST00640,PROD0042,1,0.0,280.17,280.17,221.34,58.83,Credit Card,Delivered,2.0,Accessories Product 42,Electronics,Accessories,269.27,Customer 640,North,Chandigarh,2024-06-18,2025,4,Apr
ORD003874,2025-01-20,CUST00106,PROD0002,1,0.25,28.66,21.5,17.34,4.16,UPI,Delivered,3.0,Decor Product 2,Home & Kitchen,Decor,29.88,Customer 106,North,Lucknow,2023-09-28,2025,1,Jan
ORD003875,2025-01-16,CUST00165,PROD0068,1,0.15,93.77,79.7,48.19,31.51,Credit Card,Delivered,6.0,Kitchen Product 68,Home & Kitchen,Kitchen,98.06,Customer 165,East,Patna,2024-12-02,2025,1,Jan
ORD003876,2025-05-25,CUST00215,PROD0008,1,0.15,476.64,405.14,293.41,111.73,UPI,Delivered,7.0,Decor Product 8,Home & Kitchen,Decor,462.5,Customer 215,South,Kochi,2025-03-14,2025,5,May
ORD003877,2025-07-27,CUST01095,PROD0096,4,0.0,231.42,925.68,684.99,240.69,Net Banking,Delivered,2.0,Footwear Product 96,Fashion,Footwear,210.2,Customer 1095,South,Hyderabad,2024-06-23,2025,7,Jul
ORD003878,2025-01-19,CUST00090,PROD0061,1,0.0,94.09,94.09,58.46,35.63,Debit Card,Delivered,3.0,Outdoor Product 61,Sports,Outdoor,87.3,Customer 90,East,Patna,2025-01-23,2025,1,Jan
ORD003879,2025-06-15,CUST00874,PROD0014,3,0.1,141.29,381.48,271.21,110.27,Net Banking,Delivered,2.0,Accessories Product 14,Electronics,Accessories,128.33,Customer 874,North,Lucknow,2023-03-03,2025,6,Jun
ORD003880,2025-02-07,CUST01252,PROD0113,1,0.15,498.22,423.49,279.66,143.83,Credit Card,Delivered,3.0,Smartphones Product 113,Electronics,Smartphones,480.63,Customer 1252,East,Patna,2023-07-11,2025,2,Feb
ORD003881,2025-06-30,CUST01103,PROD0077,1,0.1,138.32,124.49,74.52,49.97,Net Banking,Delivered,8.0,Accessories Product 77,Fashion,Accessories,138.05,Customer 1103,West,Surat,2024-07-15,2025,6,Jun
ORD003882,2025-12-15,CUST00608,PROD0021,4,0.1,13.87,49.93,29.75,20.18,Net Banking,Delivered,8.0,Technology Product 21,Books,Technology,13.01,Customer 608,South,Hyderabad,2025-04-01,2025,12,Dec
ORD003883,2025-04-15,CUST00349,PROD0024,1,0.15,274.15,233.03,177.62,55.41,UPI,Delivered,3.0,Equipment Product 24,Sports,Equipment,281.97,Customer 349,South,Hyderabad,2023-01-19,2025,4,Apr
ORD003884,2025-04-10,CUST00894,PROD0050,2,0.0,88.88,177.76,129.36,48.4,UPI,Delivered,2.0,Smartphones Product 50,Electronics,Smartphones,95.0,Customer 894,North,Chandigarh,2025-04-09,2025,4,Apr
ORD003885,2025-03-31,CUST00246,PROD0082,1,0.1,625.19,562.67,422.92,139.75,Credit Card,Delivered,4.0,Laptops Product 82,Electronics,Laptops,632.19,Customer 246,West,Pune,2024-05-29,2025,3,Mar
ORD003886,2025-10-27,CUST00272,PROD0045,4,0.05,180.39,685.48,510.32,175.16,UPI,Cancelled,,Kitchen Product 45,Home & Kitchen,Kitchen,184.1,Customer 272,East,Patna,2025-04-05,2025,10,Oct
ORD003887,2025-11-28,CUST00403,PROD0064,1,0.0,523.99,523.99,320.8,203.19,COD,Delivered,6.0,Decor Product 64,Home & Kitchen,Decor,496.62,Customer 403,East,Bhubaneswar,2023-12-11,2025,11,Nov
ORD003888,2025-03-20,CUST01140,PROD0064,1,0.0,511.65,511.65,315.37,196.28,UPI,Returned,5.0,Decor Product 64,Home & Kitchen,Decor,496.62,Customer 1140,West,Mumbai,2024-12-26,2025,3,Mar
ORD003889,2025-03-14,CUST01459,PROD0104,1,0.15,65.26,55.47,35.53,19.94,Credit Card,Delivered,3.0,Footwear Product 104,Fashion,Footwear,68.87,Customer 1459,North,Jaipur,2025-05-20,2025,3,Mar
ORD003890,2025-06-25,CUST01466,PROD0026,2,0.2,248.82,398.11,269.04,129.07,Debit Card,Delivered,1.0,Men Product 26,Fashion,Men,225.85,Customer 1466,North,Delhi,2023-12-04,2025,6,Jun
ORD003891,2025-04-06,CUST01196,PROD0032,1,0.05,14.68,13.95,11.24,2.71,UPI,Delivered,8.0,Skincare Product 32,Beauty,Skincare,14.13,Customer 1196,West,Ahmedabad,2023-09-13,2025,4,Apr
ORD003892,2025-12-11,CUST01040,PROD0108,4,0.0,377.8,1511.2,1120.91,390.29,UPI,Delivered,4.0,Kitchen Product 108,Home & Kitchen,Kitchen,373.49,Customer 1040,Central,Bhopal,2023-12-31,2025,12,Dec
ORD003893,2025-04-13,CUST00961,PROD0057,1,0.0,34.24,34.24,21.96,12.28,UPI,Delivered,3.0,Fitness Product 57,Sports,Fitness,30.92,Customer 961,Central,Kanpur,2024-01-19,2025,4,Apr
ORD003894,2025-08-12,CUST00898,PROD0119,2,0.2,485.29,776.46,460.78,315.68,Credit Card,Delivered,3.0,Smartphones Product 119,Electronics,Smartphones,516.56,Customer 898,East,Kolkata,2024-05-14,2025,8,Aug
ORD003895,2025-01-06,CUST01080,PROD0120,2,0.1,14.34,25.81,19.21,6.6,UPI,Delivered,1.0,Self Help Product 120,Books,Self Help,13.3,Customer 1080,East,Patna,2024-06-24,2025,1,Jan
ORD003896,2025-05-02,CUST01127,PROD0053,3,0.25,22.63,50.92,37.18,13.74,Debit Card,Delivered,2.0,Self Help Product 53,Books,Self Help,22.79,Customer 1127,North,Chandigarh,2024-05-25,2025,5,May
ORD003897,2025-08-24,CUST00284,PROD0033,4,0.2,44.77,143.26,106.33,36.93,Credit Card,Delivered,1.0,Business Product 33,Books,Business,42.27,Customer 284,West,Pune,2023-06-17,2025,8,Aug
ORD003898,2025-04-26,CUST00517,PROD0052,2,0.05,64.18,121.94,78.37,43.57,Credit Card,Delivered,4.0,Self Help Product 52,Books,Self Help,58.02,Customer 517,North,Chandigarh,2023-05-31,2025,4,Apr
ORD003899,2025-06-12,CUST00618,PROD0095,4,0.0,38.22,152.88,107.64,45.24,UPI,Delivered,4.0,Business Product 95,Books,Business,37.34,Customer 618,West,Mumbai,2024-09-05,2025,6,Jun
ORD003900,2025-08-14,CUST01302,PROD0018,4,0.1,203.73,733.43,489.06,244.37,UPI,Delivered,5.0,Furniture Product 18,Home & Kitchen,Furniture,220.36,Customer 1302,South,Kochi,2024-05-04,2025,8,Aug
ORD003901,2025-08-18,CUST00612,PROD0035,2,0.0,29.21,58.42,45.35,13.07,Debit Card,Cancelled,,Footwear Product 35,Fashion,Footwear,31.55,Customer 612,Central,Nagpur,2023-05-09,2025,8,Aug
ORD003902,2025-07-01,CUST00750,PROD0012,4,0.0,299.78,1199.12,715.46,483.66,UPI,Cancelled,,Audio Product 12,Electronics,Audio,304.0,Customer 750,Central,Indore,2023-05-21,2025,7,Jul
ORD003903,2025-09-06,CUST01293,PROD0051,2,0.0,197.51,395.02,255.22,139.8,Net Banking,Delivered,4.0,Furniture Product 51,Home & Kitchen,Furniture,183.5,Customer 1293,East,Patna,2023-12-21,2025,9,Sep
ORD003904,2025-11-14,CUST00400,PROD0089,2,0.1,457.71,823.88,597.07,226.81,UPI,Delivered,3.0,Kitchen Product 89,Home & Kitchen,Kitchen,468.17,Customer 400,Central,Indore,2024-01-22,2025,11,Nov
ORD003905,2025-07-29,CUST00086,PROD0109,2,0.1,45.09,81.16,51.07,30.09,Credit Card,Delivered,6.0,Fiction Product 109,Books,Fiction,45.69,Customer 86,East,Bhubaneswar,2025-03-01,2025,7,Jul
ORD003906,2025-05-24,CUST00320,PROD0095,4,0.05,40.21,152.8,113.29,39.51,Debit Card,Delivered,4.0,Business Product 95,Books,Business,37.34,Customer 320,East,Patna,2023-06-28,2025,5,May
ORD003907,2025-12-11,CUST01056,PROD0010,4,0.1,838.22,3017.59,1849.26,1168.33,Credit Card,Delivered,3.0,Smartphones Product 10,Electronics,Smartphones,888.66,Customer 1056,East,Bhubaneswar,2025-03-13,2025,12,Dec
ORD003908,2025-04-06,CUST00336,PROD0111,1,0.0,70.36,70.36,41.19,29.17,COD,Delivered,3.0,Fiction Product 111,Books,Fiction,64.59,Customer 336,Central,Kanpur,2023-04-07,2025,4,Apr
ORD003909,2025-12-12,CUST00051,PROD0052,4,0.15,56.46,191.96,151.12,40.84,UPI,Delivered,5.0,Self Help Product 52,Books,Self Help,58.02,Customer 51,Central,Bhopal,2023-09-23,2025,12,Dec
ORD003910,2025-09-01,CUST01103,PROD0034,1,0.15,98.14,83.42,55.06,28.36,Net Banking,Delivered,1.0,Accessories Product 34,Fashion,Accessories,105.5,Customer 1103,West,Surat,2024-07-15,2025,9,Sep
ORD003911,2025-03-27,CUST00174,PROD0115,3,0.0,341.28,1023.84,632.37,391.47,UPI,Delivered,6.0,Smartphones Product 115,Electronics,Smartphones,361.73,Customer 174,South,Hyderabad,2024-01-14,2025,3,Mar
ORD003912,2025-07-03,CUST00501,PROD0067,1,0.1,214.3,192.87,119.86,73.01,UPI,Delivered,4.0,Furniture Product 67,Home & Kitchen,Furniture,192.97,Customer 501,South,Chennai,2024-08-27,2025,7,Jul
ORD003913,2025-05-01,CUST00076,PROD0110,1,0.1,409.53,368.58,292.14,76.44,UPI,Delivered,6.0,Kitchen Product 110,Home & Kitchen,Kitchen,405.37,Customer 76,Central,Nagpur,2024-11-30,2025,5,May
ORD003914,2025-11-28,CUST00316,PROD0039,3,0.0,164.25,492.75,363.19,129.56,Credit Card,Delivered,7.0,Smartphones Product 39,Electronics,Smartphones,169.11,Customer 316,North,Delhi,2024-03-26,2025,11,Nov
ORD003915,2025-04-02,CUST01397,PROD0008,3,0.05,473.72,1350.1,1092.94,257.16,Debit Card,Delivered,2.0,Decor Product 8,Home & Kitchen,Decor,462.5,Customer 1397,West,Ahmedabad,2024-09-02,2025,4,Apr
ORD003916,2025-03-11,CUST01105,PROD0096,1,0.25,222.07,166.55,128.58,37.97,Credit Card,Delivered,4.0,Footwear Product 96,Fashion,Footwear,210.2,Customer 1105,East,Kolkata,2025-01-27,2025,3,Mar
ORD003917,2025-05-13,CUST00697,PROD0107,1,0.0,197.38,197.38,150.84,46.54,Debit Card,Delivered,3.0,Equipment Product 107,Sports,Equipment,200.64,Customer 697,West,Mumbai,2024-02-05,2025,5,May
ORD003918,2025-10-06,CUST01010,PROD0029,2,0.1,60.01,108.02,75.61,32.41,Net Banking,Delivered,4.0,Women Product 29,Fashion,Women,56.34,Customer 1010,North,Jaipur,2025-06-20,2025,10,Oct
ORD003919,2025-05-17,CUST00732,PROD0022,1,0.15,190.73,162.12,125.97,36.15,Debit Card,Delivered,1.0,Kitchen Product 22,Home & Kitchen,Kitchen,196.54,Customer 732,North,Lucknow,2025-06-29,2025,5,May
ORD003920,2025-11-10,CUST01095,PROD0084,2,0.05,22.29,42.35,28.76,13.59,UPI,Delivered,6.0,Fiction Product 84,Books,Fiction,23.65,Customer 1095,South,Hyderabad,2024-06-23,2025,11,Nov
ORD003921,2025-07-06,CUST00969,PROD0070,1,0.05,107.64,102.26,79.61,22.65,UPI,Delivered,7.0,Footwear Product 70,Fashion,Footwear,104.51,Customer 969,Central,Bhopal,2023-03-02,2025,7,Jul
ORD003922,2025-08-09,CUST00854,PROD0061,4,0.2,82.95,265.44,202.23,63.21,Credit Card,Delivered,4.0,Outdoor Product 61,Sports,Outdoor,87.3,Customer 854,East,Kolkata,2023-01-03,2025,8,Aug
ORD003923,2025-02-15,CUST00666,PROD0043,3,0.05,56.25,160.31,119.08,41.23,UPI,Delivered,2.0,Skincare Product 43,Beauty,Skincare,50.76,Customer 666,North,Delhi,2025-04-08,2025,2,Feb
ORD003924,2025-10-05,CUST00652,PROD0049,1,0.1,376.67,339.0,223.45,115.55,UPI,Delivered,5.0,Decor Product 49,Home & Kitchen,Decor,409.38,Customer 652,Central,Bhopal,2024-06-27,2025,10,Oct
ORD003925,2025-07-11,CUST01095,PROD0029,1,0.15,60.35,51.3,37.52,13.78,UPI,Delivered,5.0,Women Product 29,Fashion,Women,56.34,Customer 1095,South,Hyderabad,2024-06-23,2025,7,Jul
ORD003926,2025-01-08,CUST00046,PROD0106,3,0.15,149.08,380.15,266.72,113.43,COD,Delivered,4.0,Women Product 106,Fashion,Women,152.76,Customer 46,Central,Nagpur,2023-06-03,2025,1,Jan
ORD003927,2025-10-03,CUST01071,PROD0120,1,0.25,14.49,10.87,7.51,3.36,Net Banking,Delivered,2.0,Self Help Product 120,Books,Self Help,13.3,Customer 1071,Central,Nagpur,2023-07-27,2025,10,Oct
ORD003928,2025-06-28,CUST01446,PROD0081,4,0.15,312.87,1063.76,869.79,193.97,Net Banking,Delivered,2.0,Accessories Product 81,Electronics,Accessories,335.69,Customer 1446,North,Lucknow,2025-02-19,2025,6,Jun
ORD003929,2025-11-30,CUST00149,PROD0031,1,0.1,281.69,253.52,177.73,75.79,COD,Delivered,4.0,Furniture Product 31,Home & Kitchen,Furniture,253.64,Customer 149,North,Chandigarh,2024-05-29,2025,11,Nov
ORD003930,2025-02-08,CUST00910,PROD0053,4,0.2,21.43,68.58,40.3,28.28,Debit Card,Delivered,2.0,Self Help Product 53,Books,Self Help,22.79,Customer 910,East,Patna,2025-06-13,2025,2,Feb
ORD003931,2025-10-20,CUST01154,PROD0034,1,0.2,113.68,90.94,66.42,24.52,UPI,Delivered,4.0,Accessories Product 34,Fashion,Accessories,105.5,Customer 1154,Central,Bhopal,2025-02-18,2025,10,Oct
ORD003932,2025-06-27,CUST00456,PROD0038,2,0.25,740.34,1110.51,838.13,272.38,Debit Card,Delivered,2.0,Laptops Product 38,Electronics,Laptops,723.36,Customer 456,West,Mumbai,2024-10-23,2025,6,Jun
ORD003933,2025-06-11,CUST00877,PROD0057,1,0.15,31.11,26.44,20.95,5.49,UPI,Delivered,6.0,Fitness Product 57,Sports,Fitness,30.92,Customer 877,Central,Bhopal,2025-06-23,2025,6,Jun
ORD003934,2025-11-27,CUST00966,PROD0101,1,0.0,315.15,315.15,230.64,84.51,UPI,Delivered,6.0,Laptops Product 101,Electronics,Laptops,322.89,Customer 966,West,Surat,2023-07-14,2025,11,Nov
ORD003935,2025-04-14,CUST00869,PROD0004,3,0.15,11.84,30.19,17.65,12.54,UPI,Delivered,3.0,Technology Product 4,Books,Technology,10.88,Customer 869,Central,Kanpur,2023-04-06,2025,4,Apr
ORD003936,2025-06-10,CUST00929,PROD0002,2,0.0,28.68,57.36,34.92,22.44,UPI,Delivered,2.0,Decor Product 2,Home & Kitchen,Decor,29.88,Customer 929,West,Ahmedabad,2024-03-20,2025,6,Jun
ORD003937,2025-10-14,CUST01024,PROD0012,1,0.05,323.53,307.35,190.16,117.19,Debit Card,Delivered,4.0,Audio Product 12,Electronics,Audio,304.0,Customer 1024,Central,Nagpur,2023-11-27,2025,10,Oct
ORD003938,2025-05-03,CUST01001,PROD0035,1,0.0,31.84,31.84,20.08,11.76,Net Banking,Delivered,3.0,Footwear Product 35,Fashion,Footwear,31.55,Customer 1001,East,Patna,2024-08-30,2025,5,May
ORD003939,2025-02-23,CUST00774,PROD0070,4,0.2,117.02,374.46,289.06,85.4,UPI,Delivered,2.0,Footwear Product 70,Fashion,Footwear,104.51,Customer 774,East,Kolkata,2025-03-27,2025,2,Feb
ORD003940,2025-02-03,CUST00244,PROD0120,2,0.05,13.86,26.33,17.23,9.1,UPI,Delivered,4.0,Self Help Product 120,Books,Self Help,13.3,Customer 244,South,Chennai,2023-11-04,2025,2,Feb
ORD003941,2025-08-30,CUST00474,PROD0110,2,0.15,381.39,648.36,424.65,223.71,UPI,Delivered,8.0,Kitchen Product 110,Home & Kitchen,Kitchen,405.37,Customer 474,Central,Kanpur,2023-03-24,2025,8,Aug
ORD003942,2025-04-23,CUST00382,PROD0072,1,0.1,16.07,14.46,11.01,3.45,Debit Card,Delivered,1.0,Technology Product 72,Books,Technology,16.01,Customer 382,East,Patna,2024-10-30,2025,4,Apr
ORD003943,2025-11-14,CUST01127,PROD0021,1,0.0,12.14,12.14,8.24,3.9,UPI,Delivered,3.0,Technology Product 21,Books,Technology,13.01,Customer 1127,North,Chandigarh,2024-05-25,2025,11,Nov
ORD003944,2025-01-23,CUST00489,PROD0117,1,0.1,266.52,239.87,142.85,97.02,COD,Delivered,4.0,Furniture Product 117,Home & Kitchen,Furniture,272.76,Customer 489,East,Kolkata,2025-03-05,2025,1,Jan
ORD003945,2025-02-15,CUST01061,PROD0110,1,0.1,400.77,360.69,259.85,100.84,UPI,Delivered,5.0,Kitchen Product 110,Home & Kitchen,Kitchen,405.37,Customer 1061,West,Mumbai,2023-04-24,2025,2,Feb
ORD003946,2025-11-08,CUST01357,PROD0061,2,0.2,95.21,152.34,93.11,59.23,COD,Delivered,1.0,Outdoor Product 61,Sports,Outdoor,87.3,Customer 1357,Central,Kanpur,2023-08-17,2025,11,Nov
ORD003947,2025-05-15,CUST00397,PROD0035,1,0.0,34.31,34.31,24.61,9.7,UPI,Delivered,5.0,Footwear Product 35,Fashion,Footwear,31.55,Customer 397,West,Mumbai,2024-11-19,2025,5,May
ORD003948,2025-04-28,CUST00296,PROD0048,2,0.05,101.07,192.03,147.31,44.72,Credit Card,Delivered,2.0,Fragrance Product 48,Beauty,Fragrance,109.58,Customer 296,South,Bengaluru,2024-12-16,2025,4,Apr
ORD003949,2025-07-08,CUST00107,PROD0015,1,0.1,120.58,108.52,87.15,21.37,UPI,Cancelled,,Kitchen Product 15,Home & Kitchen,Kitchen,117.47,Customer 107,East,Kolkata,2024-02-25,2025,7,Jul
ORD003950,2025-05-11,CUST00860,PROD0071,3,0.0,31.56,94.68,56.44,38.24,Credit Card,Delivered,4.0,Footwear Product 71,Fashion,Footwear,32.71,Customer 860,West,Mumbai,2024-07-27,2025,5,May
ORD003951,2025-07-31,CUST00954,PROD0015,1,0.0,115.59,115.59,75.47,40.12,UPI,Delivered,3.0,Kitchen Product 15,Home & Kitchen,Kitchen,117.47,Customer 954,West,Mumbai,2024-01-06,2025,7,Jul
ORD003952,2025-04-23,CUST00530,PROD0109,1,0.0,42.23,42.23,31.11,11.12,Net Banking,Delivered,5.0,Fiction Product 109,Books,Fiction,45.69,Customer 530,East,Patna,2023-03-02,2025,4,Apr
ORD003953,2025-02-13,CUST01107,PROD0006,2,0.1,84.08,151.34,99.23,52.11,UPI,Delivered,5.0,Decor Product 6,Home & Kitchen,Decor,78.58,Customer 1107,West,Ahmedabad,2023-06-19,2025,2,Feb
ORD003954,2025-05-08,CUST00934,PROD0111,2,0.05,71.7,136.23,93.76,42.47,Credit Card,Delivered,5.0,Fiction Product 111,Books,Fiction,64.59,Customer 934,West,Mumbai,2024-06-03,2025,5,May
ORD003955,2025-12-30,CUST00288,PROD0081,2,0.1,323.56,582.41,340.61,241.8,UPI,Delivered,3.0,Accessories Product 81,Electronics,Accessories,335.69,Customer 288,North,Chandigarh,2023-10-10,2025,12,Dec
ORD003956,2025-06-07,CUST00706,PROD0068,1,0.25,96.92,72.69,54.26,18.43,UPI,Delivered,4.0,Kitchen Product 68,Home & Kitchen,Kitchen,98.06,Customer 706,South,Kochi,2024-08-28,2025,6,Jun
ORD003957,2025-09-30,CUST01485,PROD0022,4,0.15,188.93,642.36,508.74,133.62,UPI,Delivered,2.0,Kitchen Product 22,Home & Kitchen,Kitchen,196.54,Customer 1485,South,Kochi,2024-11-22,2025,9,Sep
ORD003958,2025-11-11,CUST00215,PROD0032,4,0.05,15.63,59.39,48.37,11.02,COD,Delivered,5.0,Skincare Product 32,Beauty,Skincare,14.13,Customer 215,South,Kochi,2025-03-14,2025,11,Nov
ORD003959,2025-12-21,CUST01305,PROD0022,1,0.1,181.18,163.06,127.08,35.98,UPI,Delivered,4.0,Kitchen Product 22,Home & Kitchen,Kitchen,196.54,Customer 1305,Central,Nagpur,2023-04-16,2025,12,Dec
ORD003960,2025-12-06,CUST00732,PROD0027,2,0.0,446.89,893.78,525.21,368.57,UPI,Delivered,5.0,Decor Product 27,Home & Kitchen,Decor,431.04,Customer 732,North,Lucknow,2025-06-29,2025,12,Dec
ORD003961,2025-02-14,CUST01483,PROD0110,3,0.0,443.54,1330.62,979.93,350.69,UPI,Delivered,2.0,Kitchen Product 110,Home & Kitchen,Kitchen,405.37,Customer 1483,West,Surat,2024-04-15,2025,2,Feb
ORD003962,2025-04-18,CUST00344,PROD0015,3,0.05,112.45,320.48,224.0,96.48,Debit Card,Delivered,2.0,Kitchen Product 15,Home & Kitchen,Kitchen,117.47,Customer 344,East,Kolkata,2023-02-02,2025,4,Apr
ORD003963,2025-08-07,CUST00194,PROD0044,4,0.05,24.25,92.15,74.19,17.96,UPI,Delivered,4.0,Business Product 44,Books,Business,23.36,Customer 194,South,Kochi,2023-09-11,2025,8,Aug
ORD003964,2025-11-14,CUST00158,PROD0115,4,0.1,336.46,1211.26,964.78,246.48,Net Banking,Delivered,1.0,Smartphones Product 115,Electronics,Smartphones,361.73,Customer 158,South,Bengaluru,2025-01-20,2025,11,Nov
ORD003965,2025-11-11,CUST00465,PROD0086,2,0.2,391.31,626.1,511.61,114.49,Credit Card,Delivered,2.0,Audio Product 86,Electronics,Audio,361.35,Customer 465,North,Lucknow,2023-10-11,2025,11,Nov
ORD003966,2025-06-26,CUST00104,PROD0092,1,0.2,56.15,44.92,35.35,9.57,Credit Card,Delivered,6.0,Haircare Product 92,Beauty,Haircare,57.6,Customer 104,West,Ahmedabad,2025-04-15,2025,6,Jun
ORD003967,2025-08-16,CUST00034,PROD0106,2,0.0,170.75,341.5,242.89,98.61,UPI,Delivered,2.0,Women Product 106,Fashion,Women,152.76,Customer 34,East,Ranchi,2023-01-17,2025,8,Aug
ORD003968,2025-07-10,CUST01126,PROD0102,2,0.1,57.69,103.84,78.04,25.8,Credit Card,Delivered,3.0,Makeup Product 102,Beauty,Makeup,52.24,Customer 1126,Central,Kanpur,2024-07-24,2025,7,Jul
ORD003969,2025-06-09,CUST00639,PROD0009,1,0.0,321.7,321.7,261.07,60.63,UPI,Delivered,7.0,Furniture Product 9,Home & Kitchen,Furniture,301.64,Customer 639,West,Pune,2025-01-15,2025,6,Jun
ORD003970,2025-09-24,CUST00325,PROD0034,1,0.1,107.54,96.79,69.57,27.22,UPI,Delivered,1.0,Accessories Product 34,Fashion,Accessories,105.5,Customer 325,Central,Nagpur,2023-05-04,2025,9,Sep
ORD003971,2025-12-24,CUST00691,PROD0100,3,0.0,112.92,338.76,264.77,73.99,UPI,Delivered,3.0,Men Product 100,Fashion,Men,105.21,Customer 691,North,Delhi,2024-11-02,2025,12,Dec
ORD003972,2025-11-22,CUST00592,PROD0073,2,0.2,8.87,14.19,11.44,2.75,Debit Card,Delivered,5.0,Business Product 73,Books,Business,9.38,Customer 592,South,Hyderabad,2023-04-02,2025,11,Nov
ORD003973,2025-07-09,CUST00141,PROD0015,2,0.2,115.36,184.58,132.33,52.25,UPI,Delivered,6.0,Kitchen Product 15,Home & Kitchen,Kitchen,117.47,Customer 141,South,Chennai,2025-04-04,2025,7,Jul
ORD003974,2025-06-24,CUST00474,PROD0062,4,0.0,155.06,620.24,383.43,236.81,UPI,Delivered,5.0,Accessories Product 62,Fashion,Accessories,167.56,Customer 474,Central,Kanpur,2023-03-24,2025,6,Jun
ORD003975,2025-10-17,CUST01055,PROD0045,3,0.15,193.12,492.46,304.01,188.45,Credit Card,Delivered,6.0,Kitchen Product 45,Home & Kitchen,Kitchen,184.1,Customer 1055,North,Delhi,2024-05-15,2025,10,Oct
ORD003976,2025-12-23,CUST00884,PROD0084,3,0.1,25.57,69.04,41.95,27.09,UPI,Delivered,1.0,Fiction Product 84,Books,Fiction,23.65,Customer 884,Central,Bhopal,2024-12-19,2025,12,Dec
ORD003977,2025-05-25,CUST00063,PROD0072,1,0.1,17.76,15.98,11.1,4.88,Credit Card,Delivered,2.0,Technology Product 72,Books,Technology,16.01,Customer 63,Central,Bhopal,2025-01-02,2025,5,May
ORD003978,2025-08-20,CUST01111,PROD0058,3,0.1,205.06,553.66,384.92,168.74,Credit Card,Delivered,5.0,Footwear Product 58,Fashion,Footwear,193.95,Customer 1111,Central,Kanpur,2024-12-15,2025,8,Aug
ORD003979,2025-12-26,CUST00304,PROD0092,2,0.1,61.43,110.57,80.51,30.06,UPI,Delivered,5.0,Haircare Product 92,Beauty,Haircare,57.6,Customer 304,South,Chennai,2024-03-27,2025,12,Dec
ORD003980,2025-07-23,CUST01085,PROD0115,3,0.2,397.57,954.17,664.0,290.17,UPI,Delivered,4.0,Smartphones Product 115,Electronics,Smartphones,361.73,Customer 1085,South,Chennai,2023-03-15,2025,7,Jul
ORD003981,2025-08-01,CUST00396,PROD0019,3,0.15,236.78,603.79,491.2,112.59,UPI,Cancelled,,Decor Product 19,Home & Kitchen,Decor,213.84,Customer 396,East,Patna,2024-12-31,2025,8,Aug
ORD003982,2025-02-09,CUST00334,PROD0016,2,0.1,207.58,373.64,242.83,130.81,Credit Card,Delivered,5.0,Women Product 16,Fashion,Women,203.86,Customer 334,Central,Indore,2024-02-05,2025,2,Feb
ORD003983,2025-10-02,CUST00786,PROD0075,2,0.15,208.98,355.27,280.56,74.71,COD,Delivered,4.0,Decor Product 75,Home & Kitchen,Decor,221.86,Customer 786,Central,Nagpur,2023-07-26,2025,10,Oct
ORD003984,2025-11-19,CUST00411,PROD0106,4,0.25,154.79,464.37,280.52,183.85,UPI,Returned,7.0,Women Product 106,Fashion,Women,152.76,Customer 411,North,Lucknow,2023-01-22,2025,11,Nov
ORD003985,2025-03-23,CUST00284,PROD0008,1,0.05,476.94,453.09,328.25,124.84,Debit Card,Delivered,4.0,Decor Product 8,Home & Kitchen,Decor,462.5,Customer 284,West,Pune,2023-06-17,2025,3,Mar
ORD003986,2025-06-30,CUST00466,PROD0033,1,0.0,44.23,44.23,32.54,11.69,Debit Card,Delivered,3.0,Business Product 33,Books,Business,42.27,Customer 466,North,Delhi,2024-03-24,2025,6,Jun
ORD003987,2025-11-16,CUST00080,PROD0074,2,0.15,240.63,409.07,313.08,95.99,Net Banking,Delivered,3.0,Women Product 74,Fashion,Women,215.26,Customer 80,West,Pune,2023-06-03,2025,11,Nov
ORD003988,2025-03-24,CUST00784,PROD0018,1,0.25,243.17,182.38,127.8,54.58,Debit Card,Delivered,5.0,Furniture Product 18,Home & Kitchen,Furniture,220.36,Customer 784,Central,Indore,2025-02-03,2025,3,Mar
ORD003989,2025-10-30,CUST01101,PROD0035,1,0.0,31.53,31.53,19.78,11.75,UPI,Delivered,4.0,Footwear Product 35,Fashion,Footwear,31.55,Customer 1101,Central,Kanpur,2024-10-22,2025,10,Oct
ORD003990,2025-09-19,CUST00733,PROD0043,3,0.05,47.85,136.37,91.17,45.2,UPI,Delivered,5.0,Skincare Product 43,Beauty,Skincare,50.76,Customer 733,North,Lucknow,2024-01-17,2025,9,Sep
ORD003991,2025-09-29,CUST01385,PROD0050,4,0.0,91.48,365.92,236.14,129.78,Net Banking,Delivered,5.0,Smartphones Product 50,Electronics,Smartphones,95.0,Customer 1385,Central,Bhopal,2024-12-20,2025,9,Sep
ORD003992,2025-07-19,CUST00077,PROD0003,1,0.15,538.56,457.78,311.56,146.22,Credit Card,Cancelled,,Accessories Product 3,Electronics,Accessories,564.08,Customer 77,West,Pune,2023-07-18,2025,7,Jul
ORD003993,2025-08-28,CUST00509,PROD0104,1,0.2,68.26,54.61,38.62,15.99,UPI,Delivered,7.0,Footwear Product 104,Fashion,Footwear,68.87,Customer 509,South,Kochi,2023-02-10,2025,8,Aug
ORD003994,2025-06-29,CUST01188,PROD0091,3,0.1,42.09,113.64,82.96,30.68,UPI,Delivered,4.0,Technology Product 91,Books,Technology,38.43,Customer 1188,West,Surat,2025-01-16,2025,6,Jun
ORD003995,2025-06-20,CUST01033,PROD0059,4,0.05,98.01,372.44,291.56,80.88,UPI,Delivered,2.0,Haircare Product 59,Beauty,Haircare,97.27,Customer 1033,West,Ahmedabad,2023-10-26,2025,6,Jun
ORD003996,2025-10-22,CUST01199,PROD0028,2,0.2,16.99,27.18,21.7,5.48,Net Banking,Delivered,4.0,Equipment Product 28,Sports,Equipment,16.44,Customer 1199,South,Bengaluru,2023-06-28,2025,10,Oct
ORD003997,2025-06-26,CUST00462,PROD0046,1,0.0,114.35,114.35,79.02,35.33,Credit Card,Delivered,2.0,Accessories Product 46,Electronics,Accessories,119.63,Customer 462,South,Hyderabad,2024-09-01,2025,6,Jun
ORD003998,2025-08-25,CUST01331,PROD0064,1,0.2,505.84,404.67,243.32,161.35,Credit Card,Delivered,4.0,Decor Product 64,Home & Kitchen,Decor,496.62,Customer 1331,Central,Kanpur,2025-04-24,2025,8,Aug
ORD003999,2025-05-18,CUST00245,PROD0070,4,0.05,114.41,434.76,335.33,99.43,UPI,Delivered,5.0,Footwear Product 70,Fashion,Footwear,104.51,Customer 245,North,Lucknow,2023-09-02,2025,5,May
ORD004000,2025-11-23,CUST00122,PROD0047,1,0.1,19.99,17.99,12.49,5.5,UPI,Delivered,5.0,Men Product 47,Fashion,Men,18.6,Customer 122,South,Bengaluru,2024-04-15,2025,11,Nov
ORD004001,2025-11-07,CUST00185,PROD0014,1,0.1,120.15,108.14,76.9,31.24,UPI,Delivered,4.0,Accessories Product 14,Electronics,Accessories,128.33,Customer 185,West,Surat,2025-01-22,2025,11,Nov
ORD004002,2025-05-09,CUST00032,PROD0007,1,0.1,16.74,15.07,10.9,4.17,Credit Card,Delivered,5.0,Haircare Product 7,Beauty,Haircare,15.32,Customer 32,North,Chandigarh,2025-05-07,2025,5,May
ORD004003,2025-02-18,CUST00998,PROD0074,2,0.2,209.83,335.73,248.54,87.19,UPI,Returned,3.0,Women Product 74,Fashion,Women,215.26,Customer 998,West,Mumbai,2023-03-11,2025,2,Feb
ORD004004,2025-06-13,CUST00762,PROD0079,2,0.25,253.66,380.49,301.97,78.52,UPI,Delivered,4.0,Appliances Product 79,Home & Kitchen,Appliances,240.86,Customer 762,North,Lucknow,2024-10-01,2025,6,Jun
ORD004005,2025-10-04,CUST00569,PROD0031,1,0.15,240.77,204.65,165.46,39.19,UPI,Delivered,6.0,Furniture Product 31,Home & Kitchen,Furniture,253.64,Customer 569,North,Lucknow,2025-03-06,2025,10,Oct
ORD004006,2025-10-20,CUST00310,PROD0093,2,0.0,393.91,787.82,634.7,153.12,Debit Card,Delivered,3.0,Appliances Product 93,Home & Kitchen,Appliances,373.4,Customer 310,Central,Nagpur,2025-06-01,2025,10,Oct
ORD004007,2025-04-26,CUST01396,PROD0106,1,0.05,141.63,134.55,104.18,30.37,UPI,Delivered,3.0,Women Product 106,Fashion,Women,152.76,Customer 1396,West,Pune,2024-06-27,2025,4,Apr
ORD004008,2025-01-24,CUST00830,PROD0118,2,0.1,136.17,245.11,194.47,50.64,Credit Card,Delivered,5.0,Kitchen Product 118,Home & Kitchen,Kitchen,130.92,Customer 830,South,Hyderabad,2024-06-01,2025,1,Jan
ORD004009,2025-11-07,CUST00992,PROD0081,2,0.2,352.2,563.52,333.56,229.96,Net Banking,Cancelled,,Accessories Product 81,Electronics,Accessories,335.69,Customer 992,South,Bengaluru,2024-06-23,2025,11,Nov
ORD004010,2025-01-25,CUST01080,PROD0051,4,0.1,177.79,640.04,501.66,138.38,UPI,Delivered,7.0,Furniture Product 51,Home & Kitchen,Furniture,183.5,Customer 1080,East,Patna,2024-06-24,2025,1,Jan
ORD004011,2025-05-07,CUST00791,PROD0029,4,0.25,62.39,187.17,111.8,75.37,UPI,Delivered,3.0,Women Product 29,Fashion,Women,56.34,Customer 791,West,Pune,2024-01-15,2025,5,May
ORD004012,2025-08-22,CUST01297,PROD0113,2,0.25,446.6,669.9,508.51,161.39,Net Banking,Returned,4.0,Smartphones Product 113,Electronics,Smartphones,480.63,Customer 1297,Central,Kanpur,2023-12-09,2025,8,Aug
ORD004013,2025-07-28,CUST00464,PROD0108,2,0.1,410.22,738.4,458.29,280.11,Debit Card,Delivered,4.0,Kitchen Product 108,Home & Kitchen,Kitchen,373.49,Customer 464,West,Ahmedabad,2023-01-25,2025,7,Jul
ORD004014,2025-04-03,CUST00678,PROD0015,2,0.2,117.04,187.26,124.8,62.46,Net Banking,Delivered,2.0,Kitchen Product 15,Home & Kitchen,Kitchen,117.47,Customer 678,North,Lucknow,2024-04-09,2025,4,Apr
ORD004015,2025-04-04,CUST01480,PROD0090,2,0.25,174.82,262.23,163.69,98.54,UPI,Delivered,5.0,Outdoor Product 90,Sports,Outdoor,164.49,Customer 1480,East,Bhubaneswar,2023-12-30,2025,4,Apr
ORD004016,2025-11-23,CUST00979,PROD0076,3,0.15,112.57,287.05,197.04,90.01,COD,Cancelled,,Women Product 76,Fashion,Women,107.18,Customer 979,East,Patna,2024-08-08,2025,11,Nov
ORD004017,2025-08-13,CUST00670,PROD0025,1,0.1,266.93,240.24,163.08,77.16,UPI,Returned,3.0,Kitchen Product 25,Home & Kitchen,Kitchen,279.9,Customer 670,Central,Nagpur,2024-06-30,2025,8,Aug
ORD004018,2025-10-07,CUST01273,PROD0061,2,0.15,85.89,146.01,86.37,59.64,COD,Delivered,5.0,Outdoor Product 61,Sports,Outdoor,87.3,Customer 1273,East,Ranchi,2024-01-18,2025,10,Oct
ORD004019,2025-01-11,CUST00698,PROD0041,4,0.0,400.96,1603.84,1249.9,353.94,COD,Delivered,4.0,Accessories Product 41,Electronics,Accessories,390.82,Customer 698,South,Chennai,2023-09-04,2025,1,Jan
ORD004020,2025-11-25,CUST00994,PROD0069,3,0.1,157.53,425.33,333.89,91.44,Credit Card,Delivered,5.0,Women Product 69,Fashion,Women,144.62,Customer 994,Central,Kanpur,2025-02-07,2025,11,Nov
ORD004021,2025-01-12,CUST00078,PROD0004,1,0.0,12.09,12.09,9.3,2.79,Credit Card,Delivered,8.0,Technology Product 4,Books,Technology,10.88,Customer 78,South,Chennai,2023-10-30,2025,1,Jan
ORD004022,2025-02-04,CUST00534,PROD0108,3,0.0,345.15,1035.45,811.2,224.25,Debit Card,Delivered,2.0,Kitchen Product 108,Home & Kitchen,Kitchen,373.49,Customer 534,South,Hyderabad,2023-11-27,2025,2,Feb
ORD004023,2025-08-16,CUST00108,PROD0112,2,0.2,218.98,350.37,266.36,84.01,UPI,Delivered,5.0,Kitchen Product 112,Home & Kitchen,Kitchen,221.08,Customer 108,Central,Kanpur,2025-06-15,2025,8,Aug
ORD004024,2025-08-08,CUST01297,PROD0105,3,0.1,182.32,492.26,396.27,95.99,Credit Card,Delivered,5.0,Fragrance Product 105,Beauty,Fragrance,173.04,Customer 1297,Central,Kanpur,2023-12-09,2025,8,Aug
ORD004025,2025-05-21,CUST00764,PROD0057,1,0.0,31.71,31.71,22.78,8.93,COD,Delivered,6.0,Fitness Product 57,Sports,Fitness,30.92,Customer 764,North,Delhi,2023-10-09,2025,5,May
ORD004026,2025-01-23,CUST00015,PROD0031,2,0.05,281.19,534.26,384.58,149.68,UPI,Delivered,3.0,Furniture Product 31,Home & Kitchen,Furniture,253.64,Customer 15,South,Hyderabad,2024-06-29,2025,1,Jan
ORD004027,2025-03-24,CUST00370,PROD0003,1,0.25,520.87,390.65,307.2,83.45,COD,Delivered,6.0,Accessories Product 3,Electronics,Accessories,564.08,Customer 370,South,Bengaluru,2025-01-29,2025,3,Mar
ORD004028,2025-08-17,CUST01328,PROD0117,1,0.2,274.82,219.86,145.96,73.9,Debit Card,Delivered,4.0,Furniture Product 117,Home & Kitchen,Furniture,272.76,Customer 1328,Central,Nagpur,2023-08-06,2025,8,Aug
ORD004029,2025-12-10,CUST00205,PROD0067,4,0.0,203.34,813.36,481.53,331.83,Debit Card,Delivered,1.0,Furniture Product 67,Home & Kitchen,Furniture,192.97,Customer 205,East,Patna,2023-04-21,2025,12,Dec
ORD004030,2025-03-21,CUST01137,PROD0090,1,0.25,158.49,118.87,90.34,28.53,UPI,Delivered,1.0,Outdoor Product 90,Sports,Outdoor,164.49,Customer 1137,South,Hyderabad,2024-10-16,2025,3,Mar
ORD004031,2025-12-19,CUST00865,PROD0050,3,0.05,101.19,288.39,184.89,103.5,UPI,Delivered,3.0,Smartphones Product 50,Electronics,Smartphones,95.0,Customer 865,West,Ahmedabad,2025-04-22,2025,12,Dec
ORD004032,2025-10-17,CUST01277,PROD0017,2,0.1,14.18,25.52,17.71,7.81,COD,Delivered,5.0,Equipment Product 17,Sports,Equipment,15.15,Customer 1277,Central,Kanpur,2024-04-15,2025,10,Oct
ORD004033,2025-11-27,CUST00441,PROD0060,3,0.15,123.48,314.87,200.79,114.08,UPI,Delivered,3.0,Outdoor Product 60,Sports,Outdoor,122.23,Customer 441,Central,Kanpur,2025-01-14,2025,11,Nov
ORD004034,2025-06-08,CUST01210,PROD0074,4,0.2,227.15,726.88,565.88,161.0,Debit Card,Delivered,5.0,Women Product 74,Fashion,Women,215.26,Customer 1210,East,Kolkata,2024-08-29,2025,6,Jun
ORD004035,2025-05-08,CUST00859,PROD0066,4,0.2,35.77,114.46,92.71,21.75,Net Banking,Delivered,3.0,Self Help Product 66,Books,Self Help,36.75,Customer 859,West,Mumbai,2023-02-28,2025,5,May
ORD004036,2025-07-09,CUST00227,PROD0088,2,0.05,76.36,145.08,86.06,59.02,UPI,Delivered,1.0,Accessories Product 88,Fashion,Accessories,81.69,Customer 227,North,Jaipur,2023-01-01,2025,7,Jul
ORD004037,2025-01-31,CUST00528,PROD0075,1,0.1,246.58,221.92,141.14,80.78,Debit Card,Delivered,7.0,Decor Product 75,Home & Kitchen,Decor,221.86,Customer 528,West,Pune,2023-10-23,2025,1,Jan
ORD004038,2025-12-25,CUST00354,PROD0024,1,0.05,310.95,295.4,184.77,110.63,UPI,Delivered,3.0,Equipment Product 24,Sports,Equipment,281.97,Customer 354,West,Mumbai,2024-07-12,2025,12,Dec
ORD004039,2025-01-15,CUST00623,PROD0099,2,0.1,213.17,383.71,284.55,99.16,Credit Card,Delivered,4.0,Fitness Product 99,Sports,Fitness,192.87,Customer 623,North,Chandigarh,2025-05-09,2025,1,Jan
ORD004040,2025-11-09,CUST01025,PROD0087,1,0.1,202.5,182.25,124.46,57.79,UPI,Delivered,2.0,Equipment Product 87,Sports,Equipment,181.5,Customer 1025,South,Bengaluru,2023-07-01,2025,11,Nov
ORD004041,2025-03-16,CUST00927,PROD0032,1,0.05,13.52,12.84,8.85,3.99,Debit Card,Delivered,3.0,Skincare Product 32,Beauty,Skincare,14.13,Customer 927,East,Kolkata,2025-04-23,2025,3,Mar
ORD004042,2025-02-03,CUST01444,PROD0087,2,0.1,172.71,310.88,192.03,118.85,Net Banking,Delivered,3.0,Equipment Product 87,Sports,Equipment,181.5,Customer 1444,East,Patna,2023-04-21,2025,2,Feb
ORD004043,2025-12-25,CUST01185,PROD0098,1,0.0,114.08,114.08,77.52,36.56,UPI,Delivered,5.0,Fragrance Product 98,Beauty,Fragrance,123.08,Customer 1185,East,Ranchi,2024-03-14,2025,12,Dec
ORD004044,2025-07-15,CUST00161,PROD0105,1,0.1,190.06,171.05,111.66,59.39,Credit Card,Delivered,2.0,Fragrance Product 105,Beauty,Fragrance,173.04,Customer 161,Central,Bhopal,2023-12-09,2025,7,Jul
ORD004045,2025-11-27,CUST00871,PROD0019,2,0.15,228.93,389.18,282.81,106.37,Credit Card,Delivered,5.0,Decor Product 19,Home & Kitchen,Decor,213.84,Customer 871,East,Patna,2024-02-18,2025,11,Nov
ORD004046,2025-01-29,CUST01152,PROD0066,3,0.05,38.46,109.61,69.29,40.32,UPI,Delivered,4.0,Self Help Product 66,Books,Self Help,36.75,Customer 1152,West,Mumbai,2023-02-12,2025,1,Jan
ORD004047,2025-07-13,CUST01175,PROD0060,2,0.25,135.13,202.7,147.48,55.22,Credit Card,Delivered,3.0,Outdoor Product 60,Sports,Outdoor,122.23,Customer 1175,South,Bengaluru,2025-03-21,2025,7,Jul
ORD004048,2025-01-16,CUST00444,PROD0115,1,0.0,374.4,374.4,251.09,123.31,Net Banking,Delivered,6.0,Smartphones Product 115,Electronics,Smartphones,361.73,Customer 444,North,Delhi,2023-02-28,2025,1,Jan
ORD004049,2025-03-18,CUST01495,PROD0066,1,0.1,34.76,31.28,20.74,10.54,COD,Delivered,2.0,Self Help Product 66,Books,Self Help,36.75,Customer 1495,West,Ahmedabad,2025-04-22,2025,3,Mar
ORD004050,2025-10-20,CUST00463,PROD0015,1,0.1,112.23,101.01,65.99,35.02,UPI,Cancelled,,Kitchen Product 15,Home & Kitchen,Kitchen,117.47,Customer 463,East,Patna,2024-02-18,2025,10,Oct
ORD004051,2025-03-22,CUST01054,PROD0120,1,0.0,12.59,12.59,9.34,3.25,Debit Card,Delivered,5.0,Self Help Product 120,Books,Self Help,13.3,Customer 1054,Central,Bhopal,2023-10-31,2025,3,Mar
ORD004052,2025-05-04,CUST00473,PROD0085,3,0.0,154.52,463.56,331.44,132.12,Credit Card,Delivered,3.0,Makeup Product 85,Beauty,Makeup,157.43,Customer 473,Central,Indore,2023-06-13,2025,5,May
ORD004053,2025-01-19,CUST00557,PROD0035,1,0.2,31.42,25.14,19.72,5.42,COD,Delivered,3.0,Footwear Product 35,Fashion,Footwear,31.55,Customer 557,South,Bengaluru,2025-02-14,2025,1,Jan
ORD004054,2025-04-12,CUST00080,PROD0069,2,0.1,156.1,280.98,179.26,101.72,UPI,Delivered,1.0,Women Product 69,Fashion,Women,144.62,Customer 80,West,Pune,2023-06-03,2025,4,Apr
ORD004055,2025-03-18,CUST01063,PROD0107,1,0.05,192.26,182.65,107.7,74.95,Net Banking,Delivered,4.0,Equipment Product 107,Sports,Equipment,200.64,Customer 1063,West,Surat,2023-12-22,2025,3,Mar
ORD004056,2025-08-17,CUST00240,PROD0027,1,0.05,459.09,436.14,272.01,164.13,COD,Delivered,4.0,Decor Product 27,Home & Kitchen,Decor,431.04,Customer 240,East,Ranchi,2023-05-21,2025,8,Aug
ORD004057,2025-10-24,CUST00557,PROD0088,2,0.2,83.18,133.09,88.16,44.93,COD,Delivered,6.0,Accessories Product 88,Fashion,Accessories,81.69,Customer 557,South,Bengaluru,2025-02-14,2025,10,Oct
ORD004058,2025-07-22,CUST00590,PROD0007,3,0.05,17.16,48.91,30.48,18.43,Credit Card,Delivered,3.0,Haircare Product 7,Beauty,Haircare,15.32,Customer 590,West,Pune,2024-07-02,2025,7,Jul
ORD004059,2025-03-02,CUST01361,PROD0006,4,0.2,84.5,270.4,162.25,108.15,UPI,Delivered,4.0,Decor Product 6,Home & Kitchen,Decor,78.58,Customer 1361,South,Chennai,2025-05-07,2025,3,Mar
ORD004060,2025-01-26,CUST01304,PROD0110,2,0.05,451.5,857.85,589.24,268.61,Debit Card,Delivered,5.0,Kitchen Product 110,Home & Kitchen,Kitchen,405.37,Customer 1304,Central,Indore,2024-03-14,2025,1,Jan
ORD004061,2025-03-12,CUST01140,PROD0033,1,0.1,41.78,37.6,27.92,9.68,UPI,Delivered,4.0,Business Product 33,Books,Business,42.27,Customer 1140,West,Mumbai,2024-12-26,2025,3,Mar
ORD004062,2025-04-13,CUST00269,PROD0058,2,0.0,183.21,366.42,278.62,87.8,Credit Card,Delivered,2.0,Footwear Product 58,Fashion,Footwear,193.95,Customer 269,South,Bengaluru,2024-02-23,2025,4,Apr
ORD004063,2025-11-22,CUST00335,PROD0049,1,0.15,418.05,355.34,240.1,115.24,Credit Card,Delivered,2.0,Decor Product 49,Home & Kitchen,Decor,409.38,Customer 335,East,Kolkata,2025-06-20,2025,11,Nov
ORD004064,2025-12-29,CUST00312,PROD0017,2,0.15,14.31,24.33,16.9,7.43,UPI,Delivered,2.0,Equipment Product 17,Sports,Equipment,15.15,Customer 312,Central,Kanpur,2025-04-19,2025,12,Dec
ORD004065,2025-06-06,CUST01077,PROD0110,1,0.1,412.87,371.58,282.89,88.69,UPI,Delivered,2.0,Kitchen Product 110,Home & Kitchen,Kitchen,405.37,Customer 1077,West,Ahmedabad,2024-06-20,2025,6,Jun
ORD004066,2025-12-29,CUST01092,PROD0042,1,0.0,262.27,262.27,174.32,87.95,UPI,Delivered,3.0,Accessories Product 42,Electronics,Accessories,269.27,Customer 1092,North,Chandigarh,2024-10-12,2025,12,Dec
ORD004067,2025-12-25,CUST00694,PROD0094,4,0.1,27.67,99.61,76.53,23.08,UPI,Delivered,5.0,Footwear Product 94,Fashion,Footwear,27.18,Customer 694,West,Mumbai,2024-05-09,2025,12,Dec
ORD004068,2025-07-13,CUST00034,PROD0072,2,0.0,17.77,35.54,28.86,6.68,Credit Card,Delivered,1.0,Technology Product 72,Books,Technology,16.01,Customer 34,East,Ranchi,2023-01-17,2025,7,Jul
ORD004069,2025-10-02,CUST00386,PROD0040,1,0.05,264.67,251.44,198.97,52.47,UPI,Delivered,5.0,Appliances Product 40,Home & Kitchen,Appliances,270.68,Customer 386,South,Chennai,2024-06-01,2025,10,Oct
ORD004070,2025-11-20,CUST00249,PROD0046,1,0.2,133.83,107.06,73.75,33.31,Net Banking,Returned,3.0,Accessories Product 46,Electronics,Accessories,119.63,Customer 249,West,Mumbai,2024-07-14,2025,11,Nov
ORD004071,2025-07-05,CUST01135,PROD0071,1,0.15,31.59,26.85,19.31,7.54,Credit Card,Cancelled,,Footwear Product 71,Fashion,Footwear,32.71,Customer 1135,Central,Bhopal,2023-09-17,2025,7,Jul
ORD004072,2025-11-22,CUST01118,PROD0070,3,0.0,100.5,301.5,226.71,74.79,Net Banking,Delivered,4.0,Footwear Product 70,Fashion,Footwear,104.51,Customer 1118,East,Ranchi,2024-12-22,2025,11,Nov
ORD004073,2025-04-23,CUST01434,PROD0068,1,0.25,100.9,75.68,50.24,25.44,UPI,Delivered,2.0,Kitchen Product 68,Home & Kitchen,Kitchen,98.06,Customer 1434,North,Lucknow,2023-02-27,2025,4,Apr
ORD004074,2025-11-09,CUST01203,PROD0001,4,0.2,429.11,1373.15,1059.82,313.33,Net Banking,Delivered,3.0,Kitchen Product 1,Home & Kitchen,Kitchen,394.25,Customer 1203,South,Bengaluru,2024-04-09,2025,11,Nov
ORD004075,2025-06-14,CUST01071,PROD0079,2,0.1,257.7,463.86,317.68,146.18,COD,Delivered,3.0,Appliances Product 79,Home & Kitchen,Appliances,240.86,Customer 1071,Central,Nagpur,2023-07-27,2025,6,Jun
ORD004076,2025-03-02,CUST00794,PROD0095,1,0.1,39.76,35.78,28.02,7.76,UPI,Delivered,4.0,Business Product 95,Books,Business,37.34,Customer 794,Central,Nagpur,2025-04-01,2025,3,Mar
ORD004077,2025-04-02,CUST00852,PROD0089,1,0.2,457.18,365.74,234.49,131.25,UPI,Delivered,5.0,Kitchen Product 89,Home & Kitchen,Kitchen,468.17,Customer 852,North,Chandigarh,2023-11-19,2025,4,Apr
ORD004078,2025-10-13,CUST00874,PROD0111,1,0.1,59.71,53.74,31.32,22.42,Debit Card,Delivered,8.0,Fiction Product 111,Books,Fiction,64.59,Customer 874,North,Lucknow,2023-03-03,2025,10,Oct
ORD004079,2025-06-02,CUST00376,PROD0097,1,0.1,56.5,50.85,37.21,13.64,Debit Card,Returned,2.0,Self Help Product 97,Books,Self Help,59.33,Customer 376,Central,Nagpur,2024-12-14,2025,6,Jun
ORD004080,2025-08-13,CUST00724,PROD0052,2,0.15,57.43,97.63,67.21,30.42,UPI,Delivered,6.0,Self Help Product 52,Books,Self Help,58.02,Customer 724,Central,Kanpur,2023-07-25,2025,8,Aug
ORD004081,2025-05-07,CUST00202,PROD0035,1,0.0,35.16,35.16,20.9,14.26,COD,Delivered,4.0,Footwear Product 35,Fashion,Footwear,31.55,Customer 202,Central,Kanpur,2025-04-15,2025,5,May
ORD004082,2025-07-12,CUST00445,PROD0119,1,0.2,570.26,456.21,317.99,138.22,Credit Card,Delivered,3.0,Smartphones Product 119,Electronics,Smartphones,516.56,Customer 445,West,Mumbai,2024-05-22,2025,7,Jul
ORD004083,2025-04-25,CUST00297,PROD0069,1,0.1,138.85,124.96,77.53,47.43,Debit Card,Delivered,3.0,Women Product 69,Fashion,Women,144.62,Customer 297,West,Pune,2024-08-14,2025,4,Apr
ORD004084,2025-09-19,CUST01332,PROD0005,1,0.1,251.82,226.64,165.71,60.93,UPI,Delivered,2.0,Men Product 5,Fashion,Men,236.42,Customer 1332,West,Pune,2024-12-20,2025,9,Sep
ORD004085,2025-01-18,CUST00493,PROD0100,1,0.0,108.98,108.98,74.85,34.13,UPI,Delivered,4.0,Men Product 100,Fashion,Men,105.21,Customer 493,North,Jaipur,2025-01-25,2025,1,Jan
ORD004086,2025-01-10,CUST00338,PROD0017,1,0.05,14.09,13.39,8.32,5.07,UPI,Delivered,7.0,Equipment Product 17,Sports,Equipment,15.15,Customer 338,Central,Nagpur,2024-07-22,2025,1,Jan
ORD004087,2025-04-02,CUST00923,PROD0053,3,0.05,22.66,64.58,43.84,20.74,UPI,Delivered,2.0,Self Help Product 53,Books,Self Help,22.79,Customer 923,East,Ranchi,2024-04-29,2025,4,Apr
ORD004088,2025-05-19,CUST01090,PROD0052,1,0.05,59.02,56.07,35.65,20.42,COD,Delivered,3.0,Self Help Product 52,Books,Self Help,58.02,Customer 1090,South,Bengaluru,2023-07-30,2025,5,May
ORD004089,2025-11-29,CUST00792,PROD0014,1,0.15,135.2,114.92,84.67,30.25,Debit Card,Delivered,2.0,Accessories Product 14,Electronics,Accessories,128.33,Customer 792,East,Kolkata,2023-05-24,2025,11,Nov
ORD004090,2025-12-23,CUST01446,PROD0029,1,0.05,55.16,52.4,34.1,18.3,Net Banking,Cancelled,,Women Product 29,Fashion,Women,56.34,Customer 1446,North,Lucknow,2025-02-19,2025,12,Dec
ORD004091,2025-12-06,CUST00962,PROD0008,1,0.0,511.88,511.88,397.88,114.0,COD,Delivered,6.0,Decor Product 8,Home & Kitchen,Decor,462.5,Customer 962,West,Ahmedabad,2023-03-03,2025,12,Dec
ORD004092,2025-02-21,CUST00317,PROD0098,2,0.1,124.36,223.85,130.59,93.26,UPI,Delivered,3.0,Fragrance Product 98,Beauty,Fragrance,123.08,Customer 317,South,Kochi,2024-09-17,2025,2,Feb
ORD004093,2025-07-14,CUST00942,PROD0104,1,0.1,66.78,60.1,40.68,19.42,UPI,Delivered,2.0,Footwear Product 104,Fashion,Footwear,68.87,Customer 942,South,Chennai,2025-01-03,2025,7,Jul
ORD004094,2025-07-25,CUST00626,PROD0001,1,0.0,387.66,387.66,282.25,105.41,COD,Delivered,6.0,Kitchen Product 1,Home & Kitchen,Kitchen,394.25,Customer 626,East,Ranchi,2024-03-30,2025,7,Jul
ORD004095,2025-10-14,CUST00075,PROD0029,4,0.0,60.31,241.24,141.23,100.01,Credit Card,Delivered,3.0,Women Product 29,Fashion,Women,56.34,Customer 75,South,Bengaluru,2023-04-19,2025,10,Oct
ORD004096,2025-04-03,CUST00939,PROD0036,2,0.2,393.62,629.79,397.9,231.89,Debit Card,Delivered,1.0,Furniture Product 36,Home & Kitchen,Furniture,375.57,Customer 939,Central,Nagpur,2023-08-25,2025,4,Apr
ORD004097,2025-11-05,CUST00059,PROD0051,1,0.0,196.06,196.06,129.12,66.94,Credit Card,Delivered,4.0,Furniture Product 51,Home & Kitchen,Furniture,183.5,Customer 59,South,Hyderabad,2024-02-05,2025,11,Nov
ORD004098,2025-05-25,CUST00386,PROD0037,1,0.2,189.77,151.82,88.85,62.97,Net Banking,Delivered,4.0,Sportswear Product 37,Sports,Sportswear,193.95,Customer 386,South,Chennai,2024-06-01,2025,5,May
ORD004099,2025-03-27,CUST00015,PROD0093,4,0.05,367.94,1398.17,994.39,403.78,Credit Card,Delivered,5.0,Appliances Product 93,Home & Kitchen,Appliances,373.4,Customer 15,South,Hyderabad,2024-06-29,2025,3,Mar
ORD004100,2025-06-02,CUST01255,PROD0069,2,0.1,144.53,260.15,190.28,69.87,Net Banking,Delivered,4.0,Women Product 69,Fashion,Women,144.62,Customer 1255,West,Mumbai,2025-05-11,2025,6,Jun
ORD004101,2025-01-02,CUST00199,PROD0053,2,0.0,21.83,43.66,27.71,15.95,COD,Delivered,3.0,Self Help Product 53,Books,Self Help,22.79,Customer 199,South,Hyderabad,2024-12-26,2025,1,Jan
ORD004102,2025-12-08,CUST01378,PROD0096,4,0.15,222.44,756.3,537.3,219.0,Debit Card,Delivered,1.0,Footwear Product 96,Fashion,Footwear,210.2,Customer 1378,Central,Indore,2025-01-03,2025,12,Dec
ORD004103,2025-09-17,CUST00035,PROD0052,1,0.0,57.2,57.2,46.89,10.31,Credit Card,Delivered,6.0,Self Help Product 52,Books,Self Help,58.02,Customer 35,North,Delhi,2023-10-01,2025,9,Sep
ORD004104,2025-06-13,CUST00162,PROD0088,1,0.05,80.48,76.46,60.62,15.84,UPI,Delivered,2.0,Accessories Product 88,Fashion,Accessories,81.69,Customer 162,South,Chennai,2025-04-05,2025,6,Jun
ORD004105,2025-01-06,CUST00982,PROD0083,3,0.0,40.19,120.57,71.63,48.94,UPI,Delivered,7.0,Business Product 83,Books,Business,41.27,Customer 982,West,Pune,2024-01-23,2025,1,Jan
ORD004106,2025-05-29,CUST00799,PROD0012,1,0.15,307.21,261.13,159.47,101.66,Debit Card,Delivered,2.0,Audio Product 12,Electronics,Audio,304.0,Customer 799,North,Lucknow,2025-04-12,2025,5,May
ORD004107,2025-07-24,CUST00895,PROD0052,2,0.2,62.34,99.74,69.68,30.06,UPI,Delivered,5.0,Self Help Product 52,Books,Self Help,58.02,Customer 895,North,Lucknow,2025-03-17,2025,7,Jul
ORD004108,2025-04-28,CUST00471,PROD0001,3,0.05,428.6,1221.51,780.36,441.15,COD,Delivered,5.0,Kitchen Product 1,Home & Kitchen,Kitchen,394.25,Customer 471,North,Jaipur,2025-03-27,2025,4,Apr
ORD004109,2025-03-30,CUST00531,PROD0007,1,0.05,16.56,15.73,9.43,6.3,Debit Card,Delivered,3.0,Haircare Product 7,Beauty,Haircare,15.32,Customer 531,East,Kolkata,2025-04-09,2025,3,Mar
ORD004110,2025-06-03,CUST00792,PROD0017,1,0.15,15.82,13.45,8.62,4.83,COD,Delivered,3.0,Equipment Product 17,Sports,Equipment,15.15,Customer 792,East,Kolkata,2023-05-24,2025,6,Jun
ORD004111,2025-06-16,CUST00852,PROD0098,2,0.2,120.14,192.22,114.31,77.91,UPI,Delivered,4.0,Fragrance Product 98,Beauty,Fragrance,123.08,Customer 852,North,Chandigarh,2023-11-19,2025,6,Jun
ORD004112,2025-06-10,CUST01447,PROD0043,1,0.1,54.16,48.74,34.47,14.27,COD,Delivered,4.0,Skincare Product 43,Beauty,Skincare,50.76,Customer 1447,Central,Kanpur,2023-08-17,2025,6,Jun
ORD004113,2025-09-27,CUST00348,PROD0071,1,0.2,30.35,24.28,16.94,7.34,Credit Card,Delivered,4.0,Footwear Product 71,Fashion,Footwear,32.71,Customer 348,East,Ranchi,2024-05-03,2025,9,Sep
ORD004114,2025-02-25,CUST00694,PROD0017,2,0.05,16.36,31.08,18.07,13.01,Net Banking,Delivered,3.0,Equipment Product 17,Sports,Equipment,15.15,Customer 694,West,Mumbai,2024-05-09,2025,2,Feb
ORD004115,2025-08-16,CUST00935,PROD0059,4,0.0,104.67,418.68,291.32,127.36,UPI,Delivered,4.0,Haircare Product 59,Beauty,Haircare,97.27,Customer 935,West,Pune,2024-09-07,2025,8,Aug
ORD004116,2025-12-03,CUST00913,PROD0003,1,0.0,594.54,594.54,419.0,175.54,Credit Card,Delivered,2.0,Accessories Product 3,Electronics,Accessories,564.08,Customer 913,Central,Nagpur,2024-03-17,2025,12,Dec
ORD004117,2025-05-29,CUST00147,PROD0029,1,0.1,52.94,47.65,34.56,13.09,Credit Card,Delivered,1.0,Women Product 29,Fashion,Women,56.34,Customer 147,North,Chandigarh,2023-11-13,2025,5,May
ORD004118,2025-02-15,CUST01398,PROD0022,1,0.05,220.02,209.02,169.9,39.12,Credit Card,Delivered,3.0,Kitchen Product 22,Home & Kitchen,Kitchen,196.54,Customer 1398,North,Jaipur,2025-06-24,2025,2,Feb
ORD004119,2025-05-24,CUST00675,PROD0038,1,0.0,774.92,774.92,632.22,142.7,UPI,Delivered,3.0,Laptops Product 38,Electronics,Laptops,723.36,Customer 675,East,Kolkata,2023-09-18,2025,5,May
ORD004120,2025-08-26,CUST01440,PROD0054,1,0.05,102.31,97.19,68.66,28.53,COD,Delivered,6.0,Makeup Product 54,Beauty,Makeup,95.89,Customer 1440,East,Bhubaneswar,2023-11-24,2025,8,Aug
ORD004121,2025-09-29,CUST00687,PROD0107,2,0.1,187.16,336.89,263.73,73.16,UPI,Delivered,3.0,Equipment Product 107,Sports,Equipment,200.64,Customer 687,South,Chennai,2023-08-27,2025,9,Sep
ORD004122,2025-04-30,CUST01280,PROD0093,2,0.0,373.3,746.6,448.29,298.31,UPI,Delivered,3.0,Appliances Product 93,Home & Kitchen,Appliances,373.4,Customer 1280,West,Ahmedabad,2023-01-31,2025,4,Apr
ORD004123,2025-12-06,CUST00960,PROD0114,1,0.0,515.49,515.49,364.7,150.79,UPI,Cancelled,,Audio Product 114,Electronics,Audio,550.01,Customer 960,North,Chandigarh,2024-01-04,2025,12,Dec
ORD004124,2025-08-08,CUST00686,PROD0050,1,0.2,94.26,75.41,56.02,19.39,COD,Delivered,2.0,Smartphones Product 50,Electronics,Smartphones,95.0,Customer 686,East,Bhubaneswar,2023-10-12,2025,8,Aug
ORD004125,2025-01-08,CUST01127,PROD0118,1,0.05,135.38,128.61,92.02,36.59,Credit Card,Delivered,6.0,Kitchen Product 118,Home & Kitchen,Kitchen,130.92,Customer 1127,North,Chandigarh,2024-05-25,2025,1,Jan
ORD004126,2025-12-10,CUST00121,PROD0106,2,0.0,167.39,334.78,212.71,122.07,UPI,Delivered,3.0,Women Product 106,Fashion,Women,152.76,Customer 121,East,Ranchi,2024-03-08,2025,12,Dec
ORD004127,2025-10-02,CUST00419,PROD0069,1,0.1,141.23,127.11,75.64,51.47,Credit Card,Delivered,6.0,Women Product 69,Fashion,Women,144.62,Customer 419,South,Bengaluru,2023-01-20,2025,10,Oct
ORD004128,2025-12-19,CUST00350,PROD0030,2,0.2,350.65,561.04,377.47,183.57,Net Banking,Delivered,3.0,Decor Product 30,Home & Kitchen,Decor,335.65,Customer 350,South,Bengaluru,2024-12-26,2025,12,Dec
ORD004129,2025-03-07,CUST00042,PROD0023,2,0.1,74.11,133.4,98.11,35.29,UPI,Delivered,3.0,Equipment Product 23,Sports,Equipment,77.77,Customer 42,West,Ahmedabad,2023-11-20,2025,3,Mar
ORD004130,2025-03-20,CUST01391,PROD0119,2,0.05,511.8,972.42,795.45,176.97,UPI,Delivered,5.0,Smartphones Product 119,Electronics,Smartphones,516.56,Customer 1391,North,Jaipur,2023-03-13,2025,3,Mar
ORD004131,2025-03-27,CUST00029,PROD0085,1,0.2,174.66,139.73,88.98,50.75,UPI,Delivered,4.0,Makeup Product 85,Beauty,Makeup,157.43,Customer 29,North,Chandigarh,2024-09-16,2025,3,Mar
ORD004132,2025-05-04,CUST00966,PROD0120,1,0.1,14.22,12.8,10.24,2.56,Credit Card,Delivered,4.0,Self Help Product 120,Books,Self Help,13.3,Customer 966,West,Surat,2023-07-14,2025,5,May
ORD004133,2025-07-21,CUST00785,PROD0090,2,0.05,169.29,321.65,191.83,129.82,Credit Card,Returned,3.0,Outdoor Product 90,Sports,Outdoor,164.49,Customer 785,South,Hyderabad,2024-01-22,2025,7,Jul
ORD004134,2025-05-30,CUST00014,PROD0118,1,0.1,127.04,114.34,91.87,22.47,Credit Card,Delivered,3.0,Kitchen Product 118,Home & Kitchen,Kitchen,130.92,Customer 14,South,Kochi,2024-10-28,2025,5,May
ORD004135,2025-02-15,CUST00920,PROD0047,2,0.15,18.52,31.48,24.55,6.93,Debit Card,Delivered,3.0,Men Product 47,Fashion,Men,18.6,Customer 920,East,Ranchi,2025-05-07,2025,2,Feb
ORD004136,2025-04-23,CUST00818,PROD0021,3,0.1,12.38,33.43,19.56,13.87,UPI,Delivered,2.0,Technology Product 21,Books,Technology,13.01,Customer 818,South,Kochi,2024-11-23,2025,4,Apr
ORD004137,2025-04-01,CUST00825,PROD0020,2,0.2,94.57,151.31,98.59,52.72,UPI,Delivered,2.0,Skincare Product 20,Beauty,Skincare,95.46,Customer 825,East,Patna,2024-07-13,2025,4,Apr
ORD004138,2025-05-21,CUST01213,PROD0023,2,0.1,73.89,133.0,78.77,54.23,UPI,Delivered,5.0,Equipment Product 23,Sports,Equipment,77.77,Customer 1213,North,Jaipur,2024-01-01,2025,5,May
ORD004139,2025-10-16,CUST00872,PROD0068,2,0.2,105.81,169.3,138.64,30.66,UPI,Delivered,5.0,Kitchen Product 68,Home & Kitchen,Kitchen,98.06,Customer 872,West,Pune,2023-08-23,2025,10,Oct
ORD004140,2025-08-06,CUST00295,PROD0021,1,0.1,12.18,10.96,7.48,3.48,UPI,Delivered,6.0,Technology Product 21,Books,Technology,13.01,Customer 295,North,Chandigarh,2024-10-20,2025,8,Aug
ORD004141,2025-03-18,CUST01207,PROD0021,3,0.05,12.46,35.51,26.24,9.27,Credit Card,Delivered,4.0,Technology Product 21,Books,Technology,13.01,Customer 1207,South,Chennai,2025-04-04,2025,3,Mar
ORD004142,2025-11-30,CUST00864,PROD0001,2,0.1,417.21,750.98,477.78,273.2,UPI,Delivered,3.0,Kitchen Product 1,Home & Kitchen,Kitchen,394.25,Customer 864,East,Patna,2025-06-02,2025,11,Nov
ORD004143,2025-06-01,CUST00548,PROD0015,1,0.0,129.28,129.28,103.95,25.33,Debit Card,Delivered,2.0,Kitchen Product 15,Home & Kitchen,Kitchen,117.47,Customer 548,South,Bengaluru,2024-08-11,2025,6,Jun
ORD004144,2025-11-19,CUST01061,PROD0017,2,0.0,16.86,33.72,21.78,11.94,Credit Card,Delivered,5.0,Equipment Product 17,Sports,Equipment,15.15,Customer 1061,West,Mumbai,2023-04-24,2025,11,Nov
ORD004145,2025-08-27,CUST01008,PROD0051,2,0.15,199.5,339.15,217.89,121.26,UPI,Delivered,3.0,Furniture Product 51,Home & Kitchen,Furniture,183.5,Customer 1008,South,Hyderabad,2024-11-20,2025,8,Aug
ORD004146,2025-04-25,CUST01038,PROD0063,3,0.1,263.3,710.91,466.0,244.91,Credit Card,Delivered,4.0,Kitchen Product 63,Home & Kitchen,Kitchen,273.62,Customer 1038,Central,Indore,2024-04-02,2025,4,Apr
ORD004147,2025-11-15,CUST00635,PROD0014,4,0.0,125.4,501.6,346.6,155.0,Credit Card,Delivered,3.0,Accessories Product 14,Electronics,Accessories,128.33,Customer 635,East,Patna,2023-05-20,2025,11,Nov
ORD004148,2025-04-04,CUST00595,PROD0059,2,0.05,106.43,202.22,118.19,84.03,Net Banking,Delivered,4.0,Haircare Product 59,Beauty,Haircare,97.27,Customer 595,East,Kolkata,2023-03-04,2025,4,Apr
ORD004149,2025-02-17,CUST01183,PROD0083,2,0.0,45.31,90.62,65.56,25.06,Net Banking,Delivered,5.0,Business Product 83,Books,Business,41.27,Customer 1183,South,Chennai,2023-12-06,2025,2,Feb
ORD004150,2025-07-10,CUST01353,PROD0050,2,0.2,99.57,159.31,93.61,65.7,Credit Card,Delivered,4.0,Smartphones Product 50,Electronics,Smartphones,95.0,Customer 1353,West,Pune,2024-05-02,2025,7,Jul
ORD004151,2025-01-12,CUST00614,PROD0034,2,0.0,103.68,207.36,147.1,60.26,Debit Card,Delivered,8.0,Accessories Product 34,Fashion,Accessories,105.5,Customer 614,North,Chandigarh,2023-01-03,2025,1,Jan
ORD004152,2025-06-05,CUST01107,PROD0006,3,0.1,75.81,204.69,141.21,63.48,UPI,Delivered,3.0,Decor Product 6,Home & Kitchen,Decor,78.58,Customer 1107,West,Ahmedabad,2023-06-19,2025,6,Jun
ORD004153,2025-06-21,CUST01046,PROD0109,1,0.1,49.82,44.84,28.62,16.22,Debit Card,Delivered,4.0,Fiction Product 109,Books,Fiction,45.69,Customer 1046,Central,Indore,2023-09-10,2025,6,Jun
ORD004154,2025-10-23,CUST01156,PROD0049,1,0.1,393.44,354.1,233.4,120.7,COD,Delivered,1.0,Decor Product 49,Home & Kitchen,Decor,409.38,Customer 1156,North,Delhi,2023-04-28,2025,10,Oct
ORD004155,2025-06-26,CUST00465,PROD0006,1,0.05,82.69,78.56,58.87,19.69,Credit Card,Delivered,3.0,Decor Product 6,Home & Kitchen,Decor,78.58,Customer 465,North,Lucknow,2023-10-11,2025,6,Jun
ORD004156,2025-12-07,CUST01480,PROD0117,4,0.05,303.74,1154.21,672.1,482.11,UPI,Delivered,6.0,Furniture Product 117,Home & Kitchen,Furniture,272.76,Customer 1480,East,Bhubaneswar,2023-12-30,2025,12,Dec
ORD004157,2025-02-26,CUST01326,PROD0118,4,0.15,138.91,472.29,309.82,162.47,Debit Card,Delivered,3.0,Kitchen Product 118,Home & Kitchen,Kitchen,130.92,Customer 1326,North,Lucknow,2023-02-09,2025,2,Feb
ORD004158,2025-12-09,CUST00955,PROD0069,2,0.15,140.5,238.85,177.53,61.32,COD,Delivered,5.0,Women Product 69,Fashion,Women,144.62,Customer 955,North,Lucknow,2025-05-07,2025,12,Dec
ORD004159,2025-12-06,CUST00930,PROD0007,2,0.15,14.96,25.43,15.68,9.75,UPI,Delivered,7.0,Haircare Product 7,Beauty,Haircare,15.32,Customer 930,South,Chennai,2023-09-26,2025,12,Dec
ORD004160,2025-07-22,CUST01291,PROD0097,1,0.15,55.69,47.34,33.82,13.52,Credit Card,Delivered,2.0,Self Help Product 97,Books,Self Help,59.33,Customer 1291,East,Kolkata,2023-05-08,2025,7,Jul
ORD004161,2025-07-04,CUST00799,PROD0077,2,0.0,145.95,291.9,181.14,110.76,UPI,Cancelled,,Accessories Product 77,Fashion,Accessories,138.05,Customer 799,North,Lucknow,2025-04-12,2025,7,Jul
ORD004162,2025-05-01,CUST00395,PROD0051,1,0.0,187.85,187.85,115.93,71.92,UPI,Delivered,3.0,Furniture Product 51,Home & Kitchen,Furniture,183.5,Customer 395,East,Patna,2024-02-29,2025,5,May
ORD004163,2025-08-14,CUST01144,PROD0118,4,0.2,125.85,402.72,308.22,94.5,Credit Card,Delivered,2.0,Kitchen Product 118,Home & Kitchen,Kitchen,130.92,Customer 1144,South,Chennai,2024-03-05,2025,8,Aug
ORD004164,2025-07-21,CUST00246,PROD0001,2,0.15,380.66,647.12,416.72,230.4,Credit Card,Delivered,1.0,Kitchen Product 1,Home & Kitchen,Kitchen,394.25,Customer 246,West,Pune,2024-05-29,2025,7,Jul
ORD004165,2025-11-26,CUST00568,PROD0013,1,0.1,709.15,638.24,427.74,210.5,UPI,Delivered,3.0,Laptops Product 13,Electronics,Laptops,769.31,Customer 568,Central,Indore,2024-01-04,2025,11,Nov
ORD004166,2025-12-29,CUST00038,PROD0043,4,0.1,56.63,203.87,153.96,49.91,Credit Card,Delivered,4.0,Skincare Product 43,Beauty,Skincare,50.76,Customer 38,Central,Kanpur,2025-05-10,2025,12,Dec
ORD004167,2025-12-22,CUST00245,PROD0027,1,0.05,467.94,444.54,276.99,167.55,Debit Card,Delivered,4.0,Decor Product 27,Home & Kitchen,Decor,431.04,Customer 245,North,Lucknow,2023-09-02,2025,12,Dec
ORD004168,2025-08-04,CUST00021,PROD0071,4,0.0,32.67,130.68,92.47,38.21,UPI,Delivered,5.0,Footwear Product 71,Fashion,Footwear,32.71,Customer 21,North,Lucknow,2023-11-23,2025,8,Aug
ORD004169,2025-02-12,CUST01134,PROD0116,1,0.1,57.1,51.39,41.13,10.26,COD,Delivered,2.0,Men Product 116,Fashion,Men,51.48,Customer 1134,West,Mumbai,2025-04-18,2025,2,Feb
ORD004170,2025-01-23,CUST00394,PROD0003,1,0.2,595.34,476.27,339.54,136.73,UPI,Delivered,1.0,Accessories Product 3,Electronics,Accessories,564.08,Customer 394,West,Pune,2024-04-12,2025,1,Jan
ORD004171,2025-06-04,CUST01434,PROD0058,3,0.05,207.58,591.6,350.06,241.54,Credit Card,Delivered,2.0,Footwear Product 58,Fashion,Footwear,193.95,Customer 1434,North,Lucknow,2023-02-27,2025,6,Jun
ORD004172,2025-07-05,CUST00987,PROD0089,1,0.05,494.38,469.66,338.87,130.79,UPI,Delivered,3.0,Kitchen Product 89,Home & Kitchen,Kitchen,468.17,Customer 987,Central,Bhopal,2023-12-06,2025,7,Jul
ORD004173,2025-09-06,CUST00008,PROD0097,2,0.05,63.56,120.76,72.65,48.11,Credit Card,Delivered,6.0,Self Help Product 97,Books,Self Help,59.33,Customer 8,South,Chennai,2023-01-10,2025,9,Sep
ORD004174,2025-08-25,CUST01468,PROD0104,2,0.0,65.71,131.42,85.12,46.3,Credit Card,Delivered,8.0,Footwear Product 104,Fashion,Footwear,68.87,Customer 1468,North,Lucknow,2023-06-20,2025,8,Aug
ORD004175,2025-10-20,CUST00328,PROD0017,1,0.1,15.64,14.08,11.04,3.04,Credit Card,Delivered,2.0,Equipment Product 17,Sports,Equipment,15.15,Customer 328,East,Patna,2023-05-06,2025,10,Oct
ORD004176,2025-05-14,CUST00290,PROD0045,1,0.25,200.65,150.49,87.68,62.81,Debit Card,Delivered,2.0,Kitchen Product 45,Home & Kitchen,Kitchen,184.1,Customer 290,East,Bhubaneswar,2024-01-25,2025,5,May
ORD004177,2025-11-17,CUST00511,PROD0078,1,0.15,100.42,85.36,51.09,34.27,Net Banking,Delivered,3.0,Fitness Product 78,Sports,Fitness,108.69,Customer 511,South,Chennai,2023-07-31,2025,11,Nov
ORD004178,2025-01-22,CUST00912,PROD0101,2,0.2,305.03,488.05,325.63,162.42,Credit Card,Delivered,3.0,Laptops Product 101,Electronics,Laptops,322.89,Customer 912,West,Mumbai,2025-06-20,2025,1,Jan
ORD004179,2025-12-27,CUST00361,PROD0058,1,0.1,187.96,169.16,138.69,30.47,UPI,Delivered,5.0,Footwear Product 58,Fashion,Footwear,193.95,Customer 361,East,Bhubaneswar,2024-01-26,2025,12,Dec
ORD004180,2025-03-29,CUST00716,PROD0056,4,0.1,82.13,295.67,192.2,103.47,Credit Card,Delivered,5.0,Women Product 56,Fashion,Women,83.9,Customer 716,West,Mumbai,2024-09-25,2025,3,Mar
ORD004181,2025-06-02,CUST00219,PROD0054,4,0.25,91.72,275.16,169.98,105.18,Credit Card,Cancelled,,Makeup Product 54,Beauty,Makeup,95.89,Customer 219,North,Delhi,2023-03-29,2025,6,Jun
ORD004182,2025-05-05,CUST00406,PROD0087,1,0.05,189.64,180.16,128.25,51.91,UPI,Returned,5.0,Equipment Product 87,Sports,Equipment,181.5,Customer 406,South,Bengaluru,2024-05-28,2025,5,May
ORD004183,2025-03-20,CUST00753,PROD0088,1,0.2,79.96,63.97,45.07,18.9,UPI,Delivered,3.0,Accessories Product 88,Fashion,Accessories,81.69,Customer 753,North,Lucknow,2023-04-03,2025,3,Mar
ORD004184,2025-12-12,CUST00923,PROD0029,3,0.15,53.61,136.71,94.04,42.67,UPI,Returned,1.0,Women Product 29,Fashion,Women,56.34,Customer 923,East,Ranchi,2024-04-29,2025,12,Dec
ORD004185,2025-02-20,CUST00832,PROD0102,1,0.05,57.52,54.64,44.11,10.53,UPI,Delivered,2.0,Makeup Product 102,Beauty,Makeup,52.24,Customer 832,South,Hyderabad,2025-01-20,2025,2,Feb
ORD004186,2025-08-04,CUST00794,PROD0054,1,0.1,101.55,91.4,59.16,32.24,Credit Card,Delivered,4.0,Makeup Product 54,Beauty,Makeup,95.89,Customer 794,Central,Nagpur,2025-04-01,2025,8,Aug
ORD004187,2025-06-25,CUST01244,PROD0027,2,0.05,417.77,793.76,516.26,277.5,Debit Card,Delivered,3.0,Decor Product 27,Home & Kitchen,Decor,431.04,Customer 1244,South,Kochi,2025-03-18,2025,6,Jun
ORD004188,2025-12-24,CUST00595,PROD0102,4,0.0,51.83,207.32,127.22,80.1,Credit Card,Delivered,2.0,Makeup Product 102,Beauty,Makeup,52.24,Customer 595,East,Kolkata,2023-03-04,2025,12,Dec
ORD004189,2025-09-10,CUST00107,PROD0117,2,0.05,291.35,553.57,413.71,139.86,COD,Delivered,2.0,Furniture Product 117,Home & Kitchen,Furniture,272.76,Customer 107,East,Kolkata,2024-02-25,2025,9,Sep
ORD004190,2025-09-03,CUST00581,PROD0104,2,0.2,74.25,118.8,78.07,40.73,UPI,Delivered,2.0,Footwear Product 104,Fashion,Footwear,68.87,Customer 581,West,Mumbai,2023-12-29,2025,9,Sep
ORD004191,2025-08-15,CUST00609,PROD0045,2,0.15,175.87,298.98,231.01,67.97,UPI,Delivered,2.0,Kitchen Product 45,Home & Kitchen,Kitchen,184.1,Customer 609,West,Mumbai,2023-03-29,2025,8,Aug
ORD004192,2025-04-16,CUST01310,PROD0114,1,0.05,609.03,578.58,470.51,108.07,Credit Card,Delivered,6.0,Audio Product 114,Electronics,Audio,550.01,Customer 1310,Central,Bhopal,2025-02-28,2025,4,Apr
ORD004193,2025-07-12,CUST00008,PROD0087,3,0.05,195.49,557.15,328.99,228.16,Net Banking,Delivered,4.0,Equipment Product 87,Sports,Equipment,181.5,Customer 8,South,Chennai,2023-01-10,2025,7,Jul
ORD004194,2025-11-12,CUST00806,PROD0031,2,0.1,276.81,498.26,407.75,90.51,Debit Card,Delivered,4.0,Furniture Product 31,Home & Kitchen,Furniture,253.64,Customer 806,East,Bhubaneswar,2023-12-30,2025,11,Nov
ORD004195,2025-10-29,CUST00189,PROD0036,1,0.05,356.33,338.51,216.98,121.53,Debit Card,Delivered,1.0,Furniture Product 36,Home & Kitchen,Furniture,375.57,Customer 189,North,Jaipur,2023-07-21,2025,10,Oct
ORD004196,2025-02-05,CUST00081,PROD0081,1,0.1,318.46,286.61,195.13,91.48,Net Banking,Delivered,5.0,Accessories Product 81,Electronics,Accessories,335.69,Customer 81,East,Patna,2024-07-05,2025,2,Feb
ORD004197,2025-07-23,CUST00108,PROD0061,3,0.1,85.65,231.26,177.3,53.96,Debit Card,Delivered,4.0,Outdoor Product 61,Sports,Outdoor,87.3,Customer 108,Central,Kanpur,2025-06-15,2025,7,Jul
ORD004198,2025-09-24,CUST01345,PROD0037,1,0.1,180.94,162.85,120.46,42.39,Debit Card,Delivered,4.0,Sportswear Product 37,Sports,Sportswear,193.95,Customer 1345,North,Lucknow,2025-06-30,2025,9,Sep
ORD004199,2025-09-25,CUST00686,PROD0067,1,0.0,181.05,181.05,138.83,42.22,Net Banking,Delivered,1.0,Furniture Product 67,Home & Kitchen,Furniture,192.97,Customer 686,East,Bhubaneswar,2023-10-12,2025,9,Sep
ORD004200,2025-06-19,CUST00346,PROD0036,2,0.1,356.28,641.3,443.73,197.57,UPI,Delivered,5.0,Furniture Product 36,Home & Kitchen,Furniture,375.57,Customer 346,South,Bengaluru,2023-02-19,2025,6,Jun
ORD004201,2025-02-08,CUST00328,PROD0119,2,0.05,548.84,1042.8,834.09,208.71,Net Banking,Delivered,5.0,Smartphones Product 119,Electronics,Smartphones,516.56,Customer 328,East,Patna,2023-05-06,2025,2,Feb
ORD004202,2025-05-19,CUST00555,PROD0005,4,0.05,218.94,831.97,640.27,191.7,UPI,Delivered,6.0,Men Product 5,Fashion,Men,236.42,Customer 555,West,Mumbai,2024-08-25,2025,5,May
ORD004203,2025-10-19,CUST00302,PROD0046,3,0.05,112.05,319.34,208.92,110.42,COD,Delivered,4.0,Accessories Product 46,Electronics,Accessories,119.63,Customer 302,East,Patna,2024-10-21,2025,10,Oct
ORD004204,2025-02-21,CUST00200,PROD0079,1,0.05,267.07,253.72,204.91,48.81,UPI,Delivered,3.0,Appliances Product 79,Home & Kitchen,Appliances,240.86,Customer 200,East,Ranchi,2024-05-19,2025,2,Feb
ORD004205,2025-10-14,CUST00893,PROD0052,1,0.2,54.35,43.48,35.25,8.23,Credit Card,Delivered,1.0,Self Help Product 52,Books,Self Help,58.02,Customer 893,Central,Kanpur,2024-03-04,2025,10,Oct
ORD004206,2025-10-16,CUST01443,PROD0049,1,0.15,420.63,357.54,242.99,114.55,COD,Delivered,2.0,Decor Product 49,Home & Kitchen,Decor,409.38,Customer 1443,North,Chandigarh,2024-04-18,2025,10,Oct
ORD004207,2025-05-21,CUST01063,PROD0006,4,0.1,82.39,296.6,218.44,78.16,UPI,Delivered,2.0,Decor Product 6,Home & Kitchen,Decor,78.58,Customer 1063,West,Surat,2023-12-22,2025,5,May
ORD004208,2025-05-26,CUST00307,PROD0010,1,0.1,987.94,889.15,689.58,199.57,Debit Card,Cancelled,,Smartphones Product 10,Electronics,Smartphones,888.66,Customer 307,Central,Indore,2024-05-28,2025,5,May
ORD004209,2025-11-10,CUST01028,PROD0118,1,0.0,144.01,144.01,111.77,32.24,Credit Card,Delivered,2.0,Kitchen Product 118,Home & Kitchen,Kitchen,130.92,Customer 1028,West,Pune,2024-07-03,2025,11,Nov
ORD004210,2025-07-03,CUST01101,PROD0096,1,0.05,211.91,201.31,117.44,83.87,UPI,Delivered,6.0,Footwear Product 96,Fashion,Footwear,210.2,Customer 1101,Central,Kanpur,2024-10-22,2025,7,Jul
ORD004211,2025-06-01,CUST00468,PROD0023,2,0.15,86.2,146.54,107.12,39.42,COD,Delivered,4.0,Equipment Product 23,Sports,Equipment,77.77,Customer 468,West,Mumbai,2023-10-28,2025,6,Jun
ORD004212,2025-07-20,CUST00179,PROD0112,1,0.05,222.51,211.38,172.0,39.38,UPI,Delivered,5.0,Kitchen Product 112,Home & Kitchen,Kitchen,221.08,Customer 179,Central,Kanpur,2024-06-11,2025,7,Jul
ORD004213,2025-05-08,CUST00645,PROD0017,1,0.1,15.97,14.37,9.13,5.24,Debit Card,Delivered,3.0,Equipment Product 17,Sports,Equipment,15.15,Customer 645,West,Ahmedabad,2025-06-08,2025,5,May
ORD004214,2025-10-14,CUST00276,PROD0110,3,0.0,393.99,1181.97,911.24,270.73,Credit Card,Delivered,2.0,Kitchen Product 110,Home & Kitchen,Kitchen,405.37,Customer 276,South,Hyderabad,2024-12-01,2025,10,Oct
ORD004215,2025-11-07,CUST01176,PROD0084,3,0.2,24.77,59.45,42.1,17.35,Net Banking,Delivered,3.0,Fiction Product 84,Books,Fiction,23.65,Customer 1176,Central,Nagpur,2023-05-30,2025,11,Nov
ORD004216,2025-09-10,CUST01188,PROD0044,1,0.2,24.01,19.21,12.16,7.05,Debit Card,Delivered,5.0,Business Product 44,Books,Business,23.36,Customer 1188,West,Surat,2025-01-16,2025,9,Sep
ORD004217,2025-09-23,CUST01314,PROD0041,1,0.0,406.99,406.99,241.04,165.95,Debit Card,Cancelled,,Accessories Product 41,Electronics,Accessories,390.82,Customer 1314,Central,Kanpur,2024-06-13,2025,9,Sep
ORD004218,2025-07-07,CUST01402,PROD0015,1,0.15,124.11,105.49,80.42,25.07,COD,Delivered,2.0,Kitchen Product 15,Home & Kitchen,Kitchen,117.47,Customer 1402,Central,Nagpur,2023-03-17,2025,7,Jul
ORD004219,2025-08-18,CUST00621,PROD0044,2,0.0,22.3,44.6,29.26,15.34,UPI,Delivered,1.0,Business Product 44,Books,Business,23.36,Customer 621,East,Ranchi,2024-10-06,2025,8,Aug
ORD004220,2025-09-28,CUST00638,PROD0110,4,0.1,397.36,1430.5,958.64,471.86,Net Banking,Delivered,4.0,Kitchen Product 110,Home & Kitchen,Kitchen,405.37,Customer 638,South,Bengaluru,2023-11-08,2025,9,Sep
ORD004221,2025-09-16,CUST01334,PROD0058,1,0.0,206.99,206.99,144.16,62.83,Debit Card,Delivered,3.0,Footwear Product 58,Fashion,Footwear,193.95,Customer 1334,Central,Bhopal,2024-03-22,2025,9,Sep
ORD004222,2025-10-26,CUST00930,PROD0086,1,0.0,344.28,344.28,241.59,102.69,UPI,Delivered,2.0,Audio Product 86,Electronics,Audio,361.35,Customer 930,South,Chennai,2023-09-26,2025,10,Oct
ORD004223,2025-07-17,CUST01413,PROD0050,3,0.0,93.94,281.82,177.4,104.42,Credit Card,Delivered,4.0,Smartphones Product 50,Electronics,Smartphones,95.0,Customer 1413,North,Lucknow,2023-10-14,2025,7,Jul
ORD004224,2025-11-19,CUST00183,PROD0052,1,0.2,61.11,48.89,36.23,12.66,Debit Card,Delivered,4.0,Self Help Product 52,Books,Self Help,58.02,Customer 183,East,Patna,2023-11-06,2025,11,Nov
ORD004225,2025-02-25,CUST01330,PROD0070,1,0.15,115.75,98.39,73.42,24.97,Debit Card,Delivered,2.0,Footwear Product 70,Fashion,Footwear,104.51,Customer 1330,South,Chennai,2023-03-23,2025,2,Feb
ORD004226,2025-11-15,CUST00072,PROD0068,2,0.0,91.69,183.38,112.62,70.76,UPI,Delivered,4.0,Kitchen Product 68,Home & Kitchen,Kitchen,98.06,Customer 72,South,Kochi,2023-10-09,2025,11,Nov
ORD004227,2025-07-22,CUST01243,PROD0063,1,0.1,280.0,252.0,178.39,73.61,UPI,Delivered,3.0,Kitchen Product 63,Home & Kitchen,Kitchen,273.62,Customer 1243,East,Kolkata,2024-09-29,2025,7,Jul
ORD004228,2025-09-28,CUST00719,PROD0058,1,0.0,181.61,181.61,131.89,49.72,UPI,Delivered,8.0,Footwear Product 58,Fashion,Footwear,193.95,Customer 719,West,Pune,2024-11-04,2025,9,Sep
ORD004229,2025-04-19,CUST01197,PROD0023,4,0.05,77.45,294.31,183.86,110.45,UPI,Delivered,5.0,Equipment Product 23,Sports,Equipment,77.77,Customer 1197,West,Mumbai,2024-05-25,2025,4,Apr
ORD004230,2025-04-26,CUST01296,PROD0044,1,0.2,22.31,17.85,14.18,3.67,UPI,Delivered,4.0,Business Product 44,Books,Business,23.36,Customer 1296,West,Ahmedabad,2024-03-21,2025,4,Apr
ORD004231,2025-04-02,CUST00726,PROD0109,3,0.0,47.97,143.91,100.14,43.77,Credit Card,Delivered,2.0,Fiction Product 109,Books,Fiction,45.69,Customer 726,South,Chennai,2023-09-04,2025,4,Apr
ORD004232,2025-05-18,CUST01492,PROD0083,3,0.1,44.22,119.39,72.54,46.85,Credit Card,Delivered,4.0,Business Product 83,Books,Business,41.27,Customer 1492,West,Surat,2023-01-01,2025,5,May
ORD004233,2025-10-30,CUST00269,PROD0118,4,0.05,126.92,482.3,318.44,163.86,Net Banking,Delivered,5.0,Kitchen Product 118,Home & Kitchen,Kitchen,130.92,Customer 269,South,Bengaluru,2024-02-23,2025,10,Oct
ORD004234,2025-02-26,CUST01044,PROD0109,2,0.0,48.55,97.1,67.43,29.67,Debit Card,Returned,5.0,Fiction Product 109,Books,Fiction,45.69,Customer 1044,East,Bhubaneswar,2024-10-16,2025,2,Feb
ORD004235,2025-02-19,CUST00578,PROD0095,1,0.1,37.69,33.92,19.76,14.16,UPI,Delivered,5.0,Business Product 95,Books,Business,37.34,Customer 578,West,Mumbai,2025-02-08,2025,2,Feb
ORD004236,2025-03-12,CUST00995,PROD0044,1,0.2,22.82,18.26,10.73,7.53,UPI,Delivered,3.0,Business Product 44,Books,Business,23.36,Customer 995,East,Bhubaneswar,2024-11-07,2025,3,Mar
ORD004237,2025-03-23,CUST00815,PROD0052,1,0.15,59.45,50.53,29.98,20.55,Debit Card,Delivered,3.0,Self Help Product 52,Books,Self Help,58.02,Customer 815,East,Ranchi,2025-02-21,2025,3,Mar
ORD004238,2025-04-15,CUST00147,PROD0067,1,0.0,192.18,192.18,136.28,55.9,Net Banking,Delivered,4.0,Furniture Product 67,Home & Kitchen,Furniture,192.97,Customer 147,North,Chandigarh,2023-11-13,2025,4,Apr
ORD004239,2025-03-29,CUST01453,PROD0028,3,0.15,15.88,40.49,26.75,13.74,Debit Card,Delivered,3.0,Equipment Product 28,Sports,Equipment,16.44,Customer 1453,South,Kochi,2025-06-05,2025,3,Mar
ORD004240,2025-01-02,CUST01189,PROD0067,1,0.2,206.74,165.39,131.38,34.01,Debit Card,Delivered,2.0,Furniture Product 67,Home & Kitchen,Furniture,192.97,Customer 1189,North,Jaipur,2024-06-02,2025,1,Jan
ORD004241,2025-12-26,CUST00890,PROD0078,1,0.05,117.33,111.46,79.61,31.85,UPI,Delivered,3.0,Fitness Product 78,Sports,Fitness,108.69,Customer 890,South,Kochi,2023-11-10,2025,12,Dec
ORD004242,2025-03-25,CUST00310,PROD0018,1,0.05,238.0,226.1,172.37,53.73,Credit Card,Delivered,1.0,Furniture Product 18,Home & Kitchen,Furniture,220.36,Customer 310,Central,Nagpur,2025-06-01,2025,3,Mar
ORD004243,2025-02-12,CUST00518,PROD0027,1,0.0,429.5,429.5,319.94,109.56,Debit Card,Delivered,5.0,Decor Product 27,Home & Kitchen,Decor,431.04,Customer 518,East,Bhubaneswar,2023-04-21,2025,2,Feb
ORD004244,2025-06-03,CUST00014,PROD0051,2,0.05,175.04,332.58,234.43,98.15,UPI,Delivered,5.0,Furniture Product 51,Home & Kitchen,Furniture,183.5,Customer 14,South,Kochi,2024-10-28,2025,6,Jun
ORD004245,2025-11-23,CUST00132,PROD0060,3,0.1,133.0,359.1,272.46,86.64,Credit Card,Delivered,4.0,Outdoor Product 60,Sports,Outdoor,122.23,Customer 132,West,Ahmedabad,2025-04-09,2025,11,Nov
ORD004246,2025-04-04,CUST00755,PROD0074,1,0.05,212.21,201.6,143.28,58.32,UPI,Delivered,5.0,Women Product 74,Fashion,Women,215.26,Customer 755,North,Delhi,2023-07-24,2025,4,Apr
ORD004247,2025-10-25,CUST00439,PROD0049,1,0.0,437.88,437.88,294.48,143.4,Credit Card,Delivered,4.0,Decor Product 49,Home & Kitchen,Decor,409.38,Customer 439,West,Surat,2024-07-13,2025,10,Oct
ORD004248,2025-05-13,CUST00743,PROD0015,1,0.05,127.28,120.92,82.78,38.14,Credit Card,Delivered,4.0,Kitchen Product 15,Home & Kitchen,Kitchen,117.47,Customer 743,West,Ahmedabad,2023-01-19,2025,5,May
ORD004249,2025-03-06,CUST00740,PROD0083,1,0.1,44.31,39.88,31.16,8.72,Credit Card,Delivered,1.0,Business Product 83,Books,Business,41.27,Customer 740,West,Mumbai,2023-06-24,2025,3,Mar
ORD004250,2025-10-17,CUST00795,PROD0073,1,0.1,9.36,8.42,6.02,2.4,Credit Card,Delivered,6.0,Business Product 73,Books,Business,9.38,Customer 795,Central,Bhopal,2024-10-29,2025,10,Oct
ORD004251,2025-09-14,CUST00263,PROD0068,3,0.1,108.61,293.25,196.64,96.61,Credit Card,Delivered,4.0,Kitchen Product 68,Home & Kitchen,Kitchen,98.06,Customer 263,Central,Indore,2023-05-08,2025,9,Sep
ORD004252,2025-08-01,CUST00643,PROD0015,4,0.0,123.58,494.32,308.03,186.29,COD,Delivered,4.0,Kitchen Product 15,Home & Kitchen,Kitchen,117.47,Customer 643,West,Ahmedabad,2023-03-02,2025,8,Aug
ORD004253,2025-05-28,CUST01249,PROD0051,1,0.1,189.95,170.96,119.48,51.48,Credit Card,Delivered,3.0,Furniture Product 51,Home & Kitchen,Furniture,183.5,Customer 1249,Central,Bhopal,2023-12-26,2025,5,May
ORD004254,2025-03-02,CUST00258,PROD0048,2,0.05,116.11,220.61,141.32,79.29,Debit Card,Delivered,1.0,Fragrance Product 48,Beauty,Fragrance,109.58,Customer 258,South,Kochi,2024-04-18,2025,3,Mar
ORD004255,2025-05-29,CUST01258,PROD0072,1,0.2,14.87,11.9,9.63,2.27,UPI,Cancelled,,Technology Product 72,Books,Technology,16.01,Customer 1258,South,Chennai,2024-10-11,2025,5,May
ORD004256,2025-03-29,CUST01360,PROD0113,1,0.05,479.72,455.73,318.02,137.71,Credit Card,Delivered,8.0,Smartphones Product 113,Electronics,Smartphones,480.63,Customer 1360,Central,Kanpur,2023-07-07,2025,3,Mar
ORD004257,2025-11-20,CUST00409,PROD0117,1,0.0,299.01,299.01,174.07,124.94,UPI,Delivered,5.0,Furniture Product 117,Home & Kitchen,Furniture,272.76,Customer 409,Central,Bhopal,2024-08-08,2025,11,Nov
ORD004258,2025-10-05,CUST00975,PROD0001,1,0.0,375.41,375.41,226.11,149.3,UPI,Delivered,6.0,Kitchen Product 1,Home & Kitchen,Kitchen,394.25,Customer 975,North,Lucknow,2025-02-19,2025,10,Oct
ORD004259,2025-03-23,CUST01048,PROD0007,1,0.05,15.36,14.59,9.46,5.13,UPI,Delivered,2.0,Haircare Product 7,Beauty,Haircare,15.32,Customer 1048,South,Kochi,2025-05-30,2025,3,Mar
ORD004260,2025-05-09,CUST00271,PROD0053,4,0.0,22.81,91.24,54.94,36.3,Credit Card,Delivered,2.0,Self Help Product 53,Books,Self Help,22.79,Customer 271,Central,Bhopal,2023-03-19,2025,5,May
ORD004261,2025-10-13,CUST01119,PROD0031,3,0.1,251.41,678.81,539.35,139.46,Credit Card,Delivered,6.0,Furniture Product 31,Home & Kitchen,Furniture,253.64,Customer 1119,North,Lucknow,2025-06-06,2025,10,Oct
ORD004262,2025-12-19,CUST00142,PROD0018,1,0.15,227.52,193.39,151.82,41.57,Net Banking,Delivered,1.0,Furniture Product 18,Home & Kitchen,Furniture,220.36,Customer 142,North,Lucknow,2024-10-11,2025,12,Dec
ORD004263,2025-10-07,CUST00902,PROD0012,1,0.05,340.25,323.24,262.8,60.44,Debit Card,Delivered,2.0,Audio Product 12,Electronics,Audio,304.0,Customer 902,Central,Indore,2023-07-30,2025,10,Oct
ORD004264,2025-09-27,CUST00974,PROD0048,1,0.1,106.42,95.78,71.79,23.99,UPI,Delivered,5.0,Fragrance Product 48,Beauty,Fragrance,109.58,Customer 974,East,Patna,2024-09-13,2025,9,Sep
ORD004265,2025-10-19,CUST01105,PROD0030,3,0.15,356.12,908.11,667.38,240.73,Debit Card,Delivered,4.0,Decor Product 30,Home & Kitchen,Decor,335.65,Customer 1105,East,Kolkata,2025-01-27,2025,10,Oct
ORD004266,2025-07-22,CUST00274,PROD0097,1,0.05,63.58,60.4,48.42,11.98,Credit Card,Delivered,3.0,Self Help Product 97,Books,Self Help,59.33,Customer 274,East,Patna,2023-09-27,2025,7,Jul
ORD004267,2025-01-24,CUST00276,PROD0111,3,0.0,66.97,200.91,162.16,38.75,Debit Card,Delivered,4.0,Fiction Product 111,Books,Fiction,64.59,Customer 276,South,Hyderabad,2024-12-01,2025,1,Jan
ORD004268,2025-12-17,CUST00465,PROD0007,1,0.0,14.39,14.39,11.38,3.01,Credit Card,Delivered,6.0,Haircare Product 7,Beauty,Haircare,15.32,Customer 465,North,Lucknow,2023-10-11,2025,12,Dec
ORD004269,2025-11-07,CUST01232,PROD0092,1,0.2,59.59,47.67,37.5,10.17,UPI,Delivered,5.0,Haircare Product 92,Beauty,Haircare,57.6,Customer 1232,East,Ranchi,2023-10-03,2025,11,Nov
ORD004270,2025-07-27,CUST01320,PROD0113,1,0.15,533.83,453.76,336.33,117.43,Credit Card,Delivered,4.0,Smartphones Product 113,Electronics,Smartphones,480.63,Customer 1320,South,Hyderabad,2024-05-17,2025,7,Jul
ORD004271,2025-10-07,CUST01063,PROD0003,2,0.0,557.54,1115.08,647.18,467.9,Credit Card,Delivered,7.0,Accessories Product 3,Electronics,Accessories,564.08,Customer 1063,West,Surat,2023-12-22,2025,10,Oct
ORD004272,2025-07-24,CUST00288,PROD0107,2,0.0,210.26,420.52,287.25,133.27,COD,Delivered,4.0,Equipment Product 107,Sports,Equipment,200.64,Customer 288,North,Chandigarh,2023-10-10,2025,7,Jul
ORD004273,2025-06-01,CUST01148,PROD0063,1,0.15,304.23,258.6,189.44,69.16,UPI,Delivered,1.0,Kitchen Product 63,Home & Kitchen,Kitchen,273.62,Customer 1148,West,Surat,2024-03-09,2025,6,Jun
ORD004274,2025-01-26,CUST00876,PROD0006,4,0.1,84.83,305.39,217.23,88.16,Debit Card,Delivered,3.0,Decor Product 6,Home & Kitchen,Decor,78.58,Customer 876,North,Chandigarh,2024-07-14,2025,1,Jan
ORD004275,2025-07-13,CUST01307,PROD0095,2,0.15,39.49,67.13,52.16,14.97,Credit Card,Delivered,2.0,Business Product 95,Books,Business,37.34,Customer 1307,West,Surat,2023-07-03,2025,7,Jul
ORD004276,2025-12-02,CUST00878,PROD0102,2,0.0,58.21,116.42,90.4,26.02,UPI,Delivered,2.0,Makeup Product 102,Beauty,Makeup,52.24,Customer 878,East,Ranchi,2023-12-14,2025,12,Dec
ORD004277,2025-08-26,CUST00180,PROD0015,3,0.25,112.08,252.18,182.5,69.68,Net Banking,Delivered,2.0,Kitchen Product 15,Home & Kitchen,Kitchen,117.47,Customer 180,South,Kochi,2024-05-18,2025,8,Aug
ORD004278,2025-11-17,CUST01121,PROD0071,2,0.15,35.15,59.76,34.98,24.78,Net Banking,Delivered,3.0,Footwear Product 71,Fashion,Footwear,32.71,Customer 1121,West,Surat,2023-03-16,2025,11,Nov
ORD004279,2025-03-16,CUST01215,PROD0043,2,0.0,50.83,101.66,67.97,33.69,Debit Card,Delivered,3.0,Skincare Product 43,Beauty,Skincare,50.76,Customer 1215,West,Mumbai,2024-01-15,2025,3,Mar
ORD004280,2025-06-12,CUST01098,PROD0094,2,0.1,26.96,48.53,30.81,17.72,UPI,Delivered,2.0,Footwear Product 94,Fashion,Footwear,27.18,Customer 1098,Central,Bhopal,2023-11-11,2025,6,Jun
ORD004281,2025-10-26,CUST00447,PROD0091,1,0.0,39.36,39.36,26.03,13.33,UPI,Delivered,3.0,Technology Product 91,Books,Technology,38.43,Customer 447,West,Surat,2024-02-17,2025,10,Oct
ORD004282,2025-01-29,CUST00785,PROD0081,1,0.05,311.1,295.54,215.2,80.34,UPI,Cancelled,,Accessories Product 81,Electronics,Accessories,335.69,Customer 785,South,Hyderabad,2024-01-22,2025,1,Jan
ORD004283,2025-06-14,CUST00561,PROD0119,2,0.1,507.52,913.54,544.42,369.12,UPI,Delivered,3.0,Smartphones Product 119,Electronics,Smartphones,516.56,Customer 561,East,Bhubaneswar,2024-12-21,2025,6,Jun
ORD004284,2025-12-03,CUST00484,PROD0018,1,0.05,210.06,199.56,116.81,82.75,Debit Card,Delivered,2.0,Furniture Product 18,Home & Kitchen,Furniture,220.36,Customer 484,North,Chandigarh,2023-06-25,2025,12,Dec
ORD004285,2025-07-05,CUST00849,PROD0022,1,0.1,186.27,167.64,114.81,52.83,Credit Card,Delivered,3.0,Kitchen Product 22,Home & Kitchen,Kitchen,196.54,Customer 849,North,Lucknow,2024-09-26,2025,7,Jul
ORD004286,2025-02-23,CUST00722,PROD0061,1,0.0,86.21,86.21,66.42,19.79,Debit Card,Delivered,4.0,Outdoor Product 61,Sports,Outdoor,87.3,Customer 722,East,Kolkata,2024-06-23,2025,2,Feb
ORD004287,2025-10-22,CUST00116,PROD0120,1,0.15,14.37,12.21,7.17,5.04,Credit Card,Delivered,2.0,Self Help Product 120,Books,Self Help,13.3,Customer 116,North,Jaipur,2024-06-19,2025,10,Oct
ORD004288,2025-02-11,CUST00535,PROD0061,3,0.05,83.83,238.92,187.26,51.66,Credit Card,Delivered,4.0,Outdoor Product 61,Sports,Outdoor,87.3,Customer 535,South,Bengaluru,2024-06-11,2025,2,Feb
ORD004289,2025-10-12,CUST01122,PROD0053,3,0.15,23.39,59.64,40.09,19.55,Credit Card,Delivered,5.0,Self Help Product 53,Books,Self Help,22.79,Customer 1122,Central,Indore,2023-10-04,2025,10,Oct
ORD004290,2025-05-18,CUST01352,PROD0026,1,0.0,241.6,241.6,146.98,94.62,UPI,Delivered,1.0,Men Product 26,Fashion,Men,225.85,Customer 1352,East,Ranchi,2025-04-09,2025,5,May
ORD004291,2025-07-06,CUST00407,PROD0115,1,0.05,350.22,332.71,238.29,94.42,Credit Card,Delivered,1.0,Smartphones Product 115,Electronics,Smartphones,361.73,Customer 407,South,Bengaluru,2024-09-27,2025,7,Jul
ORD004292,2025-07-23,CUST01337,PROD0091,4,0.1,42.46,152.86,123.6,29.26,UPI,Delivered,3.0,Technology Product 91,Books,Technology,38.43,Customer 1337,North,Lucknow,2023-02-07,2025,7,Jul
ORD004293,2025-02-11,CUST00694,PROD0040,1,0.05,295.93,281.13,199.66,81.47,Net Banking,Delivered,6.0,Appliances Product 40,Home & Kitchen,Appliances,270.68,Customer 694,West,Mumbai,2024-05-09,2025,2,Feb
ORD004294,2025-12-16,CUST01172,PROD0088,3,0.05,79.26,225.89,168.24,57.65,Net Banking,Delivered,8.0,Accessories Product 88,Fashion,Accessories,81.69,Customer 1172,West,Mumbai,2024-06-21,2025,12,Dec
ORD004295,2025-10-15,CUST01366,PROD0116,4,0.05,57.55,218.69,169.69,49.0,Debit Card,Delivered,2.0,Men Product 116,Fashion,Men,51.48,Customer 1366,North,Delhi,2024-07-04,2025,10,Oct
ORD004296,2025-01-26,CUST00495,PROD0008,1,0.25,487.4,365.55,282.15,83.4,Credit Card,Delivered,1.0,Decor Product 8,Home & Kitchen,Decor,462.5,Customer 495,West,Surat,2023-12-07,2025,1,Jan
ORD004297,2025-02-25,CUST00948,PROD0021,1,0.0,12.71,12.71,7.59,5.12,Credit Card,Delivered,2.0,Technology Product 21,Books,Technology,13.01,Customer 948,East,Ranchi,2023-12-02,2025,2,Feb
ORD004298,2025-09-10,CUST00023,PROD0093,4,0.15,394.39,1340.93,1016.21,324.72,Credit Card,Delivered,3.0,Appliances Product 93,Home & Kitchen,Appliances,373.4,Customer 23,Central,Indore,2025-04-14,2025,9,Sep
ORD004299,2025-05-02,CUST01129,PROD0043,4,0.1,53.46,192.46,155.48,36.98,UPI,Returned,4.0,Skincare Product 43,Beauty,Skincare,50.76,Customer 1129,North,Lucknow,2023-07-01,2025,5,May
ORD004300,2025-04-16,CUST00558,PROD0021,2,0.05,13.55,25.74,19.26,6.48,Credit Card,Delivered,7.0,Technology Product 21,Books,Technology,13.01,Customer 558,East,Bhubaneswar,2024-11-21,2025,4,Apr
ORD004301,2025-05-10,CUST00941,PROD0003,1,0.1,599.24,539.32,421.07,118.25,COD,Delivered,6.0,Accessories Product 3,Electronics,Accessories,564.08,Customer 941,North,Lucknow,2024-08-28,2025,5,May
ORD004302,2025-12-03,CUST01246,PROD0031,1,0.2,246.96,197.57,137.61,59.96,UPI,Delivered,4.0,Furniture Product 31,Home & Kitchen,Furniture,253.64,Customer 1246,West,Pune,2023-10-23,2025,12,Dec
ORD004303,2025-06-07,CUST00855,PROD0119,4,0.1,576.38,2074.97,1362.38,712.59,Credit Card,Delivered,3.0,Smartphones Product 119,Electronics,Smartphones,516.56,Customer 855,Central,Nagpur,2024-11-24,2025,6,Jun
ORD004304,2025-08-19,CUST01039,PROD0027,3,0.2,470.51,1129.22,838.22,291.0,Net Banking,Delivered,3.0,Decor Product 27,Home & Kitchen,Decor,431.04,Customer 1039,West,Ahmedabad,2024-03-26,2025,8,Aug
ORD004305,2025-11-04,CUST00891,PROD0110,2,0.0,433.4,866.8,605.14,261.66,Credit Card,Delivered,4.0,Kitchen Product 110,Home & Kitchen,Kitchen,405.37,Customer 891,East,Ranchi,2025-05-18,2025,11,Nov
ORD004306,2025-04-01,CUST00078,PROD0027,1,0.1,398.82,358.94,285.31,73.63,Credit Card,Delivered,4.0,Decor Product 27,Home & Kitchen,Decor,431.04,Customer 78,South,Chennai,2023-10-30,2025,4,Apr
ORD004307,2025-01-22,CUST01346,PROD0073,1,0.05,9.74,9.25,7.53,1.72,Net Banking,Delivered,3.0,Business Product 73,Books,Business,9.38,Customer 1346,West,Surat,2024-03-14,2025,1,Jan
ORD004308,2025-10-17,CUST00807,PROD0057,1,0.05,32.82,31.18,24.22,6.96,Credit Card,Delivered,3.0,Fitness Product 57,Sports,Fitness,30.92,Customer 807,South,Chennai,2024-09-21,2025,10,Oct
ORD004309,2025-04-20,CUST01265,PROD0097,3,0.1,64.72,174.74,142.98,31.76,Debit Card,Delivered,4.0,Self Help Product 97,Books,Self Help,59.33,Customer 1265,West,Ahmedabad,2023-02-05,2025,4,Apr
ORD004310,2025-02-18,CUST01042,PROD0033,4,0.1,46.89,168.8,112.02,56.78,UPI,Delivered,4.0,Business Product 33,Books,Business,42.27,Customer 1042,South,Chennai,2024-11-05,2025,2,Feb
ORD004311,2025-05-09,CUST00768,PROD0090,1,0.05,181.46,172.39,137.05,35.34,Debit Card,Delivered,3.0,Outdoor Product 90,Sports,Outdoor,164.49,Customer 768,South,Kochi,2023-11-21,2025,5,May
ORD004312,2025-03-14,CUST00454,PROD0092,1,0.05,57.67,54.79,36.12,18.67,UPI,Delivered,5.0,Haircare Product 92,Beauty,Haircare,57.6,Customer 454,East,Kolkata,2023-03-20,2025,3,Mar
ORD004313,2025-12-06,CUST01467,PROD0044,1,0.1,25.68,23.11,14.06,9.05,UPI,Delivered,3.0,Business Product 44,Books,Business,23.36,Customer 1467,North,Lucknow,2025-02-19,2025,12,Dec
ORD004314,2025-02-22,CUST00928,PROD0043,1,0.1,46.71,42.04,30.65,11.39,Debit Card,Delivered,3.0,Skincare Product 43,Beauty,Skincare,50.76,Customer 928,South,Kochi,2024-11-12,2025,2,Feb
ORD004315,2025-12-22,CUST00277,PROD0031,4,0.05,251.18,954.48,657.83,296.65,Credit Card,Delivered,7.0,Furniture Product 31,Home & Kitchen,Furniture,253.64,Customer 277,North,Delhi,2025-01-28,2025,12,Dec
ORD004316,2025-06-17,CUST01448,PROD0117,2,0.0,257.15,514.3,412.06,102.24,Net Banking,Delivered,4.0,Furniture Product 117,Home & Kitchen,Furniture,272.76,Customer 1448,West,Pune,2024-05-11,2025,6,Jun
ORD004317,2025-02-14,CUST01500,PROD0065,3,0.15,196.05,499.93,349.01,150.92,UPI,Delivered,3.0,Women Product 65,Fashion,Women,178.78,Customer 1500,South,Bengaluru,2025-02-21,2025,2,Feb
ORD004318,2025-04-15,CUST01051,PROD0084,2,0.15,26.15,44.46,35.69,8.77,Debit Card,Delivered,4.0,Fiction Product 84,Books,Fiction,23.65,Customer 1051,South,Bengaluru,2024-11-29,2025,4,Apr
ORD004319,2025-05-30,CUST00514,PROD0076,1,0.0,104.09,104.09,62.34,41.75,UPI,Cancelled,,Women Product 76,Fashion,Women,107.18,Customer 514,South,Chennai,2023-02-08,2025,5,May
ORD004320,2025-05-26,CUST00464,PROD0017,4,0.05,15.05,57.19,44.57,12.62,COD,Delivered,2.0,Equipment Product 17,Sports,Equipment,15.15,Customer 464,West,Ahmedabad,2023-01-25,2025,5,May
ORD004321,2025-07-23,CUST00807,PROD0015,1,0.0,131.19,131.19,99.99,31.2,Credit Card,Delivered,3.0,Kitchen Product 15,Home & Kitchen,Kitchen,117.47,Customer 807,South,Chennai,2024-09-21,2025,7,Jul
ORD004322,2025-12-28,CUST00824,PROD0034,2,0.2,109.0,174.4,131.29,43.11,UPI,Delivered,6.0,Accessories Product 34,Fashion,Accessories,105.5,Customer 824,North,Jaipur,2024-01-19,2025,12,Dec
ORD004323,2025-10-26,CUST00363,PROD0114,4,0.15,560.69,1906.35,1268.17,638.18,Net Banking,Delivered,3.0,Audio Product 114,Electronics,Audio,550.01,Customer 363,North,Jaipur,2023-08-03,2025,10,Oct
ORD004324,2025-06-16,CUST01407,PROD0080,3,0.0,40.08,120.24,92.36,27.88,COD,Delivered,4.0,Skincare Product 80,Beauty,Skincare,39.29,Customer 1407,West,Mumbai,2023-09-12,2025,6,Jun
ORD004325,2025-07-20,CUST00751,PROD0004,3,0.15,11.52,29.38,20.45,8.93,COD,Cancelled,,Technology Product 4,Books,Technology,10.88,Customer 751,East,Kolkata,2025-01-27,2025,7,Jul
ORD004326,2025-05-14,CUST00525,PROD0072,1,0.0,17.79,17.79,13.37,4.42,UPI,Delivered,3.0,Technology Product 72,Books,Technology,16.01,Customer 525,South,Bengaluru,2023-03-10,2025,5,May
ORD004327,2025-07-30,CUST01406,PROD0098,3,0.05,122.26,348.44,248.28,100.16,Debit Card,Delivered,6.0,Fragrance Product 98,Beauty,Fragrance,123.08,Customer 1406,East,Kolkata,2023-12-15,2025,7,Jul
ORD004328,2025-02-17,CUST01208,PROD0110,2,0.2,386.94,619.1,382.47,236.63,Credit Card,Delivered,3.0,Kitchen Product 110,Home & Kitchen,Kitchen,405.37,Customer 1208,North,Jaipur,2023-09-21,2025,2,Feb
ORD004329,2025-05-06,CUST01218,PROD0089,4,0.2,448.04,1433.73,853.78,579.95,Debit Card,Delivered,2.0,Kitchen Product 89,Home & Kitchen,Kitchen,468.17,Customer 1218,West,Pune,2024-09-22,2025,5,May
ORD004330,2025-08-27,CUST01486,PROD0079,4,0.15,222.57,756.74,505.42,251.32,Credit Card,Delivered,1.0,Appliances Product 79,Home & Kitchen,Appliances,240.86,Customer 1486,East,Bhubaneswar,2024-02-21,2025,8,Aug
ORD004331,2025-01-07,CUST00056,PROD0028,3,0.1,16.95,45.76,36.79,8.97,Credit Card,Delivered,2.0,Equipment Product 28,Sports,Equipment,16.44,Customer 56,North,Lucknow,2025-06-19,2025,1,Jan
ORD004332,2025-09-29,CUST01254,PROD0073,4,0.05,10.37,39.41,27.87,11.54,Net Banking,Delivered,4.0,Business Product 73,Books,Business,9.38,Customer 1254,Central,Bhopal,2023-04-03,2025,9,Sep
ORD004333,2025-02-06,CUST00489,PROD0002,2,0.2,31.75,50.8,39.24,11.56,Net Banking,Delivered,4.0,Decor Product 2,Home & Kitchen,Decor,29.88,Customer 489,East,Kolkata,2025-03-05,2025,2,Feb
ORD004334,2025-07-30,CUST01052,PROD0017,1,0.1,16.95,15.26,10.96,4.3,Net Banking,Delivered,4.0,Equipment Product 17,Sports,Equipment,15.15,Customer 1052,East,Patna,2024-05-13,2025,7,Jul
ORD004335,2025-06-14,CUST00722,PROD0058,2,0.05,213.71,406.05,328.86,77.19,Debit Card,Delivered,4.0,Footwear Product 58,Fashion,Footwear,193.95,Customer 722,East,Kolkata,2024-06-23,2025,6,Jun
ORD004336,2025-05-05,CUST01208,PROD0074,1,0.1,219.21,197.29,131.92,65.37,Debit Card,Delivered,3.0,Women Product 74,Fashion,Women,215.26,Customer 1208,North,Jaipur,2023-09-21,2025,5,May
ORD004337,2025-12-03,CUST01449,PROD0009,2,0.2,306.86,490.98,291.49,199.49,UPI,Delivered,1.0,Furniture Product 9,Home & Kitchen,Furniture,301.64,Customer 1449,North,Delhi,2023-06-05,2025,12,Dec
ORD004338,2025-07-11,CUST01399,PROD0031,1,0.2,265.22,212.18,162.82,49.36,Debit Card,Delivered,5.0,Furniture Product 31,Home & Kitchen,Furniture,253.64,Customer 1399,West,Pune,2024-01-22,2025,7,Jul
ORD004339,2025-08-06,CUST00041,PROD0066,1,0.1,34.63,31.17,23.36,7.81,Debit Card,Delivered,4.0,Self Help Product 66,Books,Self Help,36.75,Customer 41,East,Kolkata,2023-03-23,2025,8,Aug
ORD004340,2025-08-02,CUST01004,PROD0088,4,0.15,85.08,289.27,204.4,84.87,UPI,Delivered,2.0,Accessories Product 88,Fashion,Accessories,81.69,Customer 1004,South,Chennai,2024-05-31,2025,8,Aug
ORD004341,2025-03-03,CUST00260,PROD0062,1,0.0,169.71,169.71,111.73,57.98,Net Banking,Delivered,2.0,Accessories Product 62,Fashion,Accessories,167.56,Customer 260,North,Lucknow,2023-04-10,2025,3,Mar
ORD004342,2025-11-24,CUST00441,PROD0019,1,0.1,224.22,201.8,126.16,75.64,Net Banking,Delivered,4.0,Decor Product 19,Home & Kitchen,Decor,213.84,Customer 441,Central,Kanpur,2025-01-14,2025,11,Nov
ORD004343,2025-06-10,CUST00926,PROD0081,2,0.1,346.78,624.2,434.28,189.92,COD,Delivered,2.0,Accessories Product 81,Electronics,Accessories,335.69,Customer 926,South,Hyderabad,2024-07-27,2025,6,Jun
ORD004344,2025-03-07,CUST00856,PROD0107,1,0.0,197.04,197.04,145.79,51.25,Credit Card,Delivered,6.0,Equipment Product 107,Sports,Equipment,200.64,Customer 856,West,Surat,2023-07-25,2025,3,Mar
ORD004345,2025-10-13,CUST00084,PROD0113,1,0.15,500.6,425.51,305.91,119.6,Credit Card,Delivered,3.0,Smartphones Product 113,Electronics,Smartphones,480.63,Customer 84,Central,Nagpur,2024-04-06,2025,10,Oct
ORD004346,2025-08-27,CUST00046,PROD0074,1,0.2,213.8,171.04,117.16,53.88,COD,Returned,7.0,Women Product 74,Fashion,Women,215.26,Customer 46,Central,Nagpur,2023-06-03,2025,8,Aug
ORD004347,2025-01-20,CUST00440,PROD0114,1,0.0,527.42,527.42,374.22,153.2,UPI,Delivered,5.0,Audio Product 114,Electronics,Audio,550.01,Customer 440,South,Kochi,2023-11-22,2025,1,Jan
ORD004348,2025-07-07,CUST00986,PROD0055,3,0.15,303.52,773.98,468.96,305.02,Net Banking,Delivered,5.0,Fitness Product 55,Sports,Fitness,287.69,Customer 986,West,Ahmedabad,2025-04-17,2025,7,Jul
ORD004349,2025-03-23,CUST01462,PROD0028,1,0.1,16.13,14.52,10.85,3.67,COD,Delivered,3.0,Equipment Product 28,Sports,Equipment,16.44,Customer 1462,South,Kochi,2024-05-12,2025,3,Mar
ORD004350,2025-12-29,CUST00136,PROD0102,1,0.1,57.35,51.62,39.04,12.58,Debit Card,Delivered,2.0,Makeup Product 102,Beauty,Makeup,52.24,Customer 136,East,Ranchi,2025-01-30,2025,12,Dec
ORD004351,2025-07-21,CUST01207,PROD0112,2,0.15,212.21,360.76,210.23,150.53,COD,Delivered,4.0,Kitchen Product 112,Home & Kitchen,Kitchen,221.08,Customer 1207,South,Chennai,2025-04-04,2025,7,Jul
ORD004352,2025-05-12,CUST01196,PROD0092,1,0.05,59.91,56.91,36.7,20.21,Credit Card,Delivered,3.0,Haircare Product 92,Beauty,Haircare,57.6,Customer 1196,West,Ahmedabad,2023-09-13,2025,5,May
ORD004353,2025-02-06,CUST00909,PROD0114,2,0.15,568.88,967.1,582.3,384.8,UPI,Delivered,7.0,Audio Product 114,Electronics,Audio,550.01,Customer 909,North,Jaipur,2023-09-22,2025,2,Feb
ORD004354,2025-05-12,CUST00861,PROD0116,2,0.05,49.4,93.86,76.93,16.93,UPI,Delivered,2.0,Men Product 116,Fashion,Men,51.48,Customer 861,South,Bengaluru,2024-10-05,2025,5,May
ORD004355,2025-03-18,CUST00788,PROD0050,1,0.15,95.76,81.4,58.8,22.6,Debit Card,Returned,4.0,Smartphones Product 50,Electronics,Smartphones,95.0,Customer 788,West,Mumbai,2024-09-20,2025,3,Mar
ORD004356,2025-03-30,CUST00590,PROD0065,1,0.1,188.63,169.77,117.44,52.33,UPI,Delivered,6.0,Women Product 65,Fashion,Women,178.78,Customer 590,West,Pune,2024-07-02,2025,3,Mar
ORD004357,2025-09-10,CUST00956,PROD0003,3,0.0,554.89,1664.67,1150.49,514.18,Debit Card,Delivered,3.0,Accessories Product 3,Electronics,Accessories,564.08,Customer 956,North,Lucknow,2025-03-01,2025,9,Sep
ORD004358,2025-12-10,CUST00690,PROD0079,4,0.05,227.07,862.87,700.26,162.61,UPI,Cancelled,,Appliances Product 79,Home & Kitchen,Appliances,240.86,Customer 690,Central,Indore,2024-10-14,2025,12,Dec
ORD004359,2025-07-13,CUST00539,PROD0052,3,0.0,60.52,181.56,134.06,47.5,COD,Delivered,1.0,Self Help Product 52,Books,Self Help,58.02,Customer 539,South,Hyderabad,2024-05-17,2025,7,Jul
ORD004360,2025-06-25,CUST01144,PROD0010,1,0.0,857.4,857.4,532.0,325.4,UPI,Delivered,4.0,Smartphones Product 10,Electronics,Smartphones,888.66,Customer 1144,South,Chennai,2024-03-05,2025,6,Jun
ORD004361,2025-02-02,CUST01305,PROD0021,3,0.0,13.74,41.22,28.34,12.88,Credit Card,Cancelled,,Technology Product 21,Books,Technology,13.01,Customer 1305,Central,Nagpur,2023-04-16,2025,2,Feb
ORD004362,2025-02-27,CUST01332,PROD0037,1,0.15,211.0,179.35,137.35,42.0,Debit Card,Delivered,2.0,Sportswear Product 37,Sports,Sportswear,193.95,Customer 1332,West,Pune,2024-12-20,2025,2,Feb
ORD004363,2025-07-20,CUST00708,PROD0015,1,0.2,110.97,88.78,60.51,28.27,Net Banking,Delivered,1.0,Kitchen Product 15,Home & Kitchen,Kitchen,117.47,Customer 708,South,Bengaluru,2025-01-27,2025,7,Jul
ORD004364,2025-01-28,CUST01301,PROD0087,2,0.2,182.87,292.59,191.44,101.15,Credit Card,Delivered,1.0,Equipment Product 87,Sports,Equipment,181.5,Customer 1301,East,Bhubaneswar,2025-01-04,2025,1,Jan
ORD004365,2025-02-04,CUST00295,PROD0078,3,0.2,109.67,263.21,215.28,47.93,COD,Delivered,3.0,Fitness Product 78,Sports,Fitness,108.69,Customer 295,North,Chandigarh,2024-10-20,2025,2,Feb
ORD004366,2025-05-05,CUST00053,PROD0079,3,0.15,252.06,642.75,517.13,125.62,Credit Card,Delivered,2.0,Appliances Product 79,Home & Kitchen,Appliances,240.86,Customer 53,West,Pune,2024-12-15,2025,5,May
ORD004367,2025-11-17,CUST00806,PROD0074,4,0.0,212.44,849.76,684.88,164.88,UPI,Delivered,2.0,Women Product 74,Fashion,Women,215.26,Customer 806,East,Bhubaneswar,2023-12-30,2025,11,Nov
ORD004368,2025-02-11,CUST01456,PROD0120,3,0.15,13.35,34.04,20.82,13.22,Credit Card,Delivered,3.0,Self Help Product 120,Books,Self Help,13.3,Customer 1456,South,Hyderabad,2024-12-22,2025,2,Feb
ORD004369,2025-03-26,CUST00052,PROD0009,1,0.15,278.23,236.5,150.47,86.03,Debit Card,Delivered,2.0,Furniture Product 9,Home & Kitchen,Furniture,301.64,Customer 52,South,Kochi,2023-11-11,2025,3,Mar
ORD004370,2025-07-07,CUST00728,PROD0044,2,0.0,22.06,44.12,30.27,13.85,Credit Card,Delivered,8.0,Business Product 44,Books,Business,23.36,Customer 728,South,Chennai,2025-01-27,2025,7,Jul
ORD004371,2025-04-21,CUST00072,PROD0039,3,0.1,174.86,472.12,368.12,104.0,Debit Card,Delivered,4.0,Smartphones Product 39,Electronics,Smartphones,169.11,Customer 72,South,Kochi,2023-10-09,2025,4,Apr
ORD004372,2025-09-28,CUST00028,PROD0005,2,0.1,227.71,409.88,310.21,99.67,Credit Card,Delivered,1.0,Men Product 5,Fashion,Men,236.42,Customer 28,West,Surat,2024-09-02,2025,9,Sep
ORD004373,2025-11-21,CUST00469,PROD0025,2,0.2,265.6,424.96,333.13,91.83,UPI,Delivered,4.0,Kitchen Product 25,Home & Kitchen,Kitchen,279.9,Customer 469,West,Surat,2023-03-09,2025,11,Nov
ORD004374,2025-04-15,CUST00764,PROD0056,2,0.1,82.63,148.73,119.13,29.6,UPI,Delivered,5.0,Women Product 56,Fashion,Women,83.9,Customer 764,North,Delhi,2023-10-09,2025,4,Apr
ORD004375,2025-11-16,CUST00886,PROD0106,3,0.25,145.54,327.47,251.3,76.17,COD,Delivered,2.0,Women Product 106,Fashion,Women,152.76,Customer 886,North,Jaipur,2024-02-13,2025,11,Nov
ORD004376,2025-02-10,CUST00912,PROD0090,4,0.0,153.29,613.16,394.15,219.01,Debit Card,Delivered,5.0,Outdoor Product 90,Sports,Outdoor,164.49,Customer 912,West,Mumbai,2025-06-20,2025,2,Feb
ORD004377,2025-08-03,CUST00547,PROD0064,1,0.0,485.08,485.08,314.58,170.5,UPI,Returned,4.0,Decor Product 64,Home & Kitchen,Decor,496.62,Customer 547,East,Kolkata,2023-11-15,2025,8,Aug
ORD004378,2025-03-12,CUST01425,PROD0072,4,0.25,15.26,45.78,30.43,15.35,UPI,Delivered,5.0,Technology Product 72,Books,Technology,16.01,Customer 1425,North,Lucknow,2024-09-17,2025,3,Mar
ORD004379,2025-02-25,CUST00201,PROD0086,1,0.0,390.21,390.21,254.7,135.51,UPI,Delivered,4.0,Audio Product 86,Electronics,Audio,361.35,Customer 201,Central,Bhopal,2025-02-23,2025,2,Feb
ORD004380,2025-08-24,CUST00820,PROD0052,1,0.05,54.11,51.4,32.88,18.52,Net Banking,Delivered,4.0,Self Help Product 52,Books,Self Help,58.02,Customer 820,North,Lucknow,2023-02-26,2025,8,Aug
ORD004381,2025-10-08,CUST01490,PROD0089,1,0.1,500.7,450.63,342.75,107.88,UPI,Delivered,2.0,Kitchen Product 89,Home & Kitchen,Kitchen,468.17,Customer 1490,West,Surat,2024-11-24,2025,10,Oct
ORD004382,2025-04-15,CUST00560,PROD0112,4,0.2,220.32,705.02,414.66,290.36,Credit Card,Delivered,3.0,Kitchen Product 112,Home & Kitchen,Kitchen,221.08,Customer 560,North,Chandigarh,2024-05-04,2025,4,Apr
ORD004383,2025-06-11,CUST00379,PROD0076,3,0.05,113.08,322.28,243.26,79.02,UPI,Delivered,4.0,Women Product 76,Fashion,Women,107.18,Customer 379,West,Ahmedabad,2024-01-27,2025,6,Jun
ORD004384,2025-07-10,CUST01201,PROD0009,4,0.0,280.69,1122.76,873.12,249.64,Debit Card,Delivered,2.0,Furniture Product 9,Home & Kitchen,Furniture,301.64,Customer 1201,Central,Bhopal,2025-03-15,2025,7,Jul
ORD004385,2025-01-09,CUST01076,PROD0010,1,0.1,981.21,883.09,526.19,356.9,UPI,Delivered,3.0,Smartphones Product 10,Electronics,Smartphones,888.66,Customer 1076,Central,Kanpur,2023-12-05,2025,1,Jan
ORD004386,2025-03-01,CUST00079,PROD0112,1,0.1,237.32,213.59,127.05,86.54,UPI,Delivered,3.0,Kitchen Product 112,Home & Kitchen,Kitchen,221.08,Customer 79,South,Chennai,2023-11-23,2025,3,Mar
ORD004387,2025-11-01,CUST01409,PROD0010,1,0.05,842.48,800.36,519.04,281.32,Debit Card,Delivered,2.0,Smartphones Product 10,Electronics,Smartphones,888.66,Customer 1409,South,Hyderabad,2024-12-02,2025,11,Nov
ORD004388,2025-08-13,CUST00834,PROD0073,2,0.2,9.04,14.46,9.11,5.35,Credit Card,Delivered,2.0,Business Product 73,Books,Business,9.38,Customer 834,West,Mumbai,2025-05-21,2025,8,Aug
ORD004389,2025-11-03,CUST01032,PROD0062,4,0.15,175.74,597.52,429.9,167.62,Debit Card,Delivered,2.0,Accessories Product 62,Fashion,Accessories,167.56,Customer 1032,West,Mumbai,2024-10-13,2025,11,Nov
ORD004390,2025-07-07,CUST01238,PROD0090,3,0.2,181.65,435.96,323.53,112.43,UPI,Delivered,4.0,Outdoor Product 90,Sports,Outdoor,164.49,Customer 1238,South,Kochi,2025-02-21,2025,7,Jul
ORD004391,2025-03-11,CUST00025,PROD0099,3,0.0,194.64,583.92,427.54,156.38,Credit Card,Delivered,3.0,Fitness Product 99,Sports,Fitness,192.87,Customer 25,East,Kolkata,2024-09-20,2025,3,Mar
ORD004392,2025-10-20,CUST00450,PROD0091,2,0.1,39.09,70.36,46.84,23.52,UPI,Delivered,3.0,Technology Product 91,Books,Technology,38.43,Customer 450,North,Lucknow,2024-08-17,2025,10,Oct
ORD004393,2025-10-14,CUST00768,PROD0060,1,0.25,118.26,88.7,62.06,26.64,Debit Card,Delivered,2.0,Outdoor Product 60,Sports,Outdoor,122.23,Customer 768,South,Kochi,2023-11-21,2025,10,Oct
ORD004394,2025-06-18,CUST00755,PROD0095,1,0.1,37.21,33.49,24.57,8.92,UPI,Delivered,5.0,Business Product 95,Books,Business,37.34,Customer 755,North,Delhi,2023-07-24,2025,6,Jun
ORD004395,2025-03-03,CUST01481,PROD0019,1,0.0,208.97,208.97,127.19,81.78,UPI,Delivered,4.0,Decor Product 19,Home & Kitchen,Decor,213.84,Customer 1481,Central,Nagpur,2024-04-23,2025,3,Mar
ORD004396,2025-12-15,CUST01485,PROD0107,4,0.25,198.66,595.98,378.5,217.48,UPI,Delivered,3.0,Equipment Product 107,Sports,Equipment,200.64,Customer 1485,South,Kochi,2024-11-22,2025,12,Dec
ORD004397,2025-01-14,CUST00198,PROD0038,1,0.1,668.47,601.62,477.52,124.1,Credit Card,Delivered,2.0,Laptops Product 38,Electronics,Laptops,723.36,Customer 198,South,Hyderabad,2023-01-10,2025,1,Jan
ORD004398,2025-06-13,CUST01118,PROD0006,1,0.15,72.94,62.0,41.05,20.95,Credit Card,Delivered,4.0,Decor Product 6,Home & Kitchen,Decor,78.58,Customer 1118,East,Ranchi,2024-12-22,2025,6,Jun
ORD004399,2025-09-02,CUST00437,PROD0015,4,0.0,124.06,496.24,383.24,113.0,Credit Card,Delivered,6.0,Kitchen Product 15,Home & Kitchen,Kitchen,117.47,Customer 437,North,Chandigarh,2024-04-25,2025,9,Sep
ORD004400,2025-12-01,CUST00690,PROD0093,2,0.1,394.44,709.99,454.56,255.43,Credit Card,Delivered,2.0,Appliances Product 93,Home & Kitchen,Appliances,373.4,Customer 690,Central,Indore,2024-10-14,2025,12,Dec
ORD004401,2025-01-08,CUST01402,PROD0047,1,0.2,18.34,14.67,8.66,6.01,UPI,Delivered,4.0,Men Product 47,Fashion,Men,18.6,Customer 1402,Central,Nagpur,2023-03-17,2025,1,Jan
ORD004402,2025-06-03,CUST00587,PROD0045,4,0.1,201.97,727.09,509.03,218.06,UPI,Delivered,3.0,Kitchen Product 45,Home & Kitchen,Kitchen,184.1,Customer 587,South,Bengaluru,2024-09-17,2025,6,Jun
ORD004403,2025-02-05,CUST00104,PROD0118,1,0.05,127.41,121.04,96.13,24.91,UPI,Delivered,2.0,Kitchen Product 118,Home & Kitchen,Kitchen,130.92,Customer 104,West,Ahmedabad,2025-04-15,2025,2,Feb
ORD004404,2025-02-17,CUST00627,PROD0005,1,0.0,236.22,236.22,183.46,52.76,UPI,Delivered,4.0,Men Product 5,Fashion,Men,236.42,Customer 627,Central,Nagpur,2024-09-12,2025,2,Feb
ORD004405,2025-03-26,CUST01063,PROD0078,1,0.05,115.89,110.1,70.54,39.56,UPI,Delivered,1.0,Fitness Product 78,Sports,Fitness,108.69,Customer 1063,West,Surat,2023-12-22,2025,3,Mar
ORD004406,2025-01-28,CUST00458,PROD0053,1,0.05,24.36,23.14,18.47,4.67,UPI,Delivered,4.0,Self Help Product 53,Books,Self Help,22.79,Customer 458,Central,Kanpur,2025-06-09,2025,1,Jan
ORD004407,2025-07-15,CUST00364,PROD0066,4,0.15,40.14,136.48,94.87,41.61,Net Banking,Delivered,3.0,Self Help Product 66,Books,Self Help,36.75,Customer 364,North,Lucknow,2024-06-09,2025,7,Jul
ORD004408,2025-07-27,CUST00135,PROD0062,1,0.0,155.13,155.13,91.8,63.33,Credit Card,Delivered,4.0,Accessories Product 62,Fashion,Accessories,167.56,Customer 135,West,Surat,2024-05-23,2025,7,Jul
ORD004409,2025-07-23,CUST00374,PROD0023,4,0.0,74.41,297.64,174.63,123.01,Credit Card,Delivered,2.0,Equipment Product 23,Sports,Equipment,77.77,Customer 374,West,Ahmedabad,2023-12-04,2025,7,Jul
ORD004410,2025-11-03,CUST01256,PROD0044,1,0.05,24.48,23.26,16.2,7.06,Debit Card,Delivered,3.0,Business Product 44,Books,Business,23.36,Customer 1256,North,Jaipur,2024-07-21,2025,11,Nov
ORD004411,2025-04-14,CUST00039,PROD0052,2,0.1,57.3,103.14,73.34,29.8,COD,Delivered,2.0,Self Help Product 52,Books,Self Help,58.02,Customer 39,North,Chandigarh,2024-11-23,2025,4,Apr
ORD004412,2025-08-18,CUST00819,PROD0046,1,0.1,111.1,99.99,59.91,40.08,Credit Card,Delivered,3.0,Accessories Product 46,Electronics,Accessories,119.63,Customer 819,South,Chennai,2024-06-25,2025,8,Aug
ORD004413,2025-04-11,CUST00047,PROD0019,1,0.15,221.81,188.54,151.08,37.46,UPI,Delivered,2.0,Decor Product 19,Home & Kitchen,Decor,213.84,Customer 47,South,Chennai,2025-05-26,2025,4,Apr
ORD004414,2025-01-29,CUST00036,PROD0088,1,0.2,81.58,65.26,49.1,16.16,COD,Delivered,2.0,Accessories Product 88,Fashion,Accessories,81.69,Customer 36,North,Chandigarh,2024-11-15,2025,1,Jan
ORD004415,2025-05-07,CUST00095,PROD0084,2,0.05,23.48,44.61,34.45,10.16,Debit Card,Delivered,2.0,Fiction Product 84,Books,Fiction,23.65,Customer 95,East,Bhubaneswar,2024-07-06,2025,5,May
ORD004416,2025-12-04,CUST00985,PROD0047,1,0.1,18.1,16.29,11.73,4.56,Debit Card,Delivered,5.0,Men Product 47,Fashion,Men,18.6,Customer 985,East,Patna,2025-06-05,2025,12,Dec
ORD004417,2025-01-10,CUST01385,PROD0091,1,0.05,35.4,33.63,24.86,8.77,Credit Card,Delivered,4.0,Technology Product 91,Books,Technology,38.43,Customer 1385,Central,Bhopal,2024-12-20,2025,1,Jan
ORD004418,2025-04-16,CUST01170,PROD0052,1,0.0,55.49,55.49,37.35,18.14,Credit Card,Delivered,2.0,Self Help Product 52,Books,Self Help,58.02,Customer 1170,East,Kolkata,2025-03-14,2025,4,Apr
ORD004419,2025-06-16,CUST00368,PROD0024,4,0.1,286.16,1030.18,765.46,264.72,Credit Card,Delivered,3.0,Equipment Product 24,Sports,Equipment,281.97,Customer 368,East,Bhubaneswar,2025-04-01,2025,6,Jun
ORD004420,2025-09-14,CUST00065,PROD0017,3,0.15,14.77,37.66,30.68,6.98,Debit Card,Delivered,4.0,Equipment Product 17,Sports,Equipment,15.15,Customer 65,North,Chandigarh,2024-12-09,2025,9,Sep
ORD004421,2025-10-22,CUST01252,PROD0089,1,0.0,512.59,512.59,376.99,135.6,UPI,Delivered,6.0,Kitchen Product 89,Home & Kitchen,Kitchen,468.17,Customer 1252,East,Patna,2023-07-11,2025,10,Oct
ORD004422,2025-10-04,CUST00754,PROD0046,1,0.0,113.48,113.48,75.12,38.36,Net Banking,Delivered,1.0,Accessories Product 46,Electronics,Accessories,119.63,Customer 754,Central,Nagpur,2023-08-27,2025,10,Oct
ORD004423,2025-03-06,CUST00816,PROD0064,2,0.15,543.83,924.51,599.51,325.0,COD,Delivered,3.0,Decor Product 64,Home & Kitchen,Decor,496.62,Customer 816,South,Kochi,2025-06-17,2025,3,Mar
ORD004424,2025-09-28,CUST00756,PROD0119,2,0.1,517.06,930.71,754.99,175.72,Credit Card,Delivered,4.0,Smartphones Product 119,Electronics,Smartphones,516.56,Customer 756,West,Ahmedabad,2024-07-13,2025,9,Sep
ORD004425,2025-07-07,CUST00181,PROD0095,2,0.05,36.41,69.18,43.2,25.98,Credit Card,Delivered,1.0,Business Product 95,Books,Business,37.34,Customer 181,East,Bhubaneswar,2023-01-22,2025,7,Jul
ORD004426,2025-11-13,CUST00597,PROD0028,1,0.1,16.13,14.52,11.23,3.29,Debit Card,Delivered,2.0,Equipment Product 28,Sports,Equipment,16.44,Customer 597,South,Chennai,2024-05-26,2025,11,Nov
ORD004427,2025-05-18,CUST01179,PROD0050,1,0.25,93.67,70.25,48.59,21.66,UPI,Delivered,5.0,Smartphones Product 50,Electronics,Smartphones,95.0,Customer 1179,West,Surat,2023-01-29,2025,5,May
ORD004428,2025-12-09,CUST00787,PROD0064,1,0.0,507.2,507.2,348.19,159.01,COD,Delivered,3.0,Decor Product 64,Home & Kitchen,Decor,496.62,Customer 787,West,Ahmedabad,2024-06-24,2025,12,Dec
ORD004429,2025-04-15,CUST00627,PROD0028,3,0.0,16.29,48.87,37.11,11.76,Debit Card,Delivered,2.0,Equipment Product 28,Sports,Equipment,16.44,Customer 627,Central,Nagpur,2024-09-12,2025,4,Apr
ORD004430,2025-02-03,CUST01459,PROD0086,3,0.0,379.22,1137.66,700.26,437.4,UPI,Delivered,4.0,Audio Product 86,Electronics,Audio,361.35,Customer 1459,North,Jaipur,2025-05-20,2025,2,Feb
ORD004431,2025-04-20,CUST01123,PROD0056,3,0.15,84.32,215.02,148.77,66.25,Credit Card,Delivered,2.0,Women Product 56,Fashion,Women,83.9,Customer 1123,South,Bengaluru,2024-10-06,2025,4,Apr
ORD004432,2025-02-02,CUST00616,PROD0059,1,0.05,102.55,97.42,57.34,40.08,Debit Card,Delivered,4.0,Haircare Product 59,Beauty,Haircare,97.27,Customer 616,Central,Bhopal,2023-05-01,2025,2,Feb
ORD004433,2025-12-20,CUST01396,PROD0005,1,0.25,246.09,184.57,136.75,47.82,UPI,Delivered,6.0,Men Product 5,Fashion,Men,236.42,Customer 1396,West,Pune,2024-06-27,2025,12,Dec
ORD004434,2025-08-19,CUST01386,PROD0054,4,0.15,92.91,315.89,187.64,128.25,UPI,Cancelled,,Makeup Product 54,Beauty,Makeup,95.89,Customer 1386,West,Pune,2024-02-10,2025,8,Aug
ORD004435,2025-11-13,CUST00112,PROD0044,3,0.05,25.29,72.08,43.32,28.76,Credit Card,Cancelled,,Business Product 44,Books,Business,23.36,Customer 112,South,Bengaluru,2023-10-10,2025,11,Nov
ORD004436,2025-09-23,CUST00453,PROD0042,4,0.0,290.76,1163.04,910.38,252.66,Net Banking,Delivered,4.0,Accessories Product 42,Electronics,Accessories,269.27,Customer 453,Central,Kanpur,2025-03-31,2025,9,Sep
ORD004437,2025-07-01,CUST00756,PROD0072,2,0.1,17.9,32.22,22.11,10.11,UPI,Cancelled,,Technology Product 72,Books,Technology,16.01,Customer 756,West,Ahmedabad,2024-07-13,2025,7,Jul
ORD004438,2025-12-06,CUST01193,PROD0102,2,0.05,49.89,94.79,59.55,35.24,Debit Card,Delivered,2.0,Makeup Product 102,Beauty,Makeup,52.24,Customer 1193,South,Bengaluru,2023-06-30,2025,12,Dec
ORD004439,2025-03-06,CUST00584,PROD0092,4,0.2,62.76,200.83,145.04,55.79,Credit Card,Delivered,3.0,Haircare Product 92,Beauty,Haircare,57.6,Customer 584,East,Kolkata,2025-01-11,2025,3,Mar
ORD004440,2025-11-29,CUST00139,PROD0057,1,0.05,33.84,32.15,22.65,9.5,UPI,Delivered,6.0,Fitness Product 57,Sports,Fitness,30.92,Customer 139,Central,Nagpur,2023-11-22,2025,11,Nov
ORD004441,2025-01-01,CUST00231,PROD0047,3,0.05,19.5,55.58,37.72,17.86,UPI,Delivered,4.0,Men Product 47,Fashion,Men,18.6,Customer 231,North,Lucknow,2024-05-23,2025,1,Jan
ORD004442,2025-05-13,CUST01263,PROD0076,1,0.1,109.46,98.51,78.54,19.97,UPI,Delivered,3.0,Women Product 76,Fashion,Women,107.18,Customer 1263,East,Kolkata,2024-09-28,2025,5,May
ORD004443,2025-03-21,CUST00984,PROD0025,2,0.0,311.1,622.2,472.79,149.41,COD,Delivered,5.0,Kitchen Product 25,Home & Kitchen,Kitchen,279.9,Customer 984,East,Bhubaneswar,2025-03-01,2025,3,Mar
ORD004444,2025-09-28,CUST00253,PROD0102,2,0.1,58.22,104.8,64.6,40.2,COD,Delivered,2.0,Makeup Product 102,Beauty,Makeup,52.24,Customer 253,Central,Bhopal,2023-04-19,2025,9,Sep
ORD004445,2025-08-29,CUST01460,PROD0044,1,0.0,24.49,24.49,17.56,6.93,UPI,Delivered,4.0,Business Product 44,Books,Business,23.36,Customer 1460,Central,Nagpur,2023-01-13,2025,8,Aug
ORD004446,2025-01-28,CUST00561,PROD0015,2,0.1,116.52,209.74,126.12,83.62,Credit Card,Delivered,7.0,Kitchen Product 15,Home & Kitchen,Kitchen,117.47,Customer 561,East,Bhubaneswar,2024-12-21,2025,1,Jan
ORD004447,2025-08-11,CUST01446,PROD0108,4,0.1,404.65,1456.74,930.44,526.3,COD,Delivered,4.0,Kitchen Product 108,Home & Kitchen,Kitchen,373.49,Customer 1446,North,Lucknow,2025-02-19,2025,8,Aug
ORD004448,2025-01-23,CUST01327,PROD0105,2,0.1,162.29,292.12,233.22,58.9,Credit Card,Delivered,5.0,Fragrance Product 105,Beauty,Fragrance,173.04,Customer 1327,East,Bhubaneswar,2024-10-21,2025,1,Jan
ORD004449,2025-04-19,CUST00072,PROD0051,2,0.1,179.48,323.06,223.2,99.86,UPI,Delivered,5.0,Furniture Product 51,Home & Kitchen,Furniture,183.5,Customer 72,South,Kochi,2023-10-09,2025,4,Apr
ORD004450,2025-04-17,CUST01287,PROD0053,1,0.0,25.46,25.46,20.22,5.24,UPI,Delivered,6.0,Self Help Product 53,Books,Self Help,22.79,Customer 1287,South,Hyderabad,2023-07-11,2025,4,Apr
ORD004451,2025-05-25,CUST00222,PROD0034,1,0.1,114.24,102.82,63.73,39.09,Debit Card,Cancelled,,Accessories Product 34,Fashion,Accessories,105.5,Customer 222,Central,Kanpur,2025-02-21,2025,5,May
ORD004452,2025-12-20,CUST01101,PROD0109,3,0.05,50.62,144.27,90.79,53.48,Credit Card,Delivered,1.0,Fiction Product 109,Books,Fiction,45.69,Customer 1101,Central,Kanpur,2024-10-22,2025,12,Dec
ORD004453,2025-05-19,CUST00062,PROD0077,4,0.1,143.43,516.35,343.21,173.14,Debit Card,Delivered,1.0,Accessories Product 77,Fashion,Accessories,138.05,Customer 62,South,Kochi,2025-01-18,2025,5,May
ORD004454,2025-10-11,CUST01495,PROD0008,1,0.25,463.21,347.41,232.04,115.37,Credit Card,Delivered,4.0,Decor Product 8,Home & Kitchen,Decor,462.5,Customer 1495,West,Ahmedabad,2025-04-22,2025,10,Oct
ORD004455,2025-10-25,CUST01181,PROD0077,3,0.0,154.06,462.18,350.73,111.45,UPI,Delivered,7.0,Accessories Product 77,Fashion,Accessories,138.05,Customer 1181,North,Lucknow,2024-12-21,2025,10,Oct
ORD004456,2025-04-09,CUST00806,PROD0100,1,0.1,103.3,92.97,67.3,25.67,UPI,Delivered,3.0,Men Product 100,Fashion,Men,105.21,Customer 806,East,Bhubaneswar,2023-12-30,2025,4,Apr
ORD004457,2025-11-13,CUST00125,PROD0070,1,0.05,111.98,106.38,75.83,30.55,COD,Delivered,5.0,Footwear Product 70,Fashion,Footwear,104.51,Customer 125,East,Bhubaneswar,2024-09-19,2025,11,Nov
ORD004458,2025-05-03,CUST00741,PROD0102,1,0.1,53.89,48.5,35.14,13.36,Net Banking,Delivered,5.0,Makeup Product 102,Beauty,Makeup,52.24,Customer 741,South,Bengaluru,2023-10-16,2025,5,May
ORD004459,2025-11-16,CUST00161,PROD0096,1,0.15,202.99,172.54,130.39,42.15,Credit Card,Delivered,3.0,Footwear Product 96,Fashion,Footwear,210.2,Customer 161,Central,Bhopal,2023-12-09,2025,11,Nov
ORD004460,2025-10-14,CUST00541,PROD0021,3,0.0,12.01,36.03,28.62,7.41,UPI,Delivered,4.0,Technology Product 21,Books,Technology,13.01,Customer 541,South,Bengaluru,2023-12-04,2025,10,Oct
ORD004461,2025-03-22,CUST00626,PROD0108,1,0.15,372.28,316.44,215.03,101.41,Credit Card,Delivered,3.0,Kitchen Product 108,Home & Kitchen,Kitchen,373.49,Customer 626,East,Ranchi,2024-03-30,2025,3,Mar
ORD004462,2025-01-10,CUST00106,PROD0108,1,0.0,384.52,384.52,297.12,87.4,Credit Card,Delivered,2.0,Kitchen Product 108,Home & Kitchen,Kitchen,373.49,Customer 106,North,Lucknow,2023-09-28,2025,1,Jan
ORD004463,2025-01-08,CUST01155,PROD0113,3,0.1,459.79,1241.43,867.54,373.89,Credit Card,Delivered,5.0,Smartphones Product 113,Electronics,Smartphones,480.63,Customer 1155,Central,Kanpur,2023-10-23,2025,1,Jan
ORD004464,2025-07-24,CUST01381,PROD0007,2,0.15,15.36,26.11,19.67,6.44,COD,Delivered,2.0,Haircare Product 7,Beauty,Haircare,15.32,Customer 1381,West,Pune,2024-10-04,2025,7,Jul
ORD004465,2025-11-11,CUST00776,PROD0090,3,0.0,171.57,514.71,406.6,108.11,UPI,Delivered,6.0,Outdoor Product 90,Sports,Outdoor,164.49,Customer 776,South,Bengaluru,2025-03-31,2025,11,Nov
ORD004466,2025-07-16,CUST00002,PROD0079,4,0.15,256.03,870.5,511.62,358.88,Debit Card,Returned,3.0,Appliances Product 79,Home & Kitchen,Appliances,240.86,Customer 2,East,Bhubaneswar,2025-06-07,2025,7,Jul
ORD004467,2025-07-17,CUST00233,PROD0056,2,0.0,78.07,156.14,111.05,45.09,UPI,Cancelled,,Women Product 56,Fashion,Women,83.9,Customer 233,West,Pune,2023-11-09,2025,7,Jul
ORD004468,2025-01-30,CUST00369,PROD0049,2,0.15,431.01,732.72,598.96,133.76,Credit Card,Delivered,2.0,Decor Product 49,Home & Kitchen,Decor,409.38,Customer 369,East,Ranchi,2024-04-21,2025,1,Jan
ORD004469,2025-01-20,CUST01275,PROD0042,1,0.1,250.78,225.7,157.79,67.91,Debit Card,Delivered,6.0,Accessories Product 42,Electronics,Accessories,269.27,Customer 1275,South,Bengaluru,2025-06-13,2025,1,Jan
ORD004470,2025-02-17,CUST00946,PROD0023,2,0.1,71.99,129.58,102.04,27.54,Credit Card,Delivered,2.0,Equipment Product 23,Sports,Equipment,77.77,Customer 946,West,Ahmedabad,2024-01-30,2025,2,Feb
ORD004471,2025-05-10,CUST01132,PROD0052,3,0.2,55.15,132.36,82.67,49.69,UPI,Delivered,5.0,Self Help Product 52,Books,Self Help,58.02,Customer 1132,North,Jaipur,2025-04-12,2025,5,May
ORD004472,2025-10-20,CUST01300,PROD0102,2,0.05,54.89,104.29,75.61,28.68,Credit Card,Delivered,2.0,Makeup Product 102,Beauty,Makeup,52.24,Customer 1300,South,Chennai,2023-09-04,2025,10,Oct
ORD004473,2025-05-12,CUST00180,PROD0105,2,0.0,161.02,322.04,254.05,67.99,COD,Delivered,3.0,Fragrance Product 105,Beauty,Fragrance,173.04,Customer 180,South,Kochi,2024-05-18,2025,5,May
ORD004474,2025-12-22,CUST00293,PROD0079,4,0.2,222.6,712.32,486.92,225.4,Credit Card,Delivered,2.0,Appliances Product 79,Home & Kitchen,Appliances,240.86,Customer 293,North,Delhi,2025-04-11,2025,12,Dec
ORD004475,2025-02-23,CUST00584,PROD0112,3,0.0,208.61,625.83,436.09,189.74,UPI,Delivered,3.0,Kitchen Product 112,Home & Kitchen,Kitchen,221.08,Customer 584,East,Kolkata,2025-01-11,2025,2,Feb
ORD004476,2025-10-08,CUST00795,PROD0053,2,0.1,25.3,45.54,27.31,18.23,Net Banking,Returned,2.0,Self Help Product 53,Books,Self Help,22.79,Customer 795,Central,Bhopal,2024-10-29,2025,10,Oct
ORD004477,2025-09-22,CUST00175,PROD0104,2,0.2,75.86,121.38,71.63,49.75,UPI,Delivered,4.0,Footwear Product 104,Fashion,Footwear,68.87,Customer 175,North,Lucknow,2023-02-16,2025,9,Sep
ORD004478,2025-08-03,CUST00123,PROD0016,2,0.1,191.08,343.94,238.18,105.76,UPI,Cancelled,,Women Product 16,Fashion,Women,203.86,Customer 123,North,Delhi,2023-06-30,2025,8,Aug
ORD004479,2025-10-17,CUST00227,PROD0096,2,0.0,206.16,412.32,322.61,89.71,Credit Card,Returned,3.0,Footwear Product 96,Fashion,Footwear,210.2,Customer 227,North,Jaipur,2023-01-01,2025,10,Oct
ORD004480,2025-02-12,CUST00444,PROD0037,1,0.0,215.18,215.18,172.9,42.28,UPI,Delivered,1.0,Sportswear Product 37,Sports,Sportswear,193.95,Customer 444,North,Delhi,2023-02-28,2025,2,Feb
ORD004481,2025-03-15,CUST00428,PROD0018,2,0.05,207.04,393.38,290.34,103.04,Credit Card,Delivered,2.0,Furniture Product 18,Home & Kitchen,Furniture,220.36,Customer 428,Central,Nagpur,2024-02-18,2025,3,Mar
ORD004482,2025-12-16,CUST01107,PROD0020,1,0.05,89.63,85.15,66.28,18.87,Net Banking,Delivered,4.0,Skincare Product 20,Beauty,Skincare,95.46,Customer 1107,West,Ahmedabad,2023-06-19,2025,12,Dec
ORD004483,2025-10-05,CUST00765,PROD0046,2,0.0,112.12,224.24,169.61,54.63,UPI,Delivered,3.0,Accessories Product 46,Electronics,Accessories,119.63,Customer 765,North,Lucknow,2023-01-17,2025,10,Oct
ORD004484,2025-11-22,CUST00632,PROD0002,4,0.15,33.33,113.32,84.8,28.52,Credit Card,Delivered,3.0,Decor Product 2,Home & Kitchen,Decor,29.88,Customer 632,Central,Nagpur,2023-03-10,2025,11,Nov
ORD004485,2025-08-30,CUST00065,PROD0119,2,0.05,552.01,1048.82,801.89,246.93,UPI,Delivered,5.0,Smartphones Product 119,Electronics,Smartphones,516.56,Customer 65,North,Chandigarh,2024-12-09,2025,8,Aug
ORD004486,2025-05-10,CUST01305,PROD0087,1,0.2,174.77,139.82,98.05,41.77,Credit Card,Delivered,3.0,Equipment Product 87,Sports,Equipment,181.5,Customer 1305,Central,Nagpur,2023-04-16,2025,5,May
ORD004487,2025-12-16,CUST01415,PROD0094,4,0.15,25.26,85.88,59.25,26.63,UPI,Delivered,2.0,Footwear Product 94,Fashion,Footwear,27.18,Customer 1415,West,Surat,2024-12-25,2025,12,Dec
ORD004488,2025-07-13,CUST00428,PROD0063,4,0.2,304.55,974.56,602.47,372.09,UPI,Delivered,4.0,Kitchen Product 63,Home & Kitchen,Kitchen,273.62,Customer 428,Central,Nagpur,2024-02-18,2025,7,Jul
ORD004489,2025-02-01,CUST00618,PROD0003,1,0.05,566.96,538.61,421.47,117.14,UPI,Delivered,5.0,Accessories Product 3,Electronics,Accessories,564.08,Customer 618,West,Mumbai,2024-09-05,2025,2,Feb
ORD004490,2025-04-16,CUST00925,PROD0046,1,0.1,124.38,111.94,66.12,45.82,UPI,Delivered,4.0,Accessories Product 46,Electronics,Accessories,119.63,Customer 925,Central,Kanpur,2024-04-14,2025,4,Apr
ORD004491,2025-07-23,CUST00812,PROD0103,2,0.05,38.24,72.66,46.81,25.85,UPI,Delivered,3.0,Women Product 103,Fashion,Women,39.19,Customer 812,East,Patna,2023-12-05,2025,7,Jul
ORD004492,2025-01-01,CUST00107,PROD0111,4,0.05,69.22,263.04,185.39,77.65,Credit Card,Delivered,2.0,Fiction Product 111,Books,Fiction,64.59,Customer 107,East,Kolkata,2024-02-25,2025,1,Jan
ORD004493,2025-09-02,CUST00659,PROD0049,2,0.1,392.74,706.93,574.86,132.07,Credit Card,Delivered,2.0,Decor Product 49,Home & Kitchen,Decor,409.38,Customer 659,West,Surat,2023-12-28,2025,9,Sep
ORD004494,2025-03-13,CUST01286,PROD0001,4,0.15,424.76,1444.18,1110.05,334.13,UPI,Delivered,7.0,Kitchen Product 1,Home & Kitchen,Kitchen,394.25,Customer 1286,North,Delhi,2024-03-28,2025,3,Mar
ORD004495,2025-11-02,CUST01183,PROD0105,1,0.0,167.18,167.18,111.76,55.42,UPI,Delivered,5.0,Fragrance Product 105,Beauty,Fragrance,173.04,Customer 1183,South,Chennai,2023-12-06,2025,11,Nov
ORD004496,2025-01-15,CUST00265,PROD0022,1,0.05,184.67,175.44,131.82,43.62,Debit Card,Delivered,2.0,Kitchen Product 22,Home & Kitchen,Kitchen,196.54,Customer 265,North,Lucknow,2024-01-04,2025,1,Jan
ORD004497,2025-02-22,CUST01492,PROD0093,2,0.0,379.29,758.58,609.54,149.04,Debit Card,Delivered,1.0,Appliances Product 93,Home & Kitchen,Appliances,373.4,Customer 1492,West,Surat,2023-01-01,2025,2,Feb
ORD004498,2025-01-08,CUST01226,PROD0014,3,0.15,138.94,354.3,251.32,102.98,Credit Card,Delivered,2.0,Accessories Product 14,Electronics,Accessories,128.33,Customer 1226,North,Jaipur,2023-04-08,2025,1,Jan
ORD004499,2025-11-26,CUST00155,PROD0112,2,0.2,220.41,352.66,243.64,109.02,COD,Delivered,7.0,Kitchen Product 112,Home & Kitchen,Kitchen,221.08,Customer 155,North,Lucknow,2023-02-07,2025,11,Nov
ORD004500,2025-02-15,CUST01037,PROD0092,2,0.0,53.32,106.64,76.0,30.64,COD,Delivered,4.0,Haircare Product 92,Beauty,Haircare,57.6,Customer 1037,South,Kochi,2024-07-26,2025,2,Feb
ORD004501,2025-11-21,CUST01321,PROD0085,4,0.05,162.26,616.59,403.72,212.87,UPI,Delivered,5.0,Makeup Product 85,Beauty,Makeup,157.43,Customer 1321,South,Kochi,2024-11-09,2025,11,Nov
ORD004502,2025-04-24,CUST00896,PROD0045,2,0.2,194.43,311.09,248.18,62.91,UPI,Delivered,3.0,Kitchen Product 45,Home & Kitchen,Kitchen,184.1,Customer 896,East,Ranchi,2024-04-24,2025,4,Apr
ORD004503,2025-05-27,CUST00993,PROD0096,2,0.05,224.52,426.59,329.05,97.54,Net Banking,Delivered,5.0,Footwear Product 96,Fashion,Footwear,210.2,Customer 993,South,Bengaluru,2024-01-27,2025,5,May
ORD004504,2025-06-15,CUST00245,PROD0006,4,0.15,78.61,267.27,200.27,67.0,UPI,Cancelled,,Decor Product 6,Home & Kitchen,Decor,78.58,Customer 245,North,Lucknow,2023-09-02,2025,6,Jun
ORD004505,2025-05-19,CUST01324,PROD0118,1,0.0,122.99,122.99,88.72,34.27,Credit Card,Delivered,3.0,Kitchen Product 118,Home & Kitchen,Kitchen,130.92,Customer 1324,West,Mumbai,2023-02-01,2025,5,May
ORD004506,2025-04-27,CUST01386,PROD0065,1,0.05,185.37,176.1,143.11,32.99,COD,Delivered,3.0,Women Product 65,Fashion,Women,178.78,Customer 1386,West,Pune,2024-02-10,2025,4,Apr
ORD004507,2025-10-26,CUST01378,PROD0021,1,0.1,12.83,11.55,7.52,4.03,Debit Card,Delivered,8.0,Technology Product 21,Books,Technology,13.01,Customer 1378,Central,Indore,2025-01-03,2025,10,Oct
ORD004508,2025-10-03,CUST00386,PROD0004,3,0.15,12.07,30.78,19.94,10.84,UPI,Delivered,3.0,Technology Product 4,Books,Technology,10.88,Customer 386,South,Chennai,2024-06-01,2025,10,Oct
ORD004509,2025-10-04,CUST00759,PROD0003,1,0.05,575.67,546.89,348.98,197.91,Debit Card,Delivered,3.0,Accessories Product 3,Electronics,Accessories,564.08,Customer 759,East,Bhubaneswar,2025-04-11,2025,10,Oct
ORD004510,2025-12-04,CUST01336,PROD0113,1,0.05,487.58,463.2,351.12,112.08,UPI,Delivered,5.0,Smartphones Product 113,Electronics,Smartphones,480.63,Customer 1336,North,Delhi,2024-03-03,2025,12,Dec
ORD004511,2025-11-09,CUST00414,PROD0030,1,0.05,329.56,313.08,241.49,71.59,COD,Delivered,6.0,Decor Product 30,Home & Kitchen,Decor,335.65,Customer 414,North,Chandigarh,2023-10-22,2025,11,Nov
ORD004512,2025-06-27,CUST01302,PROD0031,1,0.1,250.53,225.48,163.09,62.39,UPI,Delivered,6.0,Furniture Product 31,Home & Kitchen,Furniture,253.64,Customer 1302,South,Kochi,2024-05-04,2025,6,Jun
ORD004513,2025-11-26,CUST00715,PROD0034,2,0.2,107.88,172.61,127.12,45.49,Credit Card,Delivered,3.0,Accessories Product 34,Fashion,Accessories,105.5,Customer 715,North,Delhi,2024-05-13,2025,11,Nov
ORD004514,2025-12-20,CUST00759,PROD0083,1,0.15,40.5,34.42,22.85,11.57,Debit Card,Delivered,7.0,Business Product 83,Books,Business,41.27,Customer 759,East,Bhubaneswar,2025-04-11,2025,12,Dec
ORD004515,2025-06-03,CUST00747,PROD0020,2,0.0,104.86,209.72,123.64,86.08,UPI,Returned,4.0,Skincare Product 20,Beauty,Skincare,95.46,Customer 747,Central,Indore,2024-03-24,2025,6,Jun
ORD004516,2025-07-20,CUST00593,PROD0087,3,0.2,182.92,439.01,281.35,157.66,UPI,Delivered,5.0,Equipment Product 87,Sports,Equipment,181.5,Customer 593,West,Mumbai,2024-06-13,2025,7,Jul
ORD004517,2025-04-25,CUST01380,PROD0054,1,0.0,93.82,93.82,67.57,26.25,UPI,Delivered,6.0,Makeup Product 54,Beauty,Makeup,95.89,Customer 1380,Central,Kanpur,2024-02-16,2025,4,Apr
ORD004518,2025-06-08,CUST00839,PROD0104,1,0.05,65.5,62.22,48.23,13.99,Credit Card,Delivered,2.0,Footwear Product 104,Fashion,Footwear,68.87,Customer 839,South,Bengaluru,2025-04-04,2025,6,Jun
ORD004519,2025-02-11,CUST00016,PROD0025,1,0.15,295.15,250.88,192.31,58.57,COD,Delivered,3.0,Kitchen Product 25,Home & Kitchen,Kitchen,279.9,Customer 16,East,Bhubaneswar,2024-05-13,2025,2,Feb
ORD004520,2025-09-04,CUST00993,PROD0015,4,0.0,108.68,434.72,270.86,163.86,UPI,Returned,4.0,Kitchen Product 15,Home & Kitchen,Kitchen,117.47,Customer 993,South,Bengaluru,2024-01-27,2025,9,Sep
ORD004521,2025-03-09,CUST01069,PROD0038,1,0.0,730.59,730.59,432.76,297.83,UPI,Delivered,5.0,Laptops Product 38,Electronics,Laptops,723.36,Customer 1069,West,Surat,2023-12-21,2025,3,Mar
ORD004522,2025-11-22,CUST01345,PROD0023,4,0.05,80.1,304.38,238.67,65.71,Credit Card,Delivered,3.0,Equipment Product 23,Sports,Equipment,77.77,Customer 1345,North,Lucknow,2025-06-30,2025,11,Nov
ORD004523,2025-11-30,CUST00651,PROD0052,2,0.15,57.32,97.44,58.28,39.16,UPI,Delivered,2.0,Self Help Product 52,Books,Self Help,58.02,Customer 651,East,Kolkata,2025-03-24,2025,11,Nov
ORD004524,2025-07-15,CUST01350,PROD0066,1,0.1,39.32,35.39,23.87,11.52,Credit Card,Delivered,5.0,Self Help Product 66,Books,Self Help,36.75,Customer 1350,West,Mumbai,2023-12-11,2025,7,Jul
ORD004525,2025-03-31,CUST00148,PROD0057,1,0.05,32.62,30.99,18.68,12.31,Credit Card,Cancelled,,Fitness Product 57,Sports,Fitness,30.92,Customer 148,Central,Kanpur,2023-07-31,2025,3,Mar
ORD004526,2025-04-21,CUST00355,PROD0057,1,0.15,34.45,29.28,20.95,8.33,Credit Card,Delivered,6.0,Fitness Product 57,Sports,Fitness,30.92,Customer 355,South,Kochi,2024-11-09,2025,4,Apr
ORD004527,2025-12-25,CUST01260,PROD0079,2,0.15,246.1,418.37,279.14,139.23,UPI,Delivered,4.0,Appliances Product 79,Home & Kitchen,Appliances,240.86,Customer 1260,North,Chandigarh,2024-06-23,2025,12,Dec
ORD004528,2025-05-25,CUST00703,PROD0052,1,0.15,59.62,50.68,31.86,18.82,UPI,Delivered,1.0,Self Help Product 52,Books,Self Help,58.02,Customer 703,North,Jaipur,2024-10-07,2025,5,May
ORD004529,2025-10-02,CUST00613,PROD0108,2,0.1,361.97,651.55,470.97,180.58,Debit Card,Delivered,7.0,Kitchen Product 108,Home & Kitchen,Kitchen,373.49,Customer 613,Central,Indore,2025-04-02,2025,10,Oct
ORD004530,2025-06-28,CUST00105,PROD0035,2,0.0,31.46,62.92,41.98,20.94,UPI,Delivered,4.0,Footwear Product 35,Fashion,Footwear,31.55,Customer 105,East,Ranchi,2025-06-08,2025,6,Jun
ORD004531,2025-08-29,CUST01498,PROD0074,3,0.0,199.2,597.6,370.53,227.07,Net Banking,Delivered,4.0,Women Product 74,Fashion,Women,215.26,Customer 1498,Central,Indore,2023-09-22,2025,8,Aug
ORD004532,2025-11-22,CUST00396,PROD0014,1,0.15,135.75,115.39,86.31,29.08,Debit Card,Delivered,6.0,Accessories Product 14,Electronics,Accessories,128.33,Customer 396,East,Patna,2024-12-31,2025,11,Nov
ORD004533,2025-11-15,CUST01470,PROD0091,1,0.15,37.75,32.09,25.06,7.03,UPI,Delivered,4.0,Technology Product 91,Books,Technology,38.43,Customer 1470,South,Hyderabad,2024-10-22,2025,11,Nov
ORD004534,2025-11-27,CUST00606,PROD0118,1,0.25,134.6,100.95,65.18,35.77,COD,Delivered,3.0,Kitchen Product 118,Home & Kitchen,Kitchen,130.92,Customer 606,South,Kochi,2024-07-26,2025,11,Nov
ORD004535,2025-06-02,CUST01244,PROD0014,1,0.0,124.61,124.61,77.85,46.76,UPI,Delivered,2.0,Accessories Product 14,Electronics,Accessories,128.33,Customer 1244,South,Kochi,2025-03-18,2025,6,Jun
ORD004536,2025-04-14,CUST00851,PROD0099,1,0.0,201.4,201.4,120.45,80.95,Net Banking,Delivered,7.0,Fitness Product 99,Sports,Fitness,192.87,Customer 851,South,Hyderabad,2025-01-02,2025,4,Apr
ORD004537,2025-03-16,CUST00442,PROD0033,2,0.0,42.67,85.34,60.31,25.03,Credit Card,Delivered,1.0,Business Product 33,Books,Business,42.27,Customer 442,East,Bhubaneswar,2024-03-18,2025,3,Mar
ORD004538,2025-05-08,CUST00873,PROD0052,3,0.0,58.97,176.91,137.9,39.01,UPI,Delivered,2.0,Self Help Product 52,Books,Self Help,58.02,Customer 873,South,Bengaluru,2025-06-16,2025,5,May
ORD004539,2025-07-18,CUST00667,PROD0001,1,0.1,437.03,393.33,251.81,141.52,COD,Delivered,5.0,Kitchen Product 1,Home & Kitchen,Kitchen,394.25,Customer 667,Central,Bhopal,2023-05-17,2025,7,Jul
ORD004540,2025-06-03,CUST01052,PROD0034,2,0.25,111.96,167.94,115.97,51.97,COD,Delivered,3.0,Accessories Product 34,Fashion,Accessories,105.5,Customer 1052,East,Patna,2024-05-13,2025,6,Jun
ORD004541,2025-02-25,CUST00794,PROD0019,2,0.1,207.93,374.27,231.52,142.75,Credit Card,Delivered,2.0,Decor Product 19,Home & Kitchen,Decor,213.84,Customer 794,Central,Nagpur,2025-04-01,2025,2,Feb
ORD004542,2025-10-05,CUST00475,PROD0024,3,0.1,287.83,777.14,526.13,251.01,Credit Card,Delivered,3.0,Equipment Product 24,Sports,Equipment,281.97,Customer 475,South,Hyderabad,2025-06-15,2025,10,Oct
ORD004543,2025-12-11,CUST00628,PROD0106,2,0.1,154.8,278.64,162.64,116.0,COD,Delivered,8.0,Women Product 106,Fashion,Women,152.76,Customer 628,Central,Kanpur,2023-10-30,2025,12,Dec
ORD004544,2025-01-19,CUST01329,PROD0004,2,0.0,11.74,23.48,18.75,4.73,Credit Card,Delivered,4.0,Technology Product 4,Books,Technology,10.88,Customer 1329,West,Ahmedabad,2024-12-31,2025,1,Jan
ORD004545,2025-06-08,CUST01429,PROD0036,1,0.15,408.12,346.9,257.53,89.37,UPI,Delivered,3.0,Furniture Product 36,Home & Kitchen,Furniture,375.57,Customer 1429,West,Surat,2023-12-03,2025,6,Jun
ORD004546,2025-01-26,CUST00502,PROD0077,4,0.1,134.83,485.39,320.3,165.09,Credit Card,Delivered,6.0,Accessories Product 77,Fashion,Accessories,138.05,Customer 502,North,Lucknow,2024-01-14,2025,1,Jan
ORD004547,2025-06-18,CUST00348,PROD0058,2,0.0,210.29,420.58,332.88,87.7,Net Banking,Delivered,3.0,Footwear Product 58,Fashion,Footwear,193.95,Customer 348,East,Ranchi,2024-05-03,2025,6,Jun
ORD004548,2025-01-23,CUST01264,PROD0032,1,0.1,13.51,12.16,7.59,4.57,Net Banking,Delivered,3.0,Skincare Product 32,Beauty,Skincare,14.13,Customer 1264,North,Delhi,2023-01-13,2025,1,Jan
ORD004549,2025-02-16,CUST01018,PROD0009,3,0.1,323.53,873.53,523.15,350.38,COD,Delivered,2.0,Furniture Product 9,Home & Kitchen,Furniture,301.64,Customer 1018,West,Surat,2024-03-30,2025,2,Feb
ORD004550,2025-01-13,CUST00570,PROD0103,1,0.0,38.0,38.0,30.64,7.36,UPI,Delivered,5.0,Women Product 103,Fashion,Women,39.19,Customer 570,West,Mumbai,2025-05-14,2025,1,Jan
ORD004551,2025-08-05,CUST00695,PROD0080,3,0.05,38.49,109.7,71.76,37.94,Debit Card,Delivered,4.0,Skincare Product 80,Beauty,Skincare,39.29,Customer 695,West,Pune,2024-09-15,2025,8,Aug
ORD004552,2025-11-18,CUST01361,PROD0114,3,0.05,599.78,1709.37,1375.42,333.95,UPI,Delivered,2.0,Audio Product 114,Electronics,Audio,550.01,Customer 1361,South,Chennai,2025-05-07,2025,11,Nov
ORD004553,2025-07-13,CUST00026,PROD0067,3,0.0,193.74,581.22,426.05,155.17,Debit Card,Cancelled,,Furniture Product 67,Home & Kitchen,Furniture,192.97,Customer 26,West,Ahmedabad,2024-08-28,2025,7,Jul
ORD004554,2025-05-24,CUST01433,PROD0116,3,0.0,57.56,172.68,140.77,31.91,Credit Card,Delivered,2.0,Men Product 116,Fashion,Men,51.48,Customer 1433,West,Pune,2023-09-30,2025,5,May
ORD004555,2025-03-14,CUST01101,PROD0020,2,0.1,90.72,163.3,124.24,39.06,UPI,Returned,8.0,Skincare Product 20,Beauty,Skincare,95.46,Customer 1101,Central,Kanpur,2024-10-22,2025,3,Mar
ORD004556,2025-06-05,CUST00217,PROD0074,3,0.1,217.99,588.57,356.27,232.3,Debit Card,Delivered,2.0,Women Product 74,Fashion,Women,215.26,Customer 217,West,Mumbai,2024-05-03,2025,6,Jun
ORD004557,2025-03-18,CUST01352,PROD0120,1,0.1,14.18,12.76,10.01,2.75,UPI,Delivered,4.0,Self Help Product 120,Books,Self Help,13.3,Customer 1352,East,Ranchi,2025-04-09,2025,3,Mar
ORD004558,2025-06-18,CUST00837,PROD0062,3,0.25,154.34,347.26,213.74,133.52,UPI,Delivered,4.0,Accessories Product 62,Fashion,Accessories,167.56,Customer 837,West,Mumbai,2025-01-01,2025,6,Jun
ORD004559,2025-10-14,CUST00774,PROD0058,1,0.1,184.32,165.89,123.78,42.11,Credit Card,Delivered,4.0,Footwear Product 58,Fashion,Footwear,193.95,Customer 774,East,Kolkata,2025-03-27,2025,10,Oct
ORD004560,2025-03-26,CUST01047,PROD0022,2,0.1,181.62,326.92,228.88,98.04,Debit Card,Delivered,3.0,Kitchen Product 22,Home & Kitchen,Kitchen,196.54,Customer 1047,East,Kolkata,2025-02-19,2025,3,Mar
ORD004561,2025-07-01,CUST00670,PROD0112,1,0.15,247.29,210.2,157.62,52.58,UPI,Delivered,1.0,Kitchen Product 112,Home & Kitchen,Kitchen,221.08,Customer 670,Central,Nagpur,2024-06-30,2025,7,Jul
ORD004562,2025-11-11,CUST00718,PROD0067,2,0.1,206.89,372.4,284.36,88.04,UPI,Delivered,8.0,Furniture Product 67,Home & Kitchen,Furniture,192.97,Customer 718,North,Chandigarh,2023-04-25,2025,11,Nov
ORD004563,2025-10-24,CUST00310,PROD0075,1,0.0,220.69,220.69,170.57,50.12,UPI,Delivered,2.0,Decor Product 75,Home & Kitchen,Decor,221.86,Customer 310,Central,Nagpur,2025-06-01,2025,10,Oct
ORD004564,2025-04-22,CUST00599,PROD0089,1,0.05,445.35,423.08,330.17,92.91,Credit Card,Delivered,5.0,Kitchen Product 89,Home & Kitchen,Kitchen,468.17,Customer 599,West,Pune,2024-11-28,2025,4,Apr
ORD004565,2025-08-18,CUST00267,PROD0106,2,0.15,143.3,243.61,190.83,52.78,UPI,Delivered,2.0,Women Product 106,Fashion,Women,152.76,Customer 267,East,Ranchi,2023-02-12,2025,8,Aug
ORD004566,2025-04-06,CUST01439,PROD0048,2,0.15,112.47,191.2,129.83,61.37,Net Banking,Cancelled,,Fragrance Product 48,Beauty,Fragrance,109.58,Customer 1439,Central,Bhopal,2024-11-16,2025,4,Apr
ORD004567,2025-06-17,CUST00646,PROD0008,2,0.25,515.77,773.66,613.83,159.83,COD,Cancelled,,Decor Product 8,Home & Kitchen,Decor,462.5,Customer 646,North,Lucknow,2023-02-21,2025,6,Jun
ORD004568,2025-06-05,CUST01291,PROD0073,1,0.1,9.9,8.91,6.71,2.2,Credit Card,Delivered,3.0,Business Product 73,Books,Business,9.38,Customer 1291,East,Kolkata,2023-05-08,2025,6,Jun
ORD004569,2025-04-15,CUST01357,PROD0015,1,0.2,116.65,93.32,72.92,20.4,Debit Card,Delivered,7.0,Kitchen Product 15,Home & Kitchen,Kitchen,117.47,Customer 1357,Central,Kanpur,2023-08-17,2025,4,Apr
ORD004570,2025-07-12,CUST01023,PROD0032,1,0.0,14.42,14.42,11.79,2.63,Credit Card,Delivered,5.0,Skincare Product 32,Beauty,Skincare,14.13,Customer 1023,Central,Bhopal,2023-09-21,2025,7,Jul
ORD004571,2025-11-26,CUST00450,PROD0053,4,0.1,25.52,91.87,55.85,36.02,UPI,Delivered,6.0,Self Help Product 53,Books,Self Help,22.79,Customer 450,North,Lucknow,2024-08-17,2025,11,Nov
ORD004572,2025-05-12,CUST00565,PROD0067,2,0.2,197.55,316.08,211.44,104.64,UPI,Delivered,4.0,Furniture Product 67,Home & Kitchen,Furniture,192.97,Customer 565,East,Kolkata,2024-09-10,2025,5,May
ORD004573,2025-12-21,CUST01271,PROD0004,1,0.05,12.11,11.5,8.9,2.6,Credit Card,Returned,2.0,Technology Product 4,Books,Technology,10.88,Customer 1271,South,Kochi,2023-12-04,2025,12,Dec
ORD004574,2025-05-18,CUST01060,PROD0030,1,0.0,309.9,309.9,186.16,123.74,COD,Delivered,4.0,Decor Product 30,Home & Kitchen,Decor,335.65,Customer 1060,North,Jaipur,2024-04-06,2025,5,May
ORD004575,2025-11-27,CUST01425,PROD0013,2,0.05,818.69,1555.51,1104.08,451.43,Net Banking,Delivered,5.0,Laptops Product 13,Electronics,Laptops,769.31,Customer 1425,North,Lucknow,2024-09-17,2025,11,Nov
ORD004576,2025-09-27,CUST00028,PROD0108,2,0.15,390.46,663.78,521.74,142.04,COD,Delivered,1.0,Kitchen Product 108,Home & Kitchen,Kitchen,373.49,Customer 28,West,Surat,2024-09-02,2025,9,Sep
ORD004577,2025-02-07,CUST00220,PROD0021,3,0.0,13.75,41.25,24.11,17.14,COD,Delivered,6.0,Technology Product 21,Books,Technology,13.01,Customer 220,North,Lucknow,2023-07-13,2025,2,Feb
ORD004578,2025-02-14,CUST00406,PROD0041,1,0.1,404.15,363.74,292.99,70.75,UPI,Delivered,4.0,Accessories Product 41,Electronics,Accessories,390.82,Customer 406,South,Bengaluru,2024-05-28,2025,2,Feb
ORD004579,2025-06-12,CUST00271,PROD0110,2,0.0,376.52,753.04,613.54,139.5,UPI,Delivered,4.0,Kitchen Product 110,Home & Kitchen,Kitchen,405.37,Customer 271,Central,Bhopal,2023-03-19,2025,6,Jun
ORD004580,2025-11-27,CUST00792,PROD0019,2,0.05,203.13,385.95,253.7,132.25,Credit Card,Delivered,4.0,Decor Product 19,Home & Kitchen,Decor,213.84,Customer 792,East,Kolkata,2023-05-24,2025,11,Nov
ORD004581,2025-09-10,CUST00963,PROD0103,1,0.25,43.28,32.46,24.8,7.66,Debit Card,Delivered,5.0,Women Product 103,Fashion,Women,39.19,Customer 963,West,Pune,2025-03-16,2025,9,Sep
ORD004582,2025-06-18,CUST01310,PROD0048,1,0.0,105.92,105.92,64.67,41.25,Credit Card,Delivered,2.0,Fragrance Product 48,Beauty,Fragrance,109.58,Customer 1310,Central,Bhopal,2025-02-28,2025,6,Jun
ORD004583,2025-10-12,CUST01478,PROD0086,4,0.0,404.2,1616.8,1237.64,379.16,Net Banking,Delivered,3.0,Audio Product 86,Electronics,Audio,361.35,Customer 1478,South,Bengaluru,2023-06-29,2025,10,Oct
ORD004584,2025-10-01,CUST00834,PROD0063,3,0.05,288.92,823.42,572.74,250.68,Debit Card,Delivered,3.0,Kitchen Product 63,Home & Kitchen,Kitchen,273.62,Customer 834,West,Mumbai,2025-05-21,2025,10,Oct
ORD004585,2025-01-20,CUST00317,PROD0020,1,0.1,96.31,86.68,68.17,18.51,Debit Card,Delivered,4.0,Skincare Product 20,Beauty,Skincare,95.46,Customer 317,South,Kochi,2024-09-17,2025,1,Jan
ORD004586,2025-08-27,CUST01321,PROD0064,2,0.05,548.27,1041.71,657.35,384.36,UPI,Delivered,7.0,Decor Product 64,Home & Kitchen,Decor,496.62,Customer 1321,South,Kochi,2024-11-09,2025,8,Aug
ORD004587,2025-09-27,CUST00338,PROD0037,2,0.1,209.27,376.69,279.29,97.4,UPI,Delivered,1.0,Sportswear Product 37,Sports,Sportswear,193.95,Customer 338,Central,Nagpur,2024-07-22,2025,9,Sep
ORD004588,2025-11-06,CUST01331,PROD0031,4,0.25,255.11,765.33,588.29,177.04,Credit Card,Delivered,6.0,Furniture Product 31,Home & Kitchen,Furniture,253.64,Customer 1331,Central,Kanpur,2025-04-24,2025,11,Nov
ORD004589,2025-01-31,CUST01452,PROD0074,1,0.05,200.99,190.94,120.02,70.92,COD,Delivered,4.0,Women Product 74,Fashion,Women,215.26,Customer 1452,North,Delhi,2023-09-29,2025,1,Jan
ORD004590,2025-11-10,CUST00351,PROD0018,3,0.05,241.0,686.85,533.26,153.59,UPI,Delivered,4.0,Furniture Product 18,Home & Kitchen,Furniture,220.36,Customer 351,East,Bhubaneswar,2023-07-16,2025,11,Nov
ORD004591,2025-04-14,CUST00511,PROD0107,3,0.1,215.29,581.28,470.79,110.49,Credit Card,Delivered,3.0,Equipment Product 107,Sports,Equipment,200.64,Customer 511,South,Chennai,2023-07-31,2025,4,Apr
ORD004592,2025-06-19,CUST00525,PROD0103,4,0.1,42.25,152.1,110.71,41.39,COD,Delivered,4.0,Women Product 103,Fashion,Women,39.19,Customer 525,South,Bengaluru,2023-03-10,2025,6,Jun
ORD004593,2025-07-05,CUST00492,PROD0110,2,0.0,433.33,866.66,665.91,200.75,UPI,Delivered,4.0,Kitchen Product 110,Home & Kitchen,Kitchen,405.37,Customer 492,West,Mumbai,2024-02-23,2025,7,Jul
ORD004594,2025-05-08,CUST00009,PROD0020,2,0.1,93.09,167.56,118.6,48.96,UPI,Delivered,2.0,Skincare Product 20,Beauty,Skincare,95.46,Customer 9,South,Hyderabad,2025-01-09,2025,5,May
ORD004595,2025-07-29,CUST00561,PROD0082,2,0.25,690.21,1035.32,749.1,286.22,Credit Card,Delivered,4.0,Laptops Product 82,Electronics,Laptops,632.19,Customer 561,East,Bhubaneswar,2024-12-21,2025,7,Jul
ORD004596,2025-10-08,CUST00440,PROD0011,2,0.05,152.37,289.5,168.84,120.66,Credit Card,Delivered,3.0,Skincare Product 11,Beauty,Skincare,165.54,Customer 440,South,Kochi,2023-11-22,2025,10,Oct
ORD004597,2025-09-10,CUST00792,PROD0086,1,0.1,349.59,314.63,222.07,92.56,COD,Delivered,4.0,Audio Product 86,Electronics,Audio,361.35,Customer 792,East,Kolkata,2023-05-24,2025,9,Sep
ORD004598,2025-01-19,CUST01132,PROD0044,1,0.0,21.71,21.71,15.59,6.12,UPI,Delivered,4.0,Business Product 44,Books,Business,23.36,Customer 1132,North,Jaipur,2025-04-12,2025,1,Jan
ORD004599,2025-07-19,CUST01269,PROD0082,4,0.1,595.6,2144.16,1588.42,555.74,Credit Card,Delivered,4.0,Laptops Product 82,Electronics,Laptops,632.19,Customer 1269,East,Kolkata,2024-05-30,2025,7,Jul
ORD004600,2025-08-08,CUST01279,PROD0064,3,0.05,509.77,1452.84,901.71,551.13,UPI,Delivered,1.0,Decor Product 64,Home & Kitchen,Decor,496.62,Customer 1279,West,Surat,2024-10-03,2025,8,Aug
ORD004601,2025-05-16,CUST00033,PROD0034,2,0.1,97.85,176.13,112.36,63.77,Credit Card,Returned,2.0,Accessories Product 34,Fashion,Accessories,105.5,Customer 33,South,Kochi,2024-12-18,2025,5,May
ORD004602,2025-08-11,CUST01047,PROD0087,1,0.1,173.56,156.2,118.94,37.26,UPI,Delivered,5.0,Equipment Product 87,Sports,Equipment,181.5,Customer 1047,East,Kolkata,2025-02-19,2025,8,Aug
ORD004603,2025-01-03,CUST00845,PROD0065,1,0.0,172.8,172.8,107.18,65.62,Debit Card,Delivered,3.0,Women Product 65,Fashion,Women,178.78,Customer 845,South,Hyderabad,2024-07-10,2025,1,Jan
ORD004604,2025-08-24,CUST00566,PROD0055,2,0.15,302.38,514.05,349.47,164.58,Credit Card,Delivered,5.0,Fitness Product 55,Sports,Fitness,287.69,Customer 566,East,Bhubaneswar,2025-05-06,2025,8,Aug
ORD004605,2025-12-08,CUST00049,PROD0074,1,0.1,218.22,196.4,125.72,70.68,Debit Card,Cancelled,,Women Product 74,Fashion,Women,215.26,Customer 49,East,Ranchi,2024-09-19,2025,12,Dec
ORD004606,2025-08-16,CUST00462,PROD0117,1,0.05,275.95,262.15,186.35,75.8,Credit Card,Delivered,5.0,Furniture Product 117,Home & Kitchen,Furniture,272.76,Customer 462,South,Hyderabad,2024-09-01,2025,8,Aug
ORD004607,2025-05-22,CUST00590,PROD0001,1,0.2,423.3,338.64,276.62,62.02,Credit Card,Delivered,2.0,Kitchen Product 1,Home & Kitchen,Kitchen,394.25,Customer 590,West,Pune,2024-07-02,2025,5,May
ORD004608,2025-01-09,CUST00336,PROD0038,2,0.0,731.57,1463.14,1147.82,315.32,Net Banking,Delivered,3.0,Laptops Product 38,Electronics,Laptops,723.36,Customer 336,Central,Kanpur,2023-04-07,2025,1,Jan
ORD004609,2025-07-09,CUST01382,PROD0103,1,0.15,38.79,32.97,21.25,11.72,UPI,Delivered,6.0,Women Product 103,Fashion,Women,39.19,Customer 1382,North,Delhi,2023-08-25,2025,7,Jul
ORD004610,2025-12-16,CUST01146,PROD0113,2,0.05,534.7,1015.93,679.12,336.81,UPI,Delivered,1.0,Smartphones Product 113,Electronics,Smartphones,480.63,Customer 1146,North,Jaipur,2024-03-09,2025,12,Dec
ORD004611,2025-06-14,CUST01468,PROD0009,1,0.1,278.01,250.21,200.29,49.92,Credit Card,Delivered,3.0,Furniture Product 9,Home & Kitchen,Furniture,301.64,Customer 1468,North,Lucknow,2023-06-20,2025,6,Jun
ORD004612,2025-05-19,CUST00359,PROD0095,2,0.05,36.63,69.6,55.37,14.23,Debit Card,Delivered,4.0,Business Product 95,Books,Business,37.34,Customer 359,South,Kochi,2023-03-25,2025,5,May
ORD004613,2025-10-03,CUST00346,PROD0071,2,0.05,34.08,64.75,40.05,24.7,UPI,Delivered,6.0,Footwear Product 71,Fashion,Footwear,32.71,Customer 346,South,Bengaluru,2023-02-19,2025,10,Oct
ORD004614,2025-10-18,CUST00193,PROD0017,1,0.0,16.31,16.31,12.71,3.6,Credit Card,Delivered,3.0,Equipment Product 17,Sports,Equipment,15.15,Customer 193,Central,Kanpur,2025-02-05,2025,10,Oct
ORD004615,2025-02-22,CUST01440,PROD0099,1,0.15,208.93,177.59,115.69,61.9,UPI,Delivered,5.0,Fitness Product 99,Sports,Fitness,192.87,Customer 1440,East,Bhubaneswar,2023-11-24,2025,2,Feb
ORD004616,2025-06-24,CUST01401,PROD0112,4,0.15,205.43,698.46,496.26,202.2,UPI,Cancelled,,Kitchen Product 112,Home & Kitchen,Kitchen,221.08,Customer 1401,West,Surat,2024-11-29,2025,6,Jun
ORD004617,2025-04-20,CUST01487,PROD0101,1,0.1,342.85,308.57,179.35,129.22,UPI,Delivered,3.0,Laptops Product 101,Electronics,Laptops,322.89,Customer 1487,East,Patna,2025-04-04,2025,4,Apr
ORD004618,2025-07-22,CUST00756,PROD0052,2,0.2,61.74,98.78,80.97,17.81,COD,Delivered,3.0,Self Help Product 52,Books,Self Help,58.02,Customer 756,West,Ahmedabad,2024-07-13,2025,7,Jul
ORD004619,2025-05-16,CUST01170,PROD0018,1,0.2,212.17,169.74,129.45,40.29,Net Banking,Delivered,2.0,Furniture Product 18,Home & Kitchen,Furniture,220.36,Customer 1170,East,Kolkata,2025-03-14,2025,5,May
ORD004620,2025-01-04,CUST00478,PROD0063,1,0.1,257.9,232.11,148.09,84.02,UPI,Delivered,4.0,Kitchen Product 63,Home & Kitchen,Kitchen,273.62,Customer 478,North,Delhi,2023-03-14,2025,1,Jan
ORD004621,2025-06-04,CUST00828,PROD0033,2,0.1,45.23,81.41,60.58,20.83,UPI,Delivered,4.0,Business Product 33,Books,Business,42.27,Customer 828,Central,Nagpur,2024-10-09,2025,6,Jun
ORD004622,2025-06-21,CUST00890,PROD0004,4,0.0,10.55,42.2,27.45,14.75,UPI,Delivered,2.0,Technology Product 4,Books,Technology,10.88,Customer 890,South,Kochi,2023-11-10,2025,6,Jun
ORD004623,2025-12-24,CUST00653,PROD0087,2,0.15,167.04,283.97,170.8,113.17,UPI,Delivered,4.0,Equipment Product 87,Sports,Equipment,181.5,Customer 653,Central,Nagpur,2024-07-20,2025,12,Dec
ORD004624,2025-02-16,CUST00408,PROD0075,2,0.15,214.03,363.85,248.17,115.68,Net Banking,Delivered,3.0,Decor Product 75,Home & Kitchen,Decor,221.86,Customer 408,South,Kochi,2025-03-02,2025,2,Feb
ORD004625,2025-04-04,CUST00286,PROD0052,2,0.0,53.74,107.48,78.17,29.31,UPI,Delivered,2.0,Self Help Product 52,Books,Self Help,58.02,Customer 286,South,Bengaluru,2023-07-12,2025,4,Apr
ORD004626,2025-02-17,CUST00851,PROD0009,2,0.1,292.54,526.57,316.76,209.81,UPI,Delivered,7.0,Furniture Product 9,Home & Kitchen,Furniture,301.64,Customer 851,South,Hyderabad,2025-01-02,2025,2,Feb
ORD004627,2025-08-28,CUST00111,PROD0064,1,0.2,490.17,392.14,276.23,115.91,Credit Card,Delivered,5.0,Decor Product 64,Home & Kitchen,Decor,496.62,Customer 111,North,Chandigarh,2023-10-07,2025,8,Aug
ORD004628,2025-12-13,CUST00620,PROD0030,4,0.0,327.02,1308.08,920.32,387.76,UPI,Delivered,1.0,Decor Product 30,Home & Kitchen,Decor,335.65,Customer 620,North,Chandigarh,2023-12-07,2025,12,Dec
ORD004629,2025-08-01,CUST00793,PROD0008,3,0.05,510.59,1455.18,1063.55,391.63,Credit Card,Delivered,6.0,Decor Product 8,Home & Kitchen,Decor,462.5,Customer 793,East,Patna,2023-01-25,2025,8,Aug
ORD004630,2025-12-06,CUST00050,PROD0104,2,0.05,66.56,126.46,80.77,45.69,Debit Card,Delivered,6.0,Footwear Product 104,Fashion,Footwear,68.87,Customer 50,South,Kochi,2025-05-04,2025,12,Dec
ORD004631,2025-11-20,CUST01038,PROD0005,1,0.05,239.61,227.63,133.15,94.48,UPI,Delivered,1.0,Men Product 5,Fashion,Men,236.42,Customer 1038,Central,Indore,2024-04-02,2025,11,Nov
ORD004632,2025-05-19,CUST01158,PROD0076,3,0.0,119.13,357.39,235.15,122.24,UPI,Delivered,2.0,Women Product 76,Fashion,Women,107.18,Customer 1158,North,Lucknow,2023-08-10,2025,5,May
ORD004633,2025-07-24,CUST00588,PROD0063,2,0.05,299.84,569.7,384.92,184.78,Credit Card,Delivered,4.0,Kitchen Product 63,Home & Kitchen,Kitchen,273.62,Customer 588,Central,Bhopal,2023-09-09,2025,7,Jul
ORD004634,2025-03-14,CUST00596,PROD0001,4,0.05,387.1,1470.98,1077.61,393.37,Debit Card,Delivered,6.0,Kitchen Product 1,Home & Kitchen,Kitchen,394.25,Customer 596,East,Kolkata,2024-10-23,2025,3,Mar
ORD004635,2025-01-04,CUST01367,PROD0015,4,0.2,115.74,370.37,297.5,72.87,UPI,Delivered,5.0,Kitchen Product 15,Home & Kitchen,Kitchen,117.47,Customer 1367,Central,Nagpur,2023-03-13,2025,1,Jan
ORD004636,2025-03-17,CUST00670,PROD0089,2,0.05,486.27,923.91,580.97,342.94,UPI,Delivered,3.0,Kitchen Product 89,Home & Kitchen,Kitchen,468.17,Customer 670,Central,Nagpur,2024-06-30,2025,3,Mar
ORD004637,2025-11-25,CUST01310,PROD0082,2,0.05,697.67,1325.57,987.5,338.07,UPI,Delivered,1.0,Laptops Product 82,Electronics,Laptops,632.19,Customer 1310,Central,Bhopal,2025-02-28,2025,11,Nov
ORD004638,2025-03-18,CUST00314,PROD0038,1,0.05,666.94,633.59,382.29,251.3,Credit Card,Delivered,3.0,Laptops Product 38,Electronics,Laptops,723.36,Customer 314,Central,Bhopal,2023-07-25,2025,3,Mar
ORD004639,2025-10-31,CUST00606,PROD0042,3,0.0,268.9,806.7,504.79,301.91,UPI,Delivered,2.0,Accessories Product 42,Electronics,Accessories,269.27,Customer 606,South,Kochi,2024-07-26,2025,10,Oct
ORD004640,2025-09-13,CUST00297,PROD0046,2,0.25,130.39,195.58,137.33,58.25,UPI,Delivered,2.0,Accessories Product 46,Electronics,Accessories,119.63,Customer 297,West,Pune,2024-08-14,2025,9,Sep
ORD004641,2025-04-12,CUST00569,PROD0053,2,0.15,22.84,38.83,29.12,9.71,UPI,Delivered,4.0,Self Help Product 53,Books,Self Help,22.79,Customer 569,North,Lucknow,2025-03-06,2025,4,Apr
ORD004642,2025-04-16,CUST01188,PROD0026,1,0.1,240.31,216.28,170.01,46.27,Credit Card,Delivered,3.0,Men Product 26,Fashion,Men,225.85,Customer 1188,West,Surat,2025-01-16,2025,4,Apr
ORD004643,2025-11-29,CUST00832,PROD0061,2,0.1,92.4,166.32,126.16,40.16,UPI,Delivered,3.0,Outdoor Product 61,Sports,Outdoor,87.3,Customer 832,South,Hyderabad,2025-01-20,2025,11,Nov
ORD004644,2025-02-08,CUST00610,PROD0104,3,0.1,66.19,178.71,104.31,74.4,Debit Card,Delivered,6.0,Footwear Product 104,Fashion,Footwear,68.87,Customer 610,South,Hyderabad,2025-04-15,2025,2,Feb
ORD004645,2025-11-10,CUST00016,PROD0067,2,0.05,194.88,370.27,275.53,94.74,Credit Card,Delivered,2.0,Furniture Product 67,Home & Kitchen,Furniture,192.97,Customer 16,East,Bhubaneswar,2024-05-13,2025,11,Nov
ORD004646,2025-10-02,CUST01368,PROD0054,4,0.0,99.08,396.32,308.3,88.02,Credit Card,Delivered,3.0,Makeup Product 54,Beauty,Makeup,95.89,Customer 1368,North,Chandigarh,2025-03-03,2025,10,Oct
ORD004647,2025-03-29,CUST01102,PROD0022,2,0.05,208.94,396.99,280.33,116.66,Credit Card,Delivered,4.0,Kitchen Product 22,Home & Kitchen,Kitchen,196.54,Customer 1102,Central,Kanpur,2025-02-18,2025,3,Mar
ORD004648,2025-07-30,CUST01370,PROD0026,2,0.25,244.93,367.4,298.23,69.17,Debit Card,Delivered,3.0,Men Product 26,Fashion,Men,225.85,Customer 1370,Central,Indore,2024-11-02,2025,7,Jul
ORD004649,2025-03-18,CUST00072,PROD0083,2,0.0,44.24,88.48,51.41,37.07,COD,Delivered,4.0,Business Product 83,Books,Business,41.27,Customer 72,South,Kochi,2023-10-09,2025,3,Mar
ORD004650,2025-03-18,CUST00270,PROD0108,1,0.1,345.73,311.16,241.61,69.55,Debit Card,Delivered,6.0,Kitchen Product 108,Home & Kitchen,Kitchen,373.49,Customer 270,North,Lucknow,2024-05-02,2025,3,Mar
ORD004651,2025-01-28,CUST00287,PROD0108,1,0.0,393.71,393.71,259.99,133.72,Credit Card,Delivered,4.0,Kitchen Product 108,Home & Kitchen,Kitchen,373.49,Customer 287,East,Ranchi,2024-03-28,2025,1,Jan
ORD004652,2025-09-02,CUST00066,PROD0111,1,0.0,65.85,65.85,48.47,17.38,Debit Card,Delivered,5.0,Fiction Product 111,Books,Fiction,64.59,Customer 66,East,Kolkata,2023-09-13,2025,9,Sep
ORD004653,2025-03-07,CUST00880,PROD0060,4,0.1,126.48,455.33,339.87,115.46,Credit Card,Cancelled,,Outdoor Product 60,Sports,Outdoor,122.23,Customer 880,East,Kolkata,2023-05-04,2025,3,Mar
ORD004654,2025-09-23,CUST00068,PROD0039,1,0.05,168.2,159.79,104.42,55.37,UPI,Delivered,2.0,Smartphones Product 39,Electronics,Smartphones,169.11,Customer 68,West,Surat,2025-04-03,2025,9,Sep
ORD004655,2025-07-24,CUST01217,PROD0036,1,0.2,399.16,319.33,261.5,57.83,UPI,Delivered,3.0,Furniture Product 36,Home & Kitchen,Furniture,375.57,Customer 1217,Central,Bhopal,2023-11-05,2025,7,Jul
ORD004656,2025-02-27,CUST01079,PROD0021,2,0.05,13.72,26.07,15.77,10.3,Credit Card,Delivered,6.0,Technology Product 21,Books,Technology,13.01,Customer 1079,East,Kolkata,2024-07-26,2025,2,Feb
ORD004657,2025-07-20,CUST00980,PROD0041,1,0.0,404.85,404.85,250.07,154.78,UPI,Delivered,4.0,Accessories Product 41,Electronics,Accessories,390.82,Customer 980,West,Surat,2024-03-12,2025,7,Jul
ORD004658,2025-08-13,CUST01403,PROD0118,2,0.1,143.01,257.42,204.42,53.0,UPI,Delivered,3.0,Kitchen Product 118,Home & Kitchen,Kitchen,130.92,Customer 1403,West,Mumbai,2023-06-26,2025,8,Aug
ORD004659,2025-05-22,CUST00974,PROD0048,2,0.15,103.05,175.18,106.62,68.56,UPI,Delivered,4.0,Fragrance Product 48,Beauty,Fragrance,109.58,Customer 974,East,Patna,2024-09-13,2025,5,May
ORD004660,2025-03-25,CUST01192,PROD0026,1,0.0,221.38,221.38,148.66,72.72,COD,Delivered,2.0,Men Product 26,Fashion,Men,225.85,Customer 1192,South,Kochi,2023-06-04,2025,3,Mar
ORD004661,2025-05-23,CUST01433,PROD0063,1,0.1,278.83,250.95,189.71,61.24,UPI,Delivered,4.0,Kitchen Product 63,Home & Kitchen,Kitchen,273.62,Customer 1433,West,Pune,2023-09-30,2025,5,May
ORD004662,2025-12-18,CUST00508,PROD0077,1,0.15,153.47,130.45,100.44,30.01,Credit Card,Cancelled,,Accessories Product 77,Fashion,Accessories,138.05,Customer 508,West,Ahmedabad,2024-01-12,2025,12,Dec
ORD004663,2025-02-02,CUST00837,PROD0036,1,0.0,350.93,350.93,283.94,66.99,COD,Cancelled,,Furniture Product 36,Home & Kitchen,Furniture,375.57,Customer 837,West,Mumbai,2025-01-01,2025,2,Feb
ORD004664,2025-06-01,CUST01126,PROD0024,1,0.2,278.42,222.74,171.4,51.34,Credit Card,Delivered,4.0,Equipment Product 24,Sports,Equipment,281.97,Customer 1126,Central,Kanpur,2024-07-24,2025,6,Jun
ORD004665,2025-06-07,CUST00886,PROD0105,2,0.05,191.24,363.36,284.4,78.96,Credit Card,Delivered,3.0,Fragrance Product 105,Beauty,Fragrance,173.04,Customer 886,North,Jaipur,2024-02-13,2025,6,Jun
ORD004666,2025-05-21,CUST00794,PROD0090,1,0.0,180.87,180.87,146.12,34.75,Debit Card,Delivered,6.0,Outdoor Product 90,Sports,Outdoor,164.49,Customer 794,Central,Nagpur,2025-04-01,2025,5,May
ORD004667,2025-09-08,CUST00422,PROD0021,1,0.1,14.22,12.8,9.12,3.68,UPI,Delivered,2.0,Technology Product 21,Books,Technology,13.01,Customer 422,East,Ranchi,2023-04-18,2025,9,Sep
ORD004668,2025-10-30,CUST00775,PROD0018,1,0.0,216.32,216.32,143.3,73.02,UPI,Delivered,2.0,Furniture Product 18,Home & Kitchen,Furniture,220.36,Customer 775,Central,Indore,2023-04-13,2025,10,Oct
ORD004669,2025-04-22,CUST00478,PROD0015,2,0.1,127.97,230.35,175.71,54.64,Net Banking,Delivered,4.0,Kitchen Product 15,Home & Kitchen,Kitchen,117.47,Customer 478,North,Delhi,2023-03-14,2025,4,Apr
ORD004670,2025-05-24,CUST00926,PROD0079,2,0.1,245.93,442.67,274.12,168.55,UPI,Cancelled,,Appliances Product 79,Home & Kitchen,Appliances,240.86,Customer 926,South,Hyderabad,2024-07-27,2025,5,May
ORD004671,2025-07-28,CUST00120,PROD0006,1,0.0,82.03,82.03,48.92,33.11,Net Banking,Delivered,3.0,Decor Product 6,Home & Kitchen,Decor,78.58,Customer 120,Central,Kanpur,2023-10-17,2025,7,Jul
ORD004672,2025-08-12,CUST01315,PROD0043,1,0.2,49.12,39.3,30.2,9.1,UPI,Delivered,6.0,Skincare Product 43,Beauty,Skincare,50.76,Customer 1315,East,Ranchi,2024-01-06,2025,8,Aug
ORD004673,2025-02-12,CUST00488,PROD0031,1,0.1,269.2,242.28,195.8,46.48,Credit Card,Delivered,4.0,Furniture Product 31,Home & Kitchen,Furniture,253.64,Customer 488,East,Ranchi,2024-01-05,2025,2,Feb
ORD004674,2025-09-21,CUST01185,PROD0028,1,0.1,16.2,14.58,10.0,4.58,Credit Card,Delivered,5.0,Equipment Product 28,Sports,Equipment,16.44,Customer 1185,East,Ranchi,2024-03-14,2025,9,Sep
ORD004675,2025-09-01,CUST00078,PROD0008,2,0.05,457.31,868.89,537.56,331.33,COD,Delivered,6.0,Decor Product 8,Home & Kitchen,Decor,462.5,Customer 78,South,Chennai,2023-10-30,2025,9,Sep
ORD004676,2025-01-03,CUST01062,PROD0029,1,0.0,59.01,59.01,41.26,17.75,Credit Card,Delivered,4.0,Women Product 29,Fashion,Women,56.34,Customer 1062,East,Patna,2024-03-08,2025,1,Jan
ORD004677,2025-05-05,CUST01418,PROD0021,2,0.15,12.59,21.4,14.43,6.97,COD,Delivered,4.0,Technology Product 21,Books,Technology,13.01,Customer 1418,South,Kochi,2024-05-01,2025,5,May
ORD004678,2025-09-25,CUST00441,PROD0081,2,0.15,323.9,550.63,368.59,182.04,Credit Card,Cancelled,,Accessories Product 81,Electronics,Accessories,335.69,Customer 441,Central,Kanpur,2025-01-14,2025,9,Sep
ORD004679,2025-03-25,CUST00462,PROD0120,1,0.0,13.22,13.22,9.66,3.56,Debit Card,Delivered,5.0,Self Help Product 120,Books,Self Help,13.3,Customer 462,South,Hyderabad,2024-09-01,2025,3,Mar
ORD004680,2025-01-16,CUST00612,PROD0113,1,0.1,516.97,465.27,289.37,175.9,Debit Card,Delivered,3.0,Smartphones Product 113,Electronics,Smartphones,480.63,Customer 612,Central,Nagpur,2023-05-09,2025,1,Jan
ORD004681,2025-11-30,CUST01318,PROD0088,3,0.1,78.83,212.84,142.88,69.96,UPI,Delivered,5.0,Accessories Product 88,Fashion,Accessories,81.69,Customer 1318,West,Pune,2023-09-28,2025,11,Nov
ORD004682,2025-02-28,CUST01424,PROD0058,1,0.05,208.97,198.52,156.53,41.99,Debit Card,Delivered,4.0,Footwear Product 58,Fashion,Footwear,193.95,Customer 1424,South,Kochi,2024-09-30,2025,2,Feb
ORD004683,2025-06-26,CUST00917,PROD0060,3,0.15,129.46,330.12,249.28,80.84,UPI,Delivered,4.0,Outdoor Product 60,Sports,Outdoor,122.23,Customer 917,West,Ahmedabad,2025-06-17,2025,6,Jun
ORD004684,2025-03-04,CUST01116,PROD0050,3,0.0,100.3,300.9,178.54,122.36,Credit Card,Delivered,1.0,Smartphones Product 50,Electronics,Smartphones,95.0,Customer 1116,West,Mumbai,2024-07-20,2025,3,Mar
ORD004685,2025-02-18,CUST00609,PROD0100,1,0.0,106.78,106.78,75.1,31.68,Net Banking,Delivered,5.0,Men Product 100,Fashion,Men,105.21,Customer 609,West,Mumbai,2023-03-29,2025,2,Feb
ORD004686,2025-11-03,CUST00006,PROD0031,3,0.0,271.19,813.57,489.7,323.87,COD,Delivered,2.0,Furniture Product 31,Home & Kitchen,Furniture,253.64,Customer 6,Central,Kanpur,2024-10-14,2025,11,Nov
ORD004687,2025-09-03,CUST00681,PROD0047,3,0.05,17.16,48.91,39.61,9.3,Credit Card,Delivered,7.0,Men Product 47,Fashion,Men,18.6,Customer 681,South,Hyderabad,2024-02-18,2025,9,Sep
ORD004688,2025-10-16,CUST00895,PROD0034,3,0.05,103.51,295.0,188.42,106.58,Credit Card,Delivered,2.0,Accessories Product 34,Fashion,Accessories,105.5,Customer 895,North,Lucknow,2025-03-17,2025,10,Oct
ORD004689,2025-10-13,CUST00271,PROD0002,2,0.2,31.55,50.48,40.58,9.9,Credit Card,Delivered,4.0,Decor Product 2,Home & Kitchen,Decor,29.88,Customer 271,Central,Bhopal,2023-03-19,2025,10,Oct
ORD004690,2025-11-28,CUST00811,PROD0106,2,0.15,170.7,290.19,226.4,63.79,Net Banking,Delivered,3.0,Women Product 106,Fashion,Women,152.76,Customer 811,West,Ahmedabad,2024-02-17,2025,11,Nov
ORD004691,2025-01-15,CUST00559,PROD0067,3,0.0,177.63,532.89,379.59,153.3,COD,Delivered,5.0,Furniture Product 67,Home & Kitchen,Furniture,192.97,Customer 559,Central,Indore,2024-05-08,2025,1,Jan
ORD004692,2025-12-04,CUST00099,PROD0094,2,0.15,27.78,47.23,31.21,16.02,Debit Card,Delivered,4.0,Footwear Product 94,Fashion,Footwear,27.18,Customer 99,South,Kochi,2024-09-06,2025,12,Dec
ORD004693,2025-09-12,CUST00526,PROD0072,4,0.1,17.69,63.68,50.05,13.63,UPI,Delivered,4.0,Technology Product 72,Books,Technology,16.01,Customer 526,West,Mumbai,2023-10-26,2025,9,Sep
ORD004694,2025-04-02,CUST00194,PROD0052,2,0.05,63.4,120.46,74.28,46.18,UPI,Delivered,1.0,Self Help Product 52,Books,Self Help,58.02,Customer 194,South,Kochi,2023-09-11,2025,4,Apr
ORD004695,2025-10-06,CUST01181,PROD0007,4,0.0,14.17,56.68,35.32,21.36,UPI,Delivered,7.0,Haircare Product 7,Beauty,Haircare,15.32,Customer 1181,North,Lucknow,2024-12-21,2025,10,Oct
ORD004696,2025-07-25,CUST01139,PROD0076,2,0.0,109.96,219.92,139.41,80.51,Net Banking,Delivered,1.0,Women Product 76,Fashion,Women,107.18,Customer 1139,South,Kochi,2024-02-10,2025,7,Jul
ORD004697,2025-04-04,CUST00396,PROD0019,2,0.0,196.92,393.84,284.92,108.92,COD,Delivered,7.0,Decor Product 19,Home & Kitchen,Decor,213.84,Customer 396,East,Patna,2024-12-31,2025,4,Apr
ORD004698,2025-08-13,CUST00770,PROD0090,1,0.15,177.31,150.71,98.78,51.93,Debit Card,Delivered,4.0,Outdoor Product 90,Sports,Outdoor,164.49,Customer 770,East,Kolkata,2023-11-01,2025,8,Aug
ORD004699,2025-10-28,CUST01024,PROD0092,1,0.1,56.55,50.9,41.61,9.29,COD,Delivered,2.0,Haircare Product 92,Beauty,Haircare,57.6,Customer 1024,Central,Nagpur,2023-11-27,2025,10,Oct
ORD004700,2025-11-14,CUST00880,PROD0015,2,0.2,126.06,201.7,126.43,75.27,UPI,Delivered,4.0,Kitchen Product 15,Home & Kitchen,Kitchen,117.47,Customer 880,East,Kolkata,2023-05-04,2025,11,Nov
ORD004701,2025-07-18,CUST01238,PROD0078,1,0.15,120.53,102.45,79.23,23.22,Credit Card,Delivered,4.0,Fitness Product 78,Sports,Fitness,108.69,Customer 1238,South,Kochi,2025-02-21,2025,7,Jul
ORD004702,2025-09-28,CUST00745,PROD0048,1,0.05,122.21,116.1,70.01,46.09,Credit Card,Delivered,5.0,Fragrance Product 48,Beauty,Fragrance,109.58,Customer 745,South,Bengaluru,2023-11-26,2025,9,Sep
ORD004703,2025-08-22,CUST00683,PROD0014,1,0.15,141.01,119.86,79.69,40.17,Credit Card,Delivered,1.0,Accessories Product 14,Electronics,Accessories,128.33,Customer 683,Central,Indore,2025-06-13,2025,8,Aug
ORD004704,2025-02-15,CUST00015,PROD0003,1,0.0,541.98,541.98,346.06,195.92,Debit Card,Delivered,8.0,Accessories Product 3,Electronics,Accessories,564.08,Customer 15,South,Hyderabad,2024-06-29,2025,2,Feb
ORD004705,2025-03-05,CUST01443,PROD0050,3,0.0,91.1,273.3,222.59,50.71,UPI,Delivered,4.0,Smartphones Product 50,Electronics,Smartphones,95.0,Customer 1443,North,Chandigarh,2024-04-18,2025,3,Mar
ORD004706,2025-08-18,CUST00368,PROD0093,1,0.1,390.26,351.23,205.88,145.35,Debit Card,Delivered,3.0,Appliances Product 93,Home & Kitchen,Appliances,373.4,Customer 368,East,Bhubaneswar,2025-04-01,2025,8,Aug
ORD004707,2025-09-06,CUST00638,PROD0054,2,0.05,98.65,187.44,141.18,46.26,Debit Card,Delivered,4.0,Makeup Product 54,Beauty,Makeup,95.89,Customer 638,South,Bengaluru,2023-11-08,2025,9,Sep
ORD004708,2025-09-03,CUST00853,PROD0006,1,0.05,72.44,68.82,44.01,24.81,Net Banking,Delivered,2.0,Decor Product 6,Home & Kitchen,Decor,78.58,Customer 853,South,Hyderabad,2025-04-30,2025,9,Sep
ORD004709,2025-03-16,CUST01237,PROD0049,2,0.1,408.7,735.66,569.92,165.74,Debit Card,Delivered,2.0,Decor Product 49,Home & Kitchen,Decor,409.38,Customer 1237,Central,Kanpur,2024-07-17,2025,3,Mar
ORD004710,2025-06-06,CUST00700,PROD0023,2,0.2,85.65,137.04,89.72,47.32,UPI,Delivered,2.0,Equipment Product 23,Sports,Equipment,77.77,Customer 700,West,Mumbai,2024-08-19,2025,6,Jun
ORD004711,2025-08-11,CUST00005,PROD0092,1,0.05,63.34,60.17,37.6,22.57,Credit Card,Cancelled,,Haircare Product 92,Beauty,Haircare,57.6,Customer 5,West,Pune,2025-05-25,2025,8,Aug
ORD004712,2025-07-09,CUST00231,PROD0078,1,0.05,104.43,99.21,74.04,25.17,UPI,Delivered,2.0,Fitness Product 78,Sports,Fitness,108.69,Customer 231,North,Lucknow,2024-05-23,2025,7,Jul
ORD004713,2025-02-21,CUST01225,PROD0078,2,0.1,108.3,194.94,125.12,69.82,UPI,Delivered,5.0,Fitness Product 78,Sports,Fitness,108.69,Customer 1225,West,Surat,2024-06-06,2025,2,Feb
ORD004714,2025-03-29,CUST01426,PROD0020,4,0.1,98.52,354.67,247.04,107.63,Credit Card,Delivered,3.0,Skincare Product 20,Beauty,Skincare,95.46,Customer 1426,East,Bhubaneswar,2023-10-03,2025,3,Mar
ORD004715,2025-11-09,CUST01173,PROD0077,1,0.0,150.55,150.55,92.07,58.48,UPI,Cancelled,,Accessories Product 77,Fashion,Accessories,138.05,Customer 1173,East,Kolkata,2024-08-09,2025,11,Nov
ORD004716,2025-12-05,CUST01012,PROD0091,1,0.2,39.44,31.55,23.79,7.76,Credit Card,Delivered,2.0,Technology Product 91,Books,Technology,38.43,Customer 1012,North,Jaipur,2023-02-25,2025,12,Dec
ORD004717,2025-03-07,CUST01250,PROD0060,1,0.1,136.12,122.51,83.02,39.49,Credit Card,Cancelled,,Outdoor Product 60,Sports,Outdoor,122.23,Customer 1250,Central,Kanpur,2025-06-25,2025,3,Mar
ORD004718,2025-05-30,CUST00586,PROD0099,3,0.1,208.26,562.3,345.11,217.19,UPI,Delivered,2.0,Fitness Product 99,Sports,Fitness,192.87,Customer 586,West,Surat,2024-02-24,2025,5,May
ORD004719,2025-01-20,CUST00169,PROD0045,2,0.2,204.46,327.14,247.97,79.17,Credit Card,Delivered,2.0,Kitchen Product 45,Home & Kitchen,Kitchen,184.1,Customer 169,South,Bengaluru,2024-02-15,2025,1,Jan
ORD004720,2025-02-02,CUST00761,PROD0061,2,0.2,93.09,148.94,90.08,58.86,UPI,Delivered,1.0,Outdoor Product 61,Sports,Outdoor,87.3,Customer 761,Central,Nagpur,2023-10-22,2025,2,Feb
ORD004721,2025-11-24,CUST00792,PROD0056,2,0.0,91.91,183.82,131.97,51.85,UPI,Delivered,3.0,Women Product 56,Fashion,Women,83.9,Customer 792,East,Kolkata,2023-05-24,2025,11,Nov
ORD004722,2025-10-08,CUST01000,PROD0002,2,0.0,32.46,64.92,47.12,17.8,UPI,Delivered,7.0,Decor Product 2,Home & Kitchen,Decor,29.88,Customer 1000,Central,Kanpur,2024-02-09,2025,10,Oct
ORD004723,2025-02-15,CUST00152,PROD0105,2,0.15,167.98,285.57,229.39,56.18,UPI,Delivered,6.0,Fragrance Product 105,Beauty,Fragrance,173.04,Customer 152,West,Pune,2023-12-08,2025,2,Feb
ORD004724,2025-03-14,CUST01016,PROD0045,4,0.25,177.82,533.46,328.74,204.72,UPI,Delivered,2.0,Kitchen Product 45,Home & Kitchen,Kitchen,184.1,Customer 1016,North,Chandigarh,2025-01-13,2025,3,Mar
ORD004725,2025-12-20,CUST00224,PROD0040,1,0.1,295.82,266.24,196.17,70.07,UPI,Delivered,1.0,Appliances Product 40,Home & Kitchen,Appliances,270.68,Customer 224,West,Pune,2024-02-27,2025,12,Dec
ORD004726,2025-11-09,CUST00504,PROD0112,2,0.05,207.14,393.57,264.24,129.33,Credit Card,Delivered,5.0,Kitchen Product 112,Home & Kitchen,Kitchen,221.08,Customer 504,North,Delhi,2023-09-05,2025,11,Nov
ORD004727,2025-12-09,CUST00044,PROD0024,1,0.1,282.45,254.2,171.89,82.31,UPI,Delivered,3.0,Equipment Product 24,Sports,Equipment,281.97,Customer 44,South,Kochi,2025-02-07,2025,12,Dec
ORD004728,2025-05-13,CUST00697,PROD0029,1,0.0,61.08,61.08,42.78,18.3,UPI,Delivered,5.0,Women Product 29,Fashion,Women,56.34,Customer 697,West,Mumbai,2024-02-05,2025,5,May
ORD004729,2025-02-24,CUST00504,PROD0067,1,0.25,208.92,156.69,99.67,57.02,Debit Card,Delivered,2.0,Furniture Product 67,Home & Kitchen,Furniture,192.97,Customer 504,North,Delhi,2023-09-05,2025,2,Feb
ORD004730,2025-03-02,CUST01265,PROD0109,3,0.05,43.3,123.4,85.23,38.17,UPI,Delivered,3.0,Fiction Product 109,Books,Fiction,45.69,Customer 1265,West,Ahmedabad,2023-02-05,2025,3,Mar
ORD004731,2025-12-11,CUST00930,PROD0068,1,0.2,99.78,79.82,59.45,20.37,Credit Card,Delivered,1.0,Kitchen Product 68,Home & Kitchen,Kitchen,98.06,Customer 930,South,Chennai,2023-09-26,2025,12,Dec
ORD004732,2025-01-08,CUST00843,PROD0114,2,0.05,558.79,1061.7,732.26,329.44,UPI,Delivered,6.0,Audio Product 114,Electronics,Audio,550.01,Customer 843,West,Surat,2025-04-13,2025,1,Jan
ORD004733,2025-09-29,CUST00351,PROD0066,1,0.2,36.19,28.95,17.09,11.86,COD,Delivered,2.0,Self Help Product 66,Books,Self Help,36.75,Customer 351,East,Bhubaneswar,2023-07-16,2025,9,Sep
ORD004734,2025-09-03,CUST00023,PROD0084,3,0.05,26.1,74.39,47.75,26.64,UPI,Delivered,3.0,Fiction Product 84,Books,Fiction,23.65,Customer 23,Central,Indore,2025-04-14,2025,9,Sep
ORD004735,2025-06-25,CUST00598,PROD0054,2,0.15,100.74,171.26,113.78,57.48,Credit Card,Delivered,3.0,Makeup Product 54,Beauty,Makeup,95.89,Customer 598,Central,Bhopal,2023-05-19,2025,6,Jun
ORD004736,2025-04-26,CUST01067,PROD0053,2,0.25,25.43,38.14,25.37,12.77,UPI,Delivered,3.0,Self Help Product 53,Books,Self Help,22.79,Customer 1067,North,Jaipur,2023-08-23,2025,4,Apr
ORD004737,2025-11-13,CUST00466,PROD0079,4,0.1,224.81,809.32,485.14,324.18,Credit Card,Delivered,1.0,Appliances Product 79,Home & Kitchen,Appliances,240.86,Customer 466,North,Delhi,2024-03-24,2025,11,Nov
ORD004738,2025-09-28,CUST00040,PROD0049,1,0.1,408.92,368.03,253.17,114.86,Credit Card,Delivered,1.0,Decor Product 49,Home & Kitchen,Decor,409.38,Customer 40,North,Lucknow,2023-04-01,2025,9,Sep
ORD004739,2025-07-12,CUST00303,PROD0032,2,0.0,15.36,30.72,22.92,7.8,UPI,Delivered,7.0,Skincare Product 32,Beauty,Skincare,14.13,Customer 303,East,Bhubaneswar,2023-04-05,2025,7,Jul
ORD004740,2025-05-30,CUST00175,PROD0061,3,0.1,87.7,236.79,140.1,96.69,UPI,Delivered,3.0,Outdoor Product 61,Sports,Outdoor,87.3,Customer 175,North,Lucknow,2023-02-16,2025,5,May
ORD004741,2025-05-11,CUST00999,PROD0042,2,0.2,261.83,418.93,318.48,100.45,COD,Cancelled,,Accessories Product 42,Electronics,Accessories,269.27,Customer 999,North,Lucknow,2025-06-11,2025,5,May
ORD004742,2025-04-12,CUST01485,PROD0001,2,0.0,441.39,882.78,714.37,168.41,Net Banking,Delivered,6.0,Kitchen Product 1,Home & Kitchen,Kitchen,394.25,Customer 1485,South,Kochi,2024-11-22,2025,4,Apr
ORD004743,2025-11-06,CUST00621,PROD0063,3,0.15,299.51,763.75,444.69,319.06,Debit Card,Delivered,5.0,Kitchen Product 63,Home & Kitchen,Kitchen,273.62,Customer 621,East,Ranchi,2024-10-06,2025,11,Nov
ORD004744,2025-09-27,CUST01217,PROD0102,3,0.1,53.77,145.18,90.95,54.23,Net Banking,Delivered,4.0,Makeup Product 102,Beauty,Makeup,52.24,Customer 1217,Central,Bhopal,2023-11-05,2025,9,Sep
ORD004745,2025-10-19,CUST00244,PROD0035,3,0.0,32.57,97.71,69.42,28.29,UPI,Delivered,4.0,Footwear Product 35,Fashion,Footwear,31.55,Customer 244,South,Chennai,2023-11-04,2025,10,Oct
ORD004746,2025-07-29,CUST00836,PROD0051,1,0.05,169.07,160.62,101.57,59.05,Debit Card,Delivered,5.0,Furniture Product 51,Home & Kitchen,Furniture,183.5,Customer 836,North,Jaipur,2023-12-01,2025,7,Jul
ORD004747,2025-12-27,CUST00280,PROD0071,3,0.05,36.51,104.05,79.44,24.61,UPI,Delivered,2.0,Footwear Product 71,Fashion,Footwear,32.71,Customer 280,Central,Indore,2023-11-11,2025,12,Dec
ORD004748,2025-12-04,CUST01060,PROD0045,1,0.0,199.06,199.06,130.37,68.69,Credit Card,Delivered,4.0,Kitchen Product 45,Home & Kitchen,Kitchen,184.1,Customer 1060,North,Jaipur,2024-04-06,2025,12,Dec
ORD004749,2025-03-08,CUST00557,PROD0077,2,0.2,128.02,204.83,133.24,71.59,Debit Card,Delivered,2.0,Accessories Product 77,Fashion,Accessories,138.05,Customer 557,South,Bengaluru,2025-02-14,2025,3,Mar
ORD004750,2025-01-10,CUST00898,PROD0113,4,0.15,459.13,1561.04,905.75,655.29,UPI,Delivered,2.0,Smartphones Product 113,Electronics,Smartphones,480.63,Customer 898,East,Kolkata,2024-05-14,2025,1,Jan
ORD004751,2025-02-18,CUST01178,PROD0065,1,0.05,193.83,184.14,118.74,65.4,Debit Card,Delivered,2.0,Women Product 65,Fashion,Women,178.78,Customer 1178,South,Hyderabad,2023-01-08,2025,2,Feb
ORD004752,2025-04-21,CUST01047,PROD0014,2,0.05,120.29,228.55,144.5,84.05,Credit Card,Cancelled,,Accessories Product 14,Electronics,Accessories,128.33,Customer 1047,East,Kolkata,2025-02-19,2025,4,Apr
ORD004753,2025-11-17,CUST00719,PROD0093,1,0.1,413.86,372.47,246.72,125.75,Credit Card,Delivered,6.0,Appliances Product 93,Home & Kitchen,Appliances,373.4,Customer 719,West,Pune,2024-11-04,2025,11,Nov
ORD004754,2025-08-07,CUST00932,PROD0003,2,0.05,631.76,1200.34,738.73,461.61,COD,Delivered,4.0,Accessories Product 3,Electronics,Accessories,564.08,Customer 932,East,Ranchi,2023-02-23,2025,8,Aug
ORD004755,2025-02-26,CUST00091,PROD0110,2,0.0,444.81,889.62,642.94,246.68,Net Banking,Delivered,3.0,Kitchen Product 110,Home & Kitchen,Kitchen,405.37,Customer 91,East,Kolkata,2024-09-19,2025,2,Feb
ORD004756,2025-10-10,CUST00390,PROD0024,4,0.05,301.08,1144.1,729.13,414.97,UPI,Delivered,4.0,Equipment Product 24,Sports,Equipment,281.97,Customer 390,South,Chennai,2023-11-14,2025,10,Oct
ORD004757,2025-04-23,CUST01383,PROD0065,3,0.2,181.9,436.56,340.35,96.21,Credit Card,Delivered,4.0,Women Product 65,Fashion,Women,178.78,Customer 1383,Central,Bhopal,2025-01-27,2025,4,Apr
ORD004758,2025-05-13,CUST00550,PROD0048,4,0.0,102.62,410.48,266.11,144.37,Credit Card,Delivered,4.0,Fragrance Product 48,Beauty,Fragrance,109.58,Customer 550,West,Surat,2024-11-16,2025,5,May
ORD004759,2025-03-12,CUST00931,PROD0010,4,0.05,947.39,3600.08,2270.24,1329.84,UPI,Delivered,4.0,Smartphones Product 10,Electronics,Smartphones,888.66,Customer 931,North,Lucknow,2023-09-24,2025,3,Mar
ORD004760,2025-03-24,CUST01252,PROD0013,3,0.25,768.83,1729.87,1026.89,702.98,Net Banking,Delivered,2.0,Laptops Product 13,Electronics,Laptops,769.31,Customer 1252,East,Patna,2023-07-11,2025,3,Mar
ORD004761,2025-02-26,CUST01226,PROD0100,2,0.0,108.79,217.58,164.83,52.75,UPI,Cancelled,,Men Product 100,Fashion,Men,105.21,Customer 1226,North,Jaipur,2023-04-08,2025,2,Feb
ORD004762,2025-12-15,CUST01374,PROD0073,3,0.2,9.18,22.03,15.46,6.57,UPI,Delivered,1.0,Business Product 73,Books,Business,9.38,Customer 1374,South,Chennai,2024-02-26,2025,12,Dec
ORD004763,2025-09-28,CUST01062,PROD0014,2,0.05,124.28,236.13,143.4,92.73,UPI,Returned,4.0,Accessories Product 14,Electronics,Accessories,128.33,Customer 1062,East,Patna,2024-03-08,2025,9,Sep
ORD004764,2025-04-21,CUST00733,PROD0100,3,0.0,103.62,310.86,196.81,114.05,UPI,Delivered,5.0,Men Product 100,Fashion,Men,105.21,Customer 733,North,Lucknow,2024-01-17,2025,4,Apr
ORD004765,2025-12-23,CUST00500,PROD0010,1,0.0,962.21,962.21,788.72,173.49,UPI,Delivered,2.0,Smartphones Product 10,Electronics,Smartphones,888.66,Customer 500,North,Lucknow,2024-10-05,2025,12,Dec
ORD004766,2025-03-17,CUST01067,PROD0040,1,0.0,272.11,272.11,210.46,61.65,Debit Card,Delivered,2.0,Appliances Product 40,Home & Kitchen,Appliances,270.68,Customer 1067,North,Jaipur,2023-08-23,2025,3,Mar
ORD004767,2025-06-07,CUST00871,PROD0023,4,0.0,76.4,305.6,202.91,102.69,Credit Card,Delivered,7.0,Equipment Product 23,Sports,Equipment,77.77,Customer 871,East,Patna,2024-02-18,2025,6,Jun
ORD004768,2025-01-20,CUST00517,PROD0099,2,0.0,194.14,388.28,275.76,112.52,Credit Card,Delivered,5.0,Fitness Product 99,Sports,Fitness,192.87,Customer 517,North,Chandigarh,2023-05-31,2025,1,Jan
ORD004769,2025-05-11,CUST00068,PROD0055,1,0.05,266.53,253.2,172.14,81.06,UPI,Delivered,3.0,Fitness Product 55,Sports,Fitness,287.69,Customer 68,West,Surat,2025-04-03,2025,5,May
ORD004770,2025-11-25,CUST00123,PROD0063,3,0.0,300.47,901.41,530.69,370.72,Credit Card,Delivered,2.0,Kitchen Product 63,Home & Kitchen,Kitchen,273.62,Customer 123,North,Delhi,2023-06-30,2025,11,Nov
ORD004771,2025-05-02,CUST00336,PROD0071,3,0.1,33.7,90.99,69.78,21.21,Credit Card,Delivered,3.0,Footwear Product 71,Fashion,Footwear,32.71,Customer 336,Central,Kanpur,2023-04-07,2025,5,May
ORD004772,2025-02-10,CUST01177,PROD0042,2,0.15,253.37,430.73,323.94,106.79,Credit Card,Delivered,3.0,Accessories Product 42,Electronics,Accessories,269.27,Customer 1177,Central,Nagpur,2024-10-21,2025,2,Feb
ORD004773,2025-06-16,CUST00974,PROD0099,1,0.2,188.57,150.86,102.3,48.56,UPI,Delivered,5.0,Fitness Product 99,Sports,Fitness,192.87,Customer 974,East,Patna,2024-09-13,2025,6,Jun
ORD004774,2025-05-10,CUST00779,PROD0066,1,0.1,41.04,36.94,28.92,8.02,UPI,Returned,2.0,Self Help Product 66,Books,Self Help,36.75,Customer 779,Central,Kanpur,2024-07-27,2025,5,May
ORD004775,2025-01-23,CUST01186,PROD0079,4,0.2,250.16,800.51,567.03,233.48,UPI,Delivered,4.0,Appliances Product 79,Home & Kitchen,Appliances,240.86,Customer 1186,North,Delhi,2023-05-24,2025,1,Jan
ORD004776,2025-10-06,CUST01238,PROD0073,1,0.0,9.18,9.18,5.47,3.71,Debit Card,Returned,6.0,Business Product 73,Books,Business,9.38,Customer 1238,South,Kochi,2025-02-21,2025,10,Oct
ORD004777,2025-09-08,CUST01400,PROD0047,1,0.0,18.7,18.7,12.01,6.69,UPI,Cancelled,,Men Product 47,Fashion,Men,18.6,Customer 1400,North,Delhi,2025-02-06,2025,9,Sep
ORD004778,2025-01-09,CUST01467,PROD0081,1,0.05,326.19,309.88,214.07,95.81,Credit Card,Delivered,1.0,Accessories Product 81,Electronics,Accessories,335.69,Customer 1467,North,Lucknow,2025-02-19,2025,1,Jan
ORD004779,2025-01-13,CUST00423,PROD0103,1,0.15,36.3,30.85,18.66,12.19,Credit Card,Delivered,5.0,Women Product 103,Fashion,Women,39.19,Customer 423,East,Bhubaneswar,2024-02-07,2025,1,Jan
ORD004780,2025-11-03,CUST00939,PROD0052,2,0.2,63.15,101.04,72.45,28.59,COD,Delivered,4.0,Self Help Product 52,Books,Self Help,58.02,Customer 939,Central,Nagpur,2023-08-25,2025,11,Nov
ORD004781,2025-11-16,CUST00804,PROD0018,4,0.1,215.62,776.23,472.67,303.56,Net Banking,Delivered,2.0,Furniture Product 18,Home & Kitchen,Furniture,220.36,Customer 804,Central,Nagpur,2024-02-29,2025,11,Nov
ORD004782,2025-02-21,CUST00634,PROD0079,1,0.05,261.98,248.88,156.33,92.55,COD,Delivered,4.0,Appliances Product 79,Home & Kitchen,Appliances,240.86,Customer 634,South,Bengaluru,2023-07-15,2025,2,Feb
ORD004783,2025-07-28,CUST01254,PROD0018,2,0.1,223.82,402.88,320.11,82.77,Net Banking,Delivered,5.0,Furniture Product 18,Home & Kitchen,Furniture,220.36,Customer 1254,Central,Bhopal,2023-04-03,2025,7,Jul
ORD004784,2025-02-07,CUST01083,PROD0024,1,0.0,269.73,269.73,221.17,48.56,Credit Card,Delivered,2.0,Equipment Product 24,Sports,Equipment,281.97,Customer 1083,Central,Nagpur,2024-11-13,2025,2,Feb
ORD004785,2025-04-10,CUST00096,PROD0023,1,0.1,84.02,75.62,53.85,21.77,Net Banking,Delivered,2.0,Equipment Product 23,Sports,Equipment,77.77,Customer 96,South,Bengaluru,2024-01-03,2025,4,Apr
ORD004786,2025-07-12,CUST01286,PROD0012,4,0.1,302.61,1089.4,793.86,295.54,Credit Card,Delivered,2.0,Audio Product 12,Electronics,Audio,304.0,Customer 1286,North,Delhi,2024-03-28,2025,7,Jul
ORD004787,2025-07-10,CUST00354,PROD0023,2,0.0,82.56,165.12,127.37,37.75,UPI,Delivered,8.0,Equipment Product 23,Sports,Equipment,77.77,Customer 354,West,Mumbai,2024-07-12,2025,7,Jul
ORD004788,2025-02-20,CUST01336,PROD0021,4,0.0,14.15,56.6,42.28,14.32,UPI,Delivered,2.0,Technology Product 21,Books,Technology,13.01,Customer 1336,North,Delhi,2024-03-03,2025,2,Feb
ORD004789,2025-05-21,CUST01160,PROD0064,1,0.15,552.54,469.66,292.97,176.69,Credit Card,Cancelled,,Decor Product 64,Home & Kitchen,Decor,496.62,Customer 1160,East,Ranchi,2024-10-04,2025,5,May
ORD004790,2025-06-17,CUST00967,PROD0090,3,0.1,154.15,416.21,282.52,133.69,Net Banking,Delivered,1.0,Outdoor Product 90,Sports,Outdoor,164.49,Customer 967,North,Jaipur,2024-11-08,2025,6,Jun
ORD004791,2025-11-07,CUST00923,PROD0072,2,0.05,14.76,28.04,19.86,8.18,UPI,Delivered,8.0,Technology Product 72,Books,Technology,16.01,Customer 923,East,Ranchi,2024-04-29,2025,11,Nov
ORD004792,2025-04-19,CUST00473,PROD0094,4,0.05,27.99,106.36,70.87,35.49,UPI,Delivered,2.0,Footwear Product 94,Fashion,Footwear,27.18,Customer 473,Central,Indore,2023-06-13,2025,4,Apr
ORD004793,2025-07-26,CUST00430,PROD0034,2,0.25,102.64,153.96,95.8,58.16,Net Banking,Delivered,4.0,Accessories Product 34,Fashion,Accessories,105.5,Customer 430,East,Kolkata,2025-03-12,2025,7,Jul
ORD004794,2025-10-27,CUST00975,PROD0002,4,0.05,30.29,115.1,87.09,28.01,Debit Card,Delivered,1.0,Decor Product 2,Home & Kitchen,Decor,29.88,Customer 975,North,Lucknow,2025-02-19,2025,10,Oct
ORD004795,2025-04-20,CUST00537,PROD0069,1,0.0,135.15,135.15,84.84,50.31,Net Banking,Delivered,5.0,Women Product 69,Fashion,Women,144.62,Customer 537,North,Jaipur,2024-08-28,2025,4,Apr
ORD004796,2025-07-15,CUST01170,PROD0031,4,0.1,258.79,931.64,598.59,333.05,COD,Delivered,5.0,Furniture Product 31,Home & Kitchen,Furniture,253.64,Customer 1170,East,Kolkata,2025-03-14,2025,7,Jul
ORD004797,2025-06-01,CUST00087,PROD0097,4,0.1,56.07,201.85,130.95,70.9,UPI,Delivered,2.0,Self Help Product 97,Books,Self Help,59.33,Customer 87,South,Hyderabad,2025-05-23,2025,6,Jun
ORD004798,2025-08-31,CUST00109,PROD0118,1,0.0,142.4,142.4,88.12,54.28,UPI,Delivered,2.0,Kitchen Product 118,Home & Kitchen,Kitchen,130.92,Customer 109,East,Patna,2024-12-07,2025,8,Aug
ORD004799,2025-05-08,CUST01447,PROD0068,3,0.05,105.11,299.56,234.82,64.74,UPI,Delivered,3.0,Kitchen Product 68,Home & Kitchen,Kitchen,98.06,Customer 1447,Central,Kanpur,2023-08-17,2025,5,May
ORD004800,2025-04-15,CUST01369,PROD0070,1,0.05,97.7,92.82,67.44,25.38,Net Banking,Delivered,3.0,Footwear Product 70,Fashion,Footwear,104.51,Customer 1369,East,Kolkata,2025-04-24,2025,4,Apr
ORD004801,2025-01-10,CUST01290,PROD0087,2,0.1,197.34,355.21,277.18,78.03,UPI,Delivered,5.0,Equipment Product 87,Sports,Equipment,181.5,Customer 1290,West,Surat,2024-02-28,2025,1,Jan
ORD004802,2025-12-22,CUST00994,PROD0109,3,0.05,45.0,128.25,89.58,38.67,UPI,Delivered,1.0,Fiction Product 109,Books,Fiction,45.69,Customer 994,Central,Kanpur,2025-02-07,2025,12,Dec
ORD004803,2025-05-28,CUST01357,PROD0019,1,0.1,211.82,190.64,134.34,56.3,UPI,Delivered,4.0,Decor Product 19,Home & Kitchen,Decor,213.84,Customer 1357,Central,Kanpur,2023-08-17,2025,5,May
ORD004804,2025-12-31,CUST00822,PROD0107,1,0.2,191.8,153.44,111.69,41.75,UPI,Delivered,2.0,Equipment Product 107,Sports,Equipment,200.64,Customer 822,West,Pune,2024-10-19,2025,12,Dec
ORD004805,2025-12-30,CUST01437,PROD0109,3,0.2,49.67,119.21,79.75,39.46,UPI,Delivered,3.0,Fiction Product 109,Books,Fiction,45.69,Customer 1437,Central,Bhopal,2023-04-19,2025,12,Dec
ORD004806,2025-05-20,CUST00937,PROD0072,1,0.1,16.03,14.43,10.09,4.34,Net Banking,Delivered,1.0,Technology Product 72,Books,Technology,16.01,Customer 937,West,Pune,2025-04-04,2025,5,May
ORD004807,2025-07-09,CUST01005,PROD0103,1,0.1,36.44,32.8,23.33,9.47,Debit Card,Delivered,3.0,Women Product 103,Fashion,Women,39.19,Customer 1005,East,Patna,2025-04-07,2025,7,Jul
ORD004808,2025-04-04,CUST00649,PROD0013,4,0.15,856.43,2911.86,2355.26,556.6,Net Banking,Delivered,2.0,Laptops Product 13,Electronics,Laptops,769.31,Customer 649,West,Ahmedabad,2025-01-18,2025,4,Apr
ORD004809,2025-08-17,CUST00191,PROD0065,2,0.15,173.63,295.17,233.74,61.43,Credit Card,Delivered,3.0,Women Product 65,Fashion,Women,178.78,Customer 191,South,Kochi,2024-03-18,2025,8,Aug
ORD004810,2025-03-04,CUST00933,PROD0006,3,0.15,87.01,221.88,135.57,86.31,Credit Card,Delivered,2.0,Decor Product 6,Home & Kitchen,Decor,78.58,Customer 933,South,Hyderabad,2024-06-11,2025,3,Mar
ORD004811,2025-12-06,CUST00142,PROD0071,3,0.0,32.06,96.18,56.74,39.44,Credit Card,Delivered,5.0,Footwear Product 71,Fashion,Footwear,32.71,Customer 142,North,Lucknow,2024-10-11,2025,12,Dec
ORD004812,2025-01-25,CUST01097,PROD0112,1,0.0,240.16,240.16,178.51,61.65,Credit Card,Delivered,6.0,Kitchen Product 112,Home & Kitchen,Kitchen,221.08,Customer 1097,Central,Kanpur,2023-07-10,2025,1,Jan
ORD004813,2025-09-25,CUST00840,PROD0027,1,0.25,453.82,340.36,201.43,138.93,UPI,Delivered,5.0,Decor Product 27,Home & Kitchen,Decor,431.04,Customer 840,East,Bhubaneswar,2023-02-18,2025,9,Sep
ORD004814,2025-10-08,CUST01191,PROD0079,2,0.25,263.08,394.62,234.6,160.02,Debit Card,Cancelled,,Appliances Product 79,Home & Kitchen,Appliances,240.86,Customer 1191,North,Delhi,2023-08-27,2025,10,Oct
ORD004815,2025-01-11,CUST00168,PROD0052,1,0.1,64.71,58.24,36.01,22.23,Credit Card,Delivered,6.0,Self Help Product 52,Books,Self Help,58.02,Customer 168,Central,Bhopal,2023-04-22,2025,1,Jan
ORD004816,2025-11-16,CUST00566,PROD0098,1,0.25,134.69,101.02,67.12,33.9,UPI,Delivered,3.0,Fragrance Product 98,Beauty,Fragrance,123.08,Customer 566,East,Bhubaneswar,2025-05-06,2025,11,Nov
ORD004817,2025-07-20,CUST01283,PROD0087,3,0.15,181.63,463.16,316.99,146.17,UPI,Cancelled,,Equipment Product 87,Sports,Equipment,181.5,Customer 1283,South,Kochi,2023-10-29,2025,7,Jul
ORD004818,2025-05-06,CUST01463,PROD0048,2,0.1,118.66,213.59,150.51,63.08,UPI,Delivered,4.0,Fragrance Product 48,Beauty,Fragrance,109.58,Customer 1463,West,Surat,2025-01-02,2025,5,May
ORD004819,2025-11-02,CUST01135,PROD0113,2,0.05,510.59,970.12,793.7,176.42,UPI,Delivered,3.0,Smartphones Product 113,Electronics,Smartphones,480.63,Customer 1135,Central,Bhopal,2023-09-17,2025,11,Nov
ORD004820,2025-07-09,CUST00744,PROD0088,4,0.1,76.16,274.18,184.37,89.81,UPI,Delivered,7.0,Accessories Product 88,Fashion,Accessories,81.69,Customer 744,East,Ranchi,2023-07-14,2025,7,Jul
ORD004821,2025-03-30,CUST00673,PROD0079,3,0.1,266.38,719.23,459.06,260.17,UPI,Delivered,3.0,Appliances Product 79,Home & Kitchen,Appliances,240.86,Customer 673,Central,Indore,2024-02-29,2025,3,Mar
ORD004822,2025-12-21,CUST00864,PROD0099,4,0.25,195.41,586.23,420.95,165.28,UPI,Delivered,5.0,Fitness Product 99,Sports,Fitness,192.87,Customer 864,East,Patna,2025-06-02,2025,12,Dec
ORD004823,2025-04-26,CUST00839,PROD0068,1,0.1,92.85,83.56,52.78,30.78,Credit Card,Delivered,4.0,Kitchen Product 68,Home & Kitchen,Kitchen,98.06,Customer 839,South,Bengaluru,2025-04-04,2025,4,Apr
ORD004824,2025-12-18,CUST00531,PROD0044,1,0.15,23.48,19.96,16.08,3.88,COD,Delivered,7.0,Business Product 44,Books,Business,23.36,Customer 531,East,Kolkata,2025-04-09,2025,12,Dec
ORD004825,2025-06-26,CUST01314,PROD0101,3,0.15,336.01,856.83,550.27,306.56,UPI,Delivered,5.0,Laptops Product 101,Electronics,Laptops,322.89,Customer 1314,Central,Kanpur,2024-06-13,2025,6,Jun
ORD004826,2025-01-14,CUST00974,PROD0017,1,0.0,15.67,15.67,12.81,2.86,UPI,Delivered,3.0,Equipment Product 17,Sports,Equipment,15.15,Customer 974,East,Patna,2024-09-13,2025,1,Jan
ORD004827,2025-09-14,CUST00562,PROD0095,1,0.0,38.65,38.65,26.3,12.35,Credit Card,Delivered,2.0,Business Product 95,Books,Business,37.34,Customer 562,East,Ranchi,2023-03-14,2025,9,Sep
ORD004828,2025-07-28,CUST00175,PROD0038,1,0.1,702.5,632.25,490.02,142.23,Debit Card,Delivered,5.0,Laptops Product 38,Electronics,Laptops,723.36,Customer 175,North,Lucknow,2023-02-16,2025,7,Jul
ORD004829,2025-10-08,CUST00302,PROD0010,1,0.05,930.02,883.52,649.91,233.61,Credit Card,Delivered,6.0,Smartphones Product 10,Electronics,Smartphones,888.66,Customer 302,East,Patna,2024-10-21,2025,10,Oct
ORD004830,2025-11-24,CUST00185,PROD0054,3,0.1,105.62,285.17,229.29,55.88,Credit Card,Cancelled,,Makeup Product 54,Beauty,Makeup,95.89,Customer 185,West,Surat,2025-01-22,2025,11,Nov
ORD004831,2025-11-21,CUST01363,PROD0114,4,0.0,548.76,2195.04,1602.6,592.44,Debit Card,Delivered,5.0,Audio Product 114,Electronics,Audio,550.01,Customer 1363,East,Bhubaneswar,2024-08-29,2025,11,Nov
ORD004832,2025-04-15,CUST00510,PROD0091,3,0.05,40.2,114.57,82.43,32.14,Net Banking,Delivered,3.0,Technology Product 91,Books,Technology,38.43,Customer 510,South,Chennai,2023-06-19,2025,4,Apr
ORD004833,2025-05-27,CUST00819,PROD0106,1,0.0,147.99,147.99,109.02,38.97,COD,Delivered,3.0,Women Product 106,Fashion,Women,152.76,Customer 819,South,Chennai,2024-06-25,2025,5,May
ORD004834,2025-10-06,CUST01334,PROD0006,1,0.05,73.05,69.4,53.35,16.05,Credit Card,Delivered,6.0,Decor Product 6,Home & Kitchen,Decor,78.58,Customer 1334,Central,Bhopal,2024-03-22,2025,10,Oct
ORD004835,2025-01-09,CUST01370,PROD0120,2,0.0,13.79,27.58,21.95,5.63,COD,Delivered,2.0,Self Help Product 120,Books,Self Help,13.3,Customer 1370,Central,Indore,2024-11-02,2025,1,Jan
ORD004836,2025-04-28,CUST01105,PROD0006,3,0.25,73.04,164.34,105.84,58.5,Debit Card,Delivered,3.0,Decor Product 6,Home & Kitchen,Decor,78.58,Customer 1105,East,Kolkata,2025-01-27,2025,4,Apr
ORD004837,2025-04-04,CUST01398,PROD0052,1,0.05,61.77,58.68,36.86,21.82,Debit Card,Delivered,3.0,Self Help Product 52,Books,Self Help,58.02,Customer 1398,North,Jaipur,2025-06-24,2025,4,Apr
ORD004838,2025-05-24,CUST00156,PROD0015,4,0.2,123.82,396.22,233.07,163.15,Debit Card,Cancelled,,Kitchen Product 15,Home & Kitchen,Kitchen,117.47,Customer 156,Central,Nagpur,2024-05-25,2025,5,May
ORD004839,2025-10-16,CUST00787,PROD0068,4,0.25,97.46,292.38,195.55,96.83,COD,Delivered,4.0,Kitchen Product 68,Home & Kitchen,Kitchen,98.06,Customer 787,West,Ahmedabad,2024-06-24,2025,10,Oct
ORD004840,2025-01-14,CUST00795,PROD0057,2,0.2,30.99,49.58,38.83,10.75,COD,Delivered,4.0,Fitness Product 57,Sports,Fitness,30.92,Customer 795,Central,Bhopal,2024-10-29,2025,1,Jan
ORD004841,2025-09-14,CUST00432,PROD0112,2,0.1,243.97,439.15,262.07,177.08,UPI,Delivered,3.0,Kitchen Product 112,Home & Kitchen,Kitchen,221.08,Customer 432,East,Bhubaneswar,2023-05-14,2025,9,Sep
ORD004842,2025-12-12,CUST00761,PROD0118,1,0.15,120.79,102.67,72.82,29.85,Credit Card,Delivered,2.0,Kitchen Product 118,Home & Kitchen,Kitchen,130.92,Customer 761,Central,Nagpur,2023-10-22,2025,12,Dec
ORD004843,2025-07-05,CUST00147,PROD0056,1,0.0,86.64,86.64,64.7,21.94,COD,Delivered,5.0,Women Product 56,Fashion,Women,83.9,Customer 147,North,Chandigarh,2023-11-13,2025,7,Jul
ORD004844,2025-12-11,CUST00481,PROD0104,2,0.0,76.08,152.16,118.81,33.35,Credit Card,Delivered,8.0,Footwear Product 104,Fashion,Footwear,68.87,Customer 481,South,Hyderabad,2024-09-09,2025,12,Dec
ORD004845,2025-07-26,CUST00435,PROD0007,4,0.2,16.89,54.05,38.92,15.13,UPI,Delivered,2.0,Haircare Product 7,Beauty,Haircare,15.32,Customer 435,East,Kolkata,2025-02-16,2025,7,Jul
ORD004846,2025-12-12,CUST00069,PROD0051,1,0.0,190.28,190.28,118.87,71.41,UPI,Delivered,1.0,Furniture Product 51,Home & Kitchen,Furniture,183.5,Customer 69,Central,Nagpur,2024-10-22,2025,12,Dec
ORD004847,2025-06-21,CUST00875,PROD0058,3,0.25,193.22,434.74,352.79,81.95,Credit Card,Delivered,5.0,Footwear Product 58,Fashion,Footwear,193.95,Customer 875,Central,Indore,2023-09-13,2025,6,Jun
ORD004848,2025-09-27,CUST00186,PROD0113,1,0.1,451.69,406.52,245.02,161.5,Debit Card,Delivered,3.0,Smartphones Product 113,Electronics,Smartphones,480.63,Customer 186,North,Chandigarh,2023-09-29,2025,9,Sep
ORD004849,2025-08-09,CUST00904,PROD0117,2,0.05,260.42,494.8,378.3,116.5,UPI,Delivered,2.0,Furniture Product 117,Home & Kitchen,Furniture,272.76,Customer 904,Central,Nagpur,2023-02-13,2025,8,Aug
ORD004850,2025-06-01,CUST00682,PROD0064,4,0.0,524.4,2097.6,1260.18,837.42,Debit Card,Delivered,4.0,Decor Product 64,Home & Kitchen,Decor,496.62,Customer 682,West,Surat,2025-04-04,2025,6,Jun
ORD004851,2025-04-21,CUST00204,PROD0109,1,0.15,42.19,35.86,22.03,13.83,Net Banking,Delivered,4.0,Fiction Product 109,Books,Fiction,45.69,Customer 204,East,Bhubaneswar,2024-03-11,2025,4,Apr
ORD004852,2025-07-02,CUST00554,PROD0111,1,0.1,70.84,63.76,50.73,13.03,UPI,Delivered,2.0,Fiction Product 111,Books,Fiction,64.59,Customer 554,East,Patna,2025-06-06,2025,7,Jul
ORD004853,2025-12-05,CUST00013,PROD0026,1,0.15,234.34,199.19,151.53,47.66,UPI,Delivered,8.0,Men Product 26,Fashion,Men,225.85,Customer 13,East,Bhubaneswar,2023-09-04,2025,12,Dec
ORD004854,2025-03-13,CUST00666,PROD0058,2,0.05,180.19,342.36,228.6,113.76,Net Banking,Delivered,3.0,Footwear Product 58,Fashion,Footwear,193.95,Customer 666,North,Delhi,2025-04-08,2025,3,Mar
ORD004855,2025-10-10,CUST01298,PROD0031,4,0.0,245.51,982.04,720.12,261.92,COD,Delivered,3.0,Furniture Product 31,Home & Kitchen,Furniture,253.64,Customer 1298,West,Mumbai,2023-05-25,2025,10,Oct
ORD004856,2025-03-15,CUST01322,PROD0066,2,0.05,38.18,72.54,50.03,22.51,UPI,Cancelled,,Self Help Product 66,Books,Self Help,36.75,Customer 1322,East,Ranchi,2024-06-08,2025,3,Mar
ORD004857,2025-12-21,CUST00051,PROD0092,3,0.05,53.4,152.19,90.7,61.49,Debit Card,Delivered,5.0,Haircare Product 92,Beauty,Haircare,57.6,Customer 51,Central,Bhopal,2023-09-23,2025,12,Dec
ORD004858,2025-08-03,CUST00500,PROD0106,2,0.0,164.37,328.74,247.56,81.18,Credit Card,Delivered,6.0,Women Product 106,Fashion,Women,152.76,Customer 500,North,Lucknow,2024-10-05,2025,8,Aug
ORD004859,2025-11-24,CUST00369,PROD0013,1,0.0,849.31,849.31,648.18,201.13,UPI,Delivered,3.0,Laptops Product 13,Electronics,Laptops,769.31,Customer 369,East,Ranchi,2024-04-21,2025,11,Nov
ORD004860,2025-01-23,CUST00724,PROD0018,4,0.05,245.09,931.34,737.4,193.94,Net Banking,Returned,2.0,Furniture Product 18,Home & Kitchen,Furniture,220.36,Customer 724,Central,Kanpur,2023-07-25,2025,1,Jan
ORD004861,2025-03-09,CUST00357,PROD0094,4,0.15,28.99,98.57,69.96,28.61,Credit Card,Delivered,2.0,Footwear Product 94,Fashion,Footwear,27.18,Customer 357,Central,Indore,2023-10-16,2025,3,Mar
ORD004862,2025-12-28,CUST01027,PROD0119,1,0.1,563.76,507.38,376.25,131.13,Debit Card,Delivered,2.0,Smartphones Product 119,Electronics,Smartphones,516.56,Customer 1027,South,Hyderabad,2025-02-06,2025,12,Dec
ORD004863,2025-04-03,CUST01278,PROD0075,1,0.0,231.21,231.21,158.41,72.8,UPI,Delivered,4.0,Decor Product 75,Home & Kitchen,Decor,221.86,Customer 1278,North,Lucknow,2025-02-28,2025,4,Apr
ORD004864,2025-11-17,CUST01499,PROD0013,1,0.1,778.32,700.49,459.9,240.59,Net Banking,Delivered,5.0,Laptops Product 13,Electronics,Laptops,769.31,Customer 1499,North,Jaipur,2025-03-10,2025,11,Nov
ORD004865,2025-11-20,CUST00847,PROD0115,1,0.1,384.38,345.94,234.83,111.11,UPI,Delivered,3.0,Smartphones Product 115,Electronics,Smartphones,361.73,Customer 847,South,Hyderabad,2024-06-15,2025,11,Nov
ORD004866,2025-03-04,CUST00256,PROD0024,2,0.1,272.05,489.69,391.17,98.52,UPI,Delivered,7.0,Equipment Product 24,Sports,Equipment,281.97,Customer 256,South,Hyderabad,2023-03-06,2025,3,Mar
ORD004867,2025-08-12,CUST01174,PROD0057,4,0.1,29.13,104.87,64.96,39.91,Credit Card,Cancelled,,Fitness Product 57,Sports,Fitness,30.92,Customer 1174,East,Bhubaneswar,2025-05-25,2025,8,Aug
ORD004868,2025-08-13,CUST00279,PROD0029,2,0.05,60.42,114.8,73.43,41.37,UPI,Delivered,3.0,Women Product 29,Fashion,Women,56.34,Customer 279,East,Patna,2024-12-28,2025,8,Aug
ORD004869,2025-12-12,CUST01083,PROD0056,1,0.0,93.27,93.27,67.67,25.6,Net Banking,Delivered,2.0,Women Product 56,Fashion,Women,83.9,Customer 1083,Central,Nagpur,2024-11-13,2025,12,Dec
ORD004870,2025-12-03,CUST00446,PROD0054,3,0.05,99.29,282.98,172.03,110.95,UPI,Delivered,3.0,Makeup Product 54,Beauty,Makeup,95.89,Customer 446,South,Bengaluru,2023-09-15,2025,12,Dec
ORD004871,2025-04-13,CUST00113,PROD0005,1,0.05,240.32,228.3,181.28,47.02,Credit Card,Delivered,3.0,Men Product 5,Fashion,Men,236.42,Customer 113,South,Kochi,2023-02-09,2025,4,Apr
ORD004872,2025-08-03,CUST00836,PROD0035,3,0.1,32.4,87.48,51.73,35.75,Net Banking,Delivered,4.0,Footwear Product 35,Fashion,Footwear,31.55,Customer 836,North,Jaipur,2023-12-01,2025,8,Aug
ORD004873,2025-07-11,CUST00755,PROD0019,1,0.2,217.2,173.76,132.28,41.48,Credit Card,Delivered,4.0,Decor Product 19,Home & Kitchen,Decor,213.84,Customer 755,North,Delhi,2023-07-24,2025,7,Jul
ORD004874,2025-06-09,CUST01431,PROD0055,1,0.05,290.12,275.61,184.57,91.04,UPI,Delivered,3.0,Fitness Product 55,Sports,Fitness,287.69,Customer 1431,South,Bengaluru,2025-06-15,2025,6,Jun
ORD004875,2025-07-26,CUST00367,PROD0077,1,0.15,153.15,130.18,77.1,53.08,Net Banking,Delivered,1.0,Accessories Product 77,Fashion,Accessories,138.05,Customer 367,Central,Indore,2023-05-08,2025,7,Jul
ORD004876,2025-09-26,CUST01084,PROD0069,1,0.15,146.93,124.89,97.7,27.19,Credit Card,Delivered,5.0,Women Product 69,Fashion,Women,144.62,Customer 1084,Central,Nagpur,2024-03-25,2025,9,Sep
ORD004877,2025-07-13,CUST00329,PROD0044,1,0.0,21.87,21.87,16.05,5.82,UPI,Delivered,5.0,Business Product 44,Books,Business,23.36,Customer 329,West,Ahmedabad,2024-07-18,2025,7,Jul
ORD004878,2025-06-01,CUST00728,PROD0078,1,0.2,116.64,93.31,54.32,38.99,UPI,Delivered,6.0,Fitness Product 78,Sports,Fitness,108.69,Customer 728,South,Chennai,2025-01-27,2025,6,Jun
ORD004879,2025-08-25,CUST01493,PROD0038,2,0.0,722.14,1444.28,930.42,513.86,Credit Card,Delivered,7.0,Laptops Product 38,Electronics,Laptops,723.36,Customer 1493,West,Surat,2023-02-13,2025,8,Aug
ORD004880,2025-03-29,CUST01006,PROD0062,2,0.2,177.97,284.75,189.21,95.54,Debit Card,Delivered,2.0,Accessories Product 62,Fashion,Accessories,167.56,Customer 1006,South,Bengaluru,2023-04-30,2025,3,Mar
ORD004881,2025-01-11,CUST00720,PROD0022,2,0.0,203.6,407.2,267.7,139.5,Credit Card,Delivered,3.0,Kitchen Product 22,Home & Kitchen,Kitchen,196.54,Customer 720,North,Chandigarh,2024-12-13,2025,1,Jan
ORD004882,2025-07-06,CUST01087,PROD0073,1,0.05,9.97,9.47,6.63,2.84,UPI,Cancelled,,Business Product 73,Books,Business,9.38,Customer 1087,Central,Indore,2024-10-26,2025,7,Jul
ORD004883,2025-08-02,CUST00184,PROD0113,1,0.1,448.14,403.33,284.93,118.4,Credit Card,Delivered,6.0,Smartphones Product 113,Electronics,Smartphones,480.63,Customer 184,South,Kochi,2024-10-22,2025,8,Aug
ORD004884,2025-01-15,CUST01023,PROD0040,1,0.2,250.86,200.69,135.51,65.18,UPI,Delivered,1.0,Appliances Product 40,Home & Kitchen,Appliances,270.68,Customer 1023,Central,Bhopal,2023-09-21,2025,1,Jan
ORD004885,2025-09-23,CUST00311,PROD0026,1,0.05,224.88,213.64,140.92,72.72,UPI,Delivered,3.0,Men Product 26,Fashion,Men,225.85,Customer 311,West,Pune,2023-11-09,2025,9,Sep
ORD004886,2025-10-24,CUST00177,PROD0109,2,0.15,48.37,82.23,57.65,24.58,COD,Delivered,2.0,Fiction Product 109,Books,Fiction,45.69,Customer 177,West,Mumbai,2025-01-09,2025,10,Oct
ORD004887,2025-03-14,CUST01453,PROD0005,2,0.15,228.08,387.74,228.02,159.72,UPI,Delivered,5.0,Men Product 5,Fashion,Men,236.42,Customer 1453,South,Kochi,2025-06-05,2025,3,Mar
ORD004888,2025-02-21,CUST01097,PROD0093,1,0.0,375.89,375.89,276.22,99.67,UPI,Delivered,5.0,Appliances Product 93,Home & Kitchen,Appliances,373.4,Customer 1097,Central,Kanpur,2023-07-10,2025,2,Feb
ORD004889,2025-05-08,CUST00847,PROD0054,1,0.1,107.03,96.33,69.88,26.45,Net Banking,Delivered,5.0,Makeup Product 54,Beauty,Makeup,95.89,Customer 847,South,Hyderabad,2024-06-15,2025,5,May
ORD004890,2025-01-28,CUST01191,PROD0086,1,0.1,347.97,313.17,202.62,110.55,UPI,Delivered,3.0,Audio Product 86,Electronics,Audio,361.35,Customer 1191,North,Delhi,2023-08-27,2025,1,Jan
ORD004891,2025-03-06,CUST01249,PROD0049,1,0.05,446.06,423.76,264.04,159.72,Credit Card,Delivered,3.0,Decor Product 49,Home & Kitchen,Decor,409.38,Customer 1249,Central,Bhopal,2023-12-26,2025,3,Mar
ORD004892,2025-01-17,CUST00009,PROD0003,1,0.15,612.08,520.27,310.87,209.4,Net Banking,Delivered,3.0,Accessories Product 3,Electronics,Accessories,564.08,Customer 9,South,Hyderabad,2025-01-09,2025,1,Jan
ORD004893,2025-12-17,CUST00236,PROD0092,1,0.2,63.26,50.61,36.49,14.12,UPI,Delivered,3.0,Haircare Product 92,Beauty,Haircare,57.6,Customer 236,South,Chennai,2025-02-01,2025,12,Dec
ORD004894,2025-05-18,CUST00710,PROD0038,2,0.15,797.89,1356.41,971.92,384.49,Net Banking,Delivered,8.0,Laptops Product 38,Electronics,Laptops,723.36,Customer 710,South,Bengaluru,2024-02-18,2025,5,May
ORD004895,2025-11-15,CUST00924,PROD0014,1,0.25,131.08,98.31,69.6,28.71,Debit Card,Delivered,1.0,Accessories Product 14,Electronics,Accessories,128.33,Customer 924,West,Surat,2025-01-26,2025,11,Nov
ORD004896,2025-08-17,CUST00685,PROD0047,1,0.0,19.65,19.65,16.05,3.6,Credit Card,Cancelled,,Men Product 47,Fashion,Men,18.6,Customer 685,East,Patna,2024-04-01,2025,8,Aug
ORD004897,2025-09-11,CUST00794,PROD0014,1,0.0,133.95,133.95,94.78,39.17,UPI,Delivered,5.0,Accessories Product 14,Electronics,Accessories,128.33,Customer 794,Central,Nagpur,2025-04-01,2025,9,Sep
ORD004898,2025-07-29,CUST01052,PROD0107,1,0.2,196.99,157.59,118.7,38.89,COD,Delivered,3.0,Equipment Product 107,Sports,Equipment,200.64,Customer 1052,East,Patna,2024-05-13,2025,7,Jul
ORD004899,2025-10-21,CUST00808,PROD0075,1,0.2,216.53,173.22,105.16,68.06,Credit Card,Delivered,7.0,Decor Product 75,Home & Kitchen,Decor,221.86,Customer 808,Central,Nagpur,2025-01-14,2025,10,Oct
ORD004900,2025-08-19,CUST00027,PROD0073,3,0.0,9.27,27.81,18.13,9.68,Credit Card,Delivered,3.0,Business Product 73,Books,Business,9.38,Customer 27,South,Hyderabad,2024-11-05,2025,8,Aug
ORD004901,2025-08-29,CUST00550,PROD0038,4,0.05,697.1,2648.98,1711.53,937.45,Net Banking,Delivered,5.0,Laptops Product 38,Electronics,Laptops,723.36,Customer 550,West,Surat,2024-11-16,2025,8,Aug
ORD004902,2025-03-11,CUST01220,PROD0064,4,0.15,532.12,1809.21,1299.44,509.77,Credit Card,Delivered,5.0,Decor Product 64,Home & Kitchen,Decor,496.62,Customer 1220,North,Delhi,2025-02-23,2025,3,Mar
ORD004903,2025-04-14,CUST01227,PROD0111,2,0.0,71.88,143.76,94.79,48.97,Credit Card,Delivered,1.0,Fiction Product 111,Books,Fiction,64.59,Customer 1227,South,Kochi,2023-03-12,2025,4,Apr
ORD004904,2025-07-23,CUST00085,PROD0044,3,0.05,25.55,72.82,53.44,19.38,Net Banking,Delivered,3.0,Business Product 44,Books,Business,23.36,Customer 85,West,Ahmedabad,2023-05-12,2025,7,Jul
ORD004905,2025-02-22,CUST01054,PROD0070,1,0.1,100.7,90.63,67.58,23.05,Credit Card,Delivered,3.0,Footwear Product 70,Fashion,Footwear,104.51,Customer 1054,Central,Bhopal,2023-10-31,2025,2,Feb
ORD004906,2025-11-26,CUST00466,PROD0065,2,0.25,166.33,249.5,146.73,102.77,Debit Card,Delivered,3.0,Women Product 65,Fashion,Women,178.78,Customer 466,North,Delhi,2024-03-24,2025,11,Nov
ORD004907,2025-02-23,CUST01123,PROD0025,4,0.15,299.89,1019.63,747.94,271.69,UPI,Delivered,3.0,Kitchen Product 25,Home & Kitchen,Kitchen,279.9,Customer 1123,South,Bengaluru,2024-10-06,2025,2,Feb
ORD004908,2025-10-03,CUST01214,PROD0016,1,0.15,203.46,172.94,105.15,67.79,Debit Card,Delivered,6.0,Women Product 16,Fashion,Women,203.86,Customer 1214,South,Chennai,2023-10-03,2025,10,Oct
ORD004909,2025-12-01,CUST00012,PROD0116,2,0.05,55.85,106.12,73.4,32.72,Credit Card,Delivered,2.0,Men Product 116,Fashion,Men,51.48,Customer 12,West,Mumbai,2025-01-29,2025,12,Dec
ORD004910,2025-01-31,CUST01013,PROD0015,1,0.1,126.38,113.74,85.8,27.94,UPI,Returned,2.0,Kitchen Product 15,Home & Kitchen,Kitchen,117.47,Customer 1013,Central,Nagpur,2024-01-01,2025,1,Jan
ORD004911,2025-05-15,CUST01054,PROD0098,1,0.0,128.63,128.63,96.32,32.31,UPI,Delivered,2.0,Fragrance Product 98,Beauty,Fragrance,123.08,Customer 1054,Central,Bhopal,2023-10-31,2025,5,May
ORD004912,2025-02-27,CUST01062,PROD0081,1,0.25,325.98,244.48,159.39,85.09,Credit Card,Delivered,5.0,Accessories Product 81,Electronics,Accessories,335.69,Customer 1062,East,Patna,2024-03-08,2025,2,Feb
ORD004913,2025-04-15,CUST00572,PROD0003,2,0.1,530.69,955.24,616.48,338.76,Debit Card,Delivered,6.0,Accessories Product 3,Electronics,Accessories,564.08,Customer 572,Central,Kanpur,2024-07-02,2025,4,Apr
ORD004914,2025-09-23,CUST01318,PROD0067,2,0.1,187.28,337.1,231.13,105.97,Credit Card,Delivered,3.0,Furniture Product 67,Home & Kitchen,Furniture,192.97,Customer 1318,West,Pune,2023-09-28,2025,9,Sep
ORD004915,2025-01-10,CUST01384,PROD0037,1,0.2,198.21,158.57,99.15,59.42,Net Banking,Delivered,1.0,Sportswear Product 37,Sports,Sportswear,193.95,Customer 1384,South,Bengaluru,2025-01-07,2025,1,Jan
ORD004916,2025-09-10,CUST00914,PROD0081,1,0.0,374.59,374.59,304.89,69.7,Credit Card,Delivered,2.0,Accessories Product 81,Electronics,Accessories,335.69,Customer 914,North,Delhi,2024-02-05,2025,9,Sep
ORD004917,2025-10-22,CUST00180,PROD0055,3,0.25,268.34,603.76,400.16,203.6,Net Banking,Delivered,2.0,Fitness Product 55,Sports,Fitness,287.69,Customer 180,South,Kochi,2024-05-18,2025,10,Oct
ORD004918,2025-06-05,CUST00797,PROD0113,1,0.05,461.41,438.34,351.34,87.0,UPI,Delivered,4.0,Smartphones Product 113,Electronics,Smartphones,480.63,Customer 797,Central,Bhopal,2024-09-23,2025,6,Jun
ORD004919,2025-06-07,CUST01136,PROD0116,1,0.05,53.82,51.13,40.8,10.33,UPI,Delivered,3.0,Men Product 116,Fashion,Men,51.48,Customer 1136,North,Chandigarh,2023-07-12,2025,6,Jun
ORD004920,2025-02-06,CUST01468,PROD0038,2,0.0,709.52,1419.04,947.3,471.74,UPI,Delivered,6.0,Laptops Product 38,Electronics,Laptops,723.36,Customer 1468,North,Lucknow,2023-06-20,2025,2,Feb
ORD004921,2025-04-29,CUST01045,PROD0063,1,0.2,298.71,238.97,153.18,85.79,COD,Delivered,2.0,Kitchen Product 63,Home & Kitchen,Kitchen,273.62,Customer 1045,East,Patna,2024-02-04,2025,4,Apr
ORD004922,2025-03-08,CUST01169,PROD0001,2,0.2,373.7,597.92,457.41,140.51,Credit Card,Cancelled,,Kitchen Product 1,Home & Kitchen,Kitchen,394.25,Customer 1169,West,Surat,2025-04-13,2025,3,Mar
ORD004923,2025-08-30,CUST01170,PROD0071,1,0.0,36.39,36.39,23.11,13.28,UPI,Delivered,3.0,Footwear Product 71,Fashion,Footwear,32.71,Customer 1170,East,Kolkata,2025-03-14,2025,8,Aug
ORD004924,2025-10-26,CUST00441,PROD0090,2,0.0,181.35,362.7,255.74,106.96,Credit Card,Delivered,6.0,Outdoor Product 90,Sports,Outdoor,164.49,Customer 441,Central,Kanpur,2025-01-14,2025,10,Oct
ORD004925,2025-08-01,CUST00887,PROD0111,1,0.2,70.89,56.71,34.4,22.31,Credit Card,Delivered,7.0,Fiction Product 111,Books,Fiction,64.59,Customer 887,South,Kochi,2023-05-16,2025,8,Aug
ORD004926,2025-11-04,CUST00421,PROD0103,1,0.0,37.41,37.41,25.16,12.25,Net Banking,Delivered,8.0,Women Product 103,Fashion,Women,39.19,Customer 421,East,Patna,2023-05-28,2025,11,Nov
ORD004927,2025-04-11,CUST01340,PROD0019,3,0.1,210.82,569.21,340.82,228.39,Credit Card,Delivered,5.0,Decor Product 19,Home & Kitchen,Decor,213.84,Customer 1340,North,Delhi,2023-11-23,2025,4,Apr
ORD004928,2025-02-25,CUST01190,PROD0052,2,0.1,62.71,112.88,73.15,39.73,Credit Card,Delivered,2.0,Self Help Product 52,Books,Self Help,58.02,Customer 1190,North,Jaipur,2023-02-14,2025,2,Feb
ORD004929,2025-11-28,CUST01227,PROD0118,1,0.2,141.6,113.28,83.79,29.49,COD,Delivered,1.0,Kitchen Product 118,Home & Kitchen,Kitchen,130.92,Customer 1227,South,Kochi,2023-03-12,2025,11,Nov
ORD004930,2025-11-20,CUST00468,PROD0030,2,0.1,356.14,641.05,524.32,116.73,COD,Delivered,5.0,Decor Product 30,Home & Kitchen,Decor,335.65,Customer 468,West,Mumbai,2023-10-28,2025,11,Nov
ORD004931,2025-08-27,CUST00713,PROD0107,4,0.05,202.57,769.77,493.54,276.23,UPI,Delivered,6.0,Equipment Product 107,Sports,Equipment,200.64,Customer 713,North,Jaipur,2023-08-23,2025,8,Aug
ORD004932,2025-08-19,CUST00385,PROD0055,2,0.25,282.6,423.9,294.02,129.88,Debit Card,Delivered,2.0,Fitness Product 55,Sports,Fitness,287.69,Customer 385,North,Chandigarh,2023-11-18,2025,8,Aug
ORD004933,2025-12-28,CUST00314,PROD0014,2,0.0,142.78,285.56,196.33,89.23,UPI,Delivered,7.0,Accessories Product 14,Electronics,Accessories,128.33,Customer 314,Central,Bhopal,2023-07-25,2025,12,Dec
ORD004934,2025-04-02,CUST00771,PROD0013,2,0.05,729.19,1385.46,864.8,520.66,Debit Card,Cancelled,,Laptops Product 13,Electronics,Laptops,769.31,Customer 771,South,Kochi,2024-03-26,2025,4,Apr
ORD004935,2025-10-06,CUST01279,PROD0084,1,0.0,21.96,21.96,15.95,6.01,Debit Card,Delivered,2.0,Fiction Product 84,Books,Fiction,23.65,Customer 1279,West,Surat,2024-10-03,2025,10,Oct
ORD004936,2025-04-19,CUST00959,PROD0090,2,0.25,151.63,227.44,171.47,55.97,UPI,Returned,2.0,Outdoor Product 90,Sports,Outdoor,164.49,Customer 959,South,Chennai,2025-01-05,2025,4,Apr
ORD004937,2025-11-13,CUST00917,PROD0027,3,0.15,463.37,1181.59,727.07,454.52,COD,Delivered,1.0,Decor Product 27,Home & Kitchen,Decor,431.04,Customer 917,West,Ahmedabad,2025-06-17,2025,11,Nov
ORD004938,2025-06-17,CUST00023,PROD0089,2,0.0,436.03,872.06,664.26,207.8,UPI,Delivered,2.0,Kitchen Product 89,Home & Kitchen,Kitchen,468.17,Customer 23,Central,Indore,2025-04-14,2025,6,Jun
ORD004939,2025-10-27,CUST00339,PROD0009,1,0.15,310.0,263.5,197.11,66.39,Debit Card,Delivered,5.0,Furniture Product 9,Home & Kitchen,Furniture,301.64,Customer 339,South,Bengaluru,2025-04-25,2025,10,Oct
ORD004940,2025-08-06,CUST00823,PROD0041,2,0.05,388.26,737.69,462.8,274.89,Net Banking,Delivered,2.0,Accessories Product 41,Electronics,Accessories,390.82,Customer 823,South,Kochi,2024-03-10,2025,8,Aug
ORD004941,2025-08-10,CUST00366,PROD0048,1,0.25,104.03,78.02,57.4,20.62,UPI,Delivered,4.0,Fragrance Product 48,Beauty,Fragrance,109.58,Customer 366,West,Mumbai,2024-02-07,2025,8,Aug
ORD004942,2025-06-10,CUST01396,PROD0012,4,0.05,324.71,1233.9,832.24,401.66,UPI,Delivered,4.0,Audio Product 12,Electronics,Audio,304.0,Customer 1396,West,Pune,2024-06-27,2025,6,Jun
ORD004943,2025-01-16,CUST00915,PROD0010,4,0.15,827.34,2812.96,2091.36,721.6,UPI,Delivered,6.0,Smartphones Product 10,Electronics,Smartphones,888.66,Customer 915,West,Mumbai,2024-02-04,2025,1,Jan
ORD004944,2025-10-05,CUST01243,PROD0006,3,0.1,77.3,208.71,145.9,62.81,Net Banking,Delivered,4.0,Decor Product 6,Home & Kitchen,Decor,78.58,Customer 1243,East,Kolkata,2024-09-29,2025,10,Oct
ORD004945,2025-02-26,CUST00475,PROD0114,3,0.0,567.85,1703.55,1007.74,695.81,Net Banking,Delivered,4.0,Audio Product 114,Electronics,Audio,550.01,Customer 475,South,Hyderabad,2025-06-15,2025,2,Feb
ORD004946,2025-03-03,CUST01447,PROD0034,1,0.2,105.55,84.44,64.92,19.52,UPI,Delivered,6.0,Accessories Product 34,Fashion,Accessories,105.5,Customer 1447,Central,Kanpur,2023-08-17,2025,3,Mar
ORD004947,2025-12-29,CUST01380,PROD0052,1,0.0,56.39,56.39,40.23,16.16,UPI,Delivered,3.0,Self Help Product 52,Books,Self Help,58.02,Customer 1380,Central,Kanpur,2024-02-16,2025,12,Dec
ORD004948,2025-11-23,CUST01484,PROD0041,2,0.1,431.93,777.47,586.17,191.3,Credit Card,Delivered,2.0,Accessories Product 41,Electronics,Accessories,390.82,Customer 1484,East,Ranchi,2024-01-19,2025,11,Nov
ORD004949,2025-08-30,CUST00027,PROD0083,1,0.15,45.65,38.8,23.68,15.12,Debit Card,Delivered,6.0,Business Product 83,Books,Business,41.27,Customer 27,South,Hyderabad,2024-11-05,2025,8,Aug
ORD004950,2025-03-31,CUST00942,PROD0006,1,0.1,78.83,70.95,53.43,17.52,Credit Card,Returned,1.0,Decor Product 6,Home & Kitchen,Decor,78.58,Customer 942,South,Chennai,2025-01-03,2025,3,Mar
ORD004951,2025-03-13,CUST00802,PROD0002,1,0.0,29.84,29.84,20.27,9.57,Credit Card,Delivered,2.0,Decor Product 2,Home & Kitchen,Decor,29.88,Customer 802,East,Kolkata,2024-08-20,2025,3,Mar
ORD004952,2025-11-22,CUST00801,PROD0015,2,0.25,115.29,172.94,133.48,39.46,UPI,Cancelled,,Kitchen Product 15,Home & Kitchen,Kitchen,117.47,Customer 801,East,Kolkata,2024-05-19,2025,11,Nov
ORD004953,2025-01-30,CUST00860,PROD0017,1,0.0,16.53,16.53,11.96,4.57,Credit Card,Delivered,3.0,Equipment Product 17,Sports,Equipment,15.15,Customer 860,West,Mumbai,2024-07-27,2025,1,Jan
ORD004954,2025-12-25,CUST01247,PROD0016,1,0.1,210.71,189.64,126.14,63.5,UPI,Delivered,4.0,Women Product 16,Fashion,Women,203.86,Customer 1247,Central,Nagpur,2023-08-24,2025,12,Dec
ORD004955,2025-10-15,CUST00864,PROD0028,3,0.15,15.42,39.32,24.71,14.61,UPI,Delivered,2.0,Equipment Product 28,Sports,Equipment,16.44,Customer 864,East,Patna,2025-06-02,2025,10,Oct
ORD004956,2025-03-27,CUST00690,PROD0085,2,0.2,171.7,274.72,213.13,61.59,UPI,Delivered,3.0,Makeup Product 85,Beauty,Makeup,157.43,Customer 690,Central,Indore,2024-10-14,2025,3,Mar
ORD004957,2025-08-22,CUST01172,PROD0072,1,0.1,16.44,14.8,10.57,4.23,Credit Card,Delivered,5.0,Technology Product 72,Books,Technology,16.01,Customer 1172,West,Mumbai,2024-06-21,2025,8,Aug
ORD004958,2025-08-23,CUST01448,PROD0010,4,0.05,891.43,3387.43,2767.5,619.93,UPI,Delivered,4.0,Smartphones Product 10,Electronics,Smartphones,888.66,Customer 1448,West,Pune,2024-05-11,2025,8,Aug
ORD004959,2025-11-09,CUST00739,PROD0010,2,0.15,877.62,1491.95,999.07,492.88,Credit Card,Delivered,4.0,Smartphones Product 10,Electronics,Smartphones,888.66,Customer 739,East,Bhubaneswar,2023-05-17,2025,11,Nov
ORD004960,2025-12-31,CUST01375,PROD0114,2,0.0,516.95,1033.9,769.81,264.09,Credit Card,Delivered,2.0,Audio Product 114,Electronics,Audio,550.01,Customer 1375,East,Bhubaneswar,2023-04-30,2025,12,Dec
ORD004961,2025-09-22,CUST01210,PROD0010,4,0.0,987.6,3950.4,2881.73,1068.67,Net Banking,Delivered,3.0,Smartphones Product 10,Electronics,Smartphones,888.66,Customer 1210,East,Kolkata,2024-08-29,2025,9,Sep
ORD004962,2025-10-14,CUST00415,PROD0073,3,0.2,10.02,24.05,17.63,6.42,Credit Card,Delivered,2.0,Business Product 73,Books,Business,9.38,Customer 415,Central,Bhopal,2023-08-07,2025,10,Oct
ORD004963,2025-11-23,CUST00982,PROD0028,4,0.1,15.56,56.02,42.4,13.62,UPI,Delivered,3.0,Equipment Product 28,Sports,Equipment,16.44,Customer 982,West,Pune,2024-01-23,2025,11,Nov
ORD004964,2025-09-26,CUST00429,PROD0024,1,0.0,288.24,288.24,176.8,111.44,COD,Delivered,4.0,Equipment Product 24,Sports,Equipment,281.97,Customer 429,Central,Kanpur,2023-11-05,2025,9,Sep
ORD004965,2025-07-05,CUST00041,PROD0019,1,0.1,220.49,198.44,141.27,57.17,UPI,Delivered,4.0,Decor Product 19,Home & Kitchen,Decor,213.84,Customer 41,East,Kolkata,2023-03-23,2025,7,Jul
ORD004966,2025-05-11,CUST00905,PROD0097,2,0.0,56.58,113.16,79.46,33.7,UPI,Delivered,6.0,Self Help Product 97,Books,Self Help,59.33,Customer 905,North,Jaipur,2024-06-24,2025,5,May
ORD004967,2025-10-18,CUST01012,PROD0068,2,0.0,98.59,197.18,130.57,66.61,COD,Delivered,1.0,Kitchen Product 68,Home & Kitchen,Kitchen,98.06,Customer 1012,North,Jaipur,2023-02-25,2025,10,Oct
ORD004968,2025-10-04,CUST01417,PROD0056,4,0.0,88.02,352.08,241.06,111.02,Credit Card,Delivered,3.0,Women Product 56,Fashion,Women,83.9,Customer 1417,West,Mumbai,2024-08-18,2025,10,Oct
ORD004969,2025-11-16,CUST00703,PROD0067,3,0.15,188.49,480.65,338.63,142.02,Debit Card,Returned,4.0,Furniture Product 67,Home & Kitchen,Furniture,192.97,Customer 703,North,Jaipur,2024-10-07,2025,11,Nov
ORD004970,2025-12-17,CUST00079,PROD0042,3,0.15,265.59,677.25,444.97,232.28,UPI,Delivered,4.0,Accessories Product 42,Electronics,Accessories,269.27,Customer 79,South,Chennai,2023-11-23,2025,12,Dec
ORD004971,2025-06-29,CUST00717,PROD0012,1,0.1,287.1,258.39,168.05,90.34,UPI,Delivered,1.0,Audio Product 12,Electronics,Audio,304.0,Customer 717,East,Ranchi,2024-10-11,2025,6,Jun
ORD004972,2025-10-17,CUST00544,PROD0018,1,0.0,220.94,220.94,167.29,53.65,UPI,Delivered,2.0,Furniture Product 18,Home & Kitchen,Furniture,220.36,Customer 544,Central,Bhopal,2023-10-02,2025,10,Oct
ORD004973,2025-06-12,CUST01474,PROD0023,1,0.15,80.63,68.54,40.85,27.69,Credit Card,Delivered,5.0,Equipment Product 23,Sports,Equipment,77.77,Customer 1474,Central,Bhopal,2024-04-11,2025,6,Jun
ORD004974,2025-09-28,CUST00474,PROD0084,1,0.05,22.31,21.19,13.88,7.31,UPI,Delivered,4.0,Fiction Product 84,Books,Fiction,23.65,Customer 474,Central,Kanpur,2023-03-24,2025,9,Sep
ORD004975,2025-04-06,CUST01166,PROD0006,2,0.1,81.96,147.53,108.71,38.82,UPI,Delivered,3.0,Decor Product 6,Home & Kitchen,Decor,78.58,Customer 1166,South,Kochi,2025-04-13,2025,4,Apr
ORD004976,2025-09-19,CUST01275,PROD0053,1,0.2,22.78,18.22,11.48,6.74,UPI,Delivered,6.0,Self Help Product 53,Books,Self Help,22.79,Customer 1275,South,Bengaluru,2025-06-13,2025,9,Sep
ORD004977,2025-12-31,CUST00294,PROD0098,4,0.1,129.93,467.75,335.54,132.21,Debit Card,Delivered,1.0,Fragrance Product 98,Beauty,Fragrance,123.08,Customer 294,East,Ranchi,2024-04-27,2025,12,Dec
ORD004978,2025-12-19,CUST00610,PROD0042,1,0.1,264.68,238.21,155.44,82.77,COD,Delivered,6.0,Accessories Product 42,Electronics,Accessories,269.27,Customer 610,South,Hyderabad,2025-04-15,2025,12,Dec
ORD004979,2025-10-15,CUST00136,PROD0066,2,0.25,37.99,56.98,44.58,12.4,Debit Card,Delivered,1.0,Self Help Product 66,Books,Self Help,36.75,Customer 136,East,Ranchi,2025-01-30,2025,10,Oct
ORD004980,2025-03-24,CUST00484,PROD0030,2,0.1,349.94,629.89,418.25,211.64,Debit Card,Delivered,4.0,Decor Product 30,Home & Kitchen,Decor,335.65,Customer 484,North,Chandigarh,2023-06-25,2025,3,Mar
ORD004981,2025-08-13,CUST01336,PROD0009,1,0.1,319.17,287.25,182.43,104.82,UPI,Delivered,4.0,Furniture Product 9,Home & Kitchen,Furniture,301.64,Customer 1336,North,Delhi,2024-03-03,2025,8,Aug
ORD004982,2025-08-11,CUST00814,PROD0091,2,0.1,41.17,74.11,52.41,21.7,UPI,Delivered,4.0,Technology Product 91,Books,Technology,38.43,Customer 814,West,Surat,2024-03-04,2025,8,Aug
ORD004983,2025-04-28,CUST00555,PROD0042,2,0.0,255.07,510.14,312.49,197.65,UPI,Delivered,1.0,Accessories Product 42,Electronics,Accessories,269.27,Customer 555,West,Mumbai,2024-08-25,2025,4,Apr
ORD004984,2025-07-11,CUST00046,PROD0034,3,0.15,117.43,299.45,230.99,68.46,Credit Card,Delivered,4.0,Accessories Product 34,Fashion,Accessories,105.5,Customer 46,Central,Nagpur,2023-06-03,2025,7,Jul
ORD004985,2025-03-20,CUST01260,PROD0040,2,0.15,294.7,500.99,372.34,128.65,Debit Card,Delivered,2.0,Appliances Product 40,Home & Kitchen,Appliances,270.68,Customer 1260,North,Chandigarh,2024-06-23,2025,3,Mar
ORD004986,2025-03-19,CUST01072,PROD0088,2,0.0,84.34,168.68,129.03,39.65,COD,Delivered,2.0,Accessories Product 88,Fashion,Accessories,81.69,Customer 1072,West,Mumbai,2024-12-09,2025,3,Mar
ORD004987,2025-05-27,CUST00198,PROD0113,2,0.0,527.77,1055.54,713.26,342.28,Net Banking,Delivered,2.0,Smartphones Product 113,Electronics,Smartphones,480.63,Customer 198,South,Hyderabad,2023-01-10,2025,5,May
ORD004988,2025-04-17,CUST00084,PROD0017,1,0.25,15.1,11.32,8.83,2.49,UPI,Delivered,4.0,Equipment Product 17,Sports,Equipment,15.15,Customer 84,Central,Nagpur,2024-04-06,2025,4,Apr
ORD004989,2025-09-28,CUST00543,PROD0029,4,0.1,52.22,187.99,131.3,56.69,Net Banking,Delivered,3.0,Women Product 29,Fashion,Women,56.34,Customer 543,West,Pune,2024-09-30,2025,9,Sep
ORD004990,2025-09-01,CUST01185,PROD0100,1,0.0,112.09,112.09,67.56,44.53,Credit Card,Delivered,2.0,Men Product 100,Fashion,Men,105.21,Customer 1185,East,Ranchi,2024-03-14,2025,9,Sep
ORD004991,2025-03-14,CUST01452,PROD0050,2,0.05,105.32,200.11,126.82,73.29,UPI,Delivered,3.0,Smartphones Product 50,Electronics,Smartphones,95.0,Customer 1452,North,Delhi,2023-09-29,2025,3,Mar
ORD004992,2025-12-23,CUST00071,PROD0076,1,0.1,102.08,91.87,68.96,22.91,Credit Card,Delivered,1.0,Women Product 76,Fashion,Women,107.18,Customer 71,Central,Nagpur,2024-08-10,2025,12,Dec
ORD004993,2025-12-20,CUST00520,PROD0095,1,0.0,39.16,39.16,31.14,8.02,Credit Card,Delivered,4.0,Business Product 95,Books,Business,37.34,Customer 520,East,Patna,2024-03-11,2025,12,Dec
ORD004994,2025-01-26,CUST00898,PROD0049,4,0.0,443.23,1772.92,1068.8,704.12,Debit Card,Delivered,4.0,Decor Product 49,Home & Kitchen,Decor,409.38,Customer 898,East,Kolkata,2024-05-14,2025,1,Jan
ORD004995,2025-07-29,CUST00913,PROD0073,3,0.15,10.33,26.34,20.74,5.6,UPI,Delivered,3.0,Business Product 73,Books,Business,9.38,Customer 913,Central,Nagpur,2024-03-17,2025,7,Jul
ORD004996,2025-04-02,CUST01076,PROD0061,1,0.15,85.14,72.37,55.85,16.52,UPI,Delivered,6.0,Outdoor Product 61,Sports,Outdoor,87.3,Customer 1076,Central,Kanpur,2023-12-05,2025,4,Apr
ORD004997,2025-05-05,CUST01069,PROD0083,2,0.05,39.03,74.16,49.36,24.8,UPI,Delivered,4.0,Business Product 83,Books,Business,41.27,Customer 1069,West,Surat,2023-12-21,2025,5,May
ORD004998,2025-03-14,CUST00293,PROD0046,4,0.0,115.99,463.96,345.85,118.11,UPI,Delivered,6.0,Accessories Product 46,Electronics,Accessories,119.63,Customer 293,North,Delhi,2025-04-11,2025,3,Mar
ORD004999,2025-05-03,CUST00938,PROD0046,2,0.1,123.88,222.98,139.33,83.65,COD,Delivered,4.0,Accessories Product 46,Electronics,Accessories,119.63,Customer 938,Central,Nagpur,2023-02-09,2025,5,May
ORD005000,2025-11-05,CUST00812,PROD0017,2,0.05,16.72,31.77,24.63,7.14,COD,Delivered,3.0,Equipment Product 17,Sports,Equipment,15.15,Customer 812,East,Patna,2023-12-05,2025,11,Nov
